eps_ms,topology,bidder_count,mechanism,n_instances,feasible_fraction_mean,feasible_fraction_ci_low,feasible_fraction_ci_high,feasible_fraction_n,feasible_opt_coverage_mean,feasible_opt_coverage_ci_low,feasible_opt_coverage_ci_high,feasible_opt_coverage_n,welfare_ratio_mean,welfare_ratio_ci_low,welfare_ratio_ci_high,welfare_ratio_n,welfare_ratio_all_mean,welfare_ratio_all_ci_low,welfare_ratio_all_ci_high,welfare_ratio_all_n,welfare_ratio_feasible_mean,welfare_ratio_feasible_ci_low,welfare_ratio_feasible_ci_high,welfare_ratio_feasible_n,revenue_ratio_mean,revenue_ratio_ci_low,revenue_ratio_ci_high,revenue_ratio_n,revenue_ratio_all_mean,revenue_ratio_all_ci_low,revenue_ratio_all_ci_high,revenue_ratio_all_n,revenue_ratio_feasible_mean,revenue_ratio_feasible_ci_low,revenue_ratio_feasible_ci_high,revenue_ratio_feasible_n,compute_time_s_mean,compute_time_s_ci_low,compute_time_s_ci_high,compute_time_s_n,clearing_latency_ms_mean,clearing_latency_ms_ci_low,clearing_latency_ms_ci_high,clearing_latency_ms_n,effective_welfare_mean,effective_welfare_ci_low,effective_welfare_ci_high,effective_welfare_n,clique_number_w_mean,clique_number_w_ci_low,clique_number_w_ci_high,clique_number_w_n
0.0,DSN-30,10,BatchVCG_B10ms,3500,0.9323142857142859,0.929657142857143,0.9349428571428572,3500,0.9921279370118621,0.9907781732209274,0.993385648946007,3500,0.5394075412861802,0.5290355528451777,0.5496846017755687,3500,0.5394075412861802,0.529195416652746,0.5496651591245016,3500,0.5437413559995011,0.5333965887331559,0.5543438582827181,3500,6.629335880221196e-05,0.0,0.0001988800764066359,3500,6.629335880221196e-05,0.0,0.0001988800764066359,3500,6.629335880221196e-05,0.0,0.0001988800764066359,3500,7.552150636911392e-07,7.525682116725615e-07,7.583421854568379e-07,3500,238209.86653008734,231546.03861293147,244730.95074484267,3500,23.330970023388275,20.129345745841746,26.742462195569747,3500,9.323142857142857,9.296,9.350285714285715,3500
0.0,DSN-30,10,BatchVCG_B1ms,3500,0.9323142857142859,0.9296000000000001,0.9349428571428572,3500,0.9921279370118621,0.9908184748229979,0.9934116941188955,3500,0.5393856832692825,0.5291745433228315,0.549802521191115,3500,0.5393856832692825,0.5291580072941772,0.5495645275641997,3500,0.5437194979826034,0.5333525846862764,0.5543899571948776,3500,0.0,0.0,0.0,3500,0.0,0.0,0.0,3500,0.0,0.0,0.0,3500,8.095835468598774e-07,8.055429240422589e-07,8.145828398742847e-07,3500,238200.86658445583,231585.3372574366,244865.58678819326,3500,23.351977246977253,20.14439210282698,26.836279058884728,3500,9.323142857142857,9.295714285714286,9.349714285714287,3500
0.0,DSN-30,10,BatchVCG_B20ms,3500,0.9323142857142859,0.9295428571428573,0.9350000000000002,3500,0.9921279370118621,0.990798667478379,0.9933780965102836,3500,0.5394075412861802,0.5289533455816944,0.5497430507359805,3500,0.5394075412861802,0.5291281030133598,0.5500186080101654,3500,0.5437413559995011,0.5331821589170403,0.5538462447165614,3500,6.629335880221196e-05,0.0,0.0001988800764066359,3500,6.629335880221196e-05,0.0,0.0001988800764066359,3500,6.629335880221196e-05,0.0,0.0001988800764066359,3500,7.83193324293409e-07,7.809198261903865e-07,7.856285465615136e-07,3500,238219.8665580656,231460.76287278903,244865.48868266083,3500,23.307650667236985,20.1115883820547,26.659511267070826,3500,9.323142857142857,9.296,9.349714285714287,3500
0.0,DSN-30,10,BatchVCG_B50ms,3500,0.9323142857142859,0.929657142857143,0.9349714285714287,3500,0.9921279370118621,0.9907846388075355,0.9933916896441873,3500,0.5394078377845901,0.5291253874825551,0.5497961498226989,3500,0.5394078377845901,0.529162741632604,0.5498457782055823,3500,0.5437416524979111,0.5333506889416887,0.5540619222923517,3500,0.0003204564768598191,0.0,0.0008950760717772452,3500,0.0003204564768598191,0.0,0.0009613694305794572,3500,0.0003204564768598191,0.0,0.0009613694305794572,3500,7.4808911553451e-07,7.403053875480379e-07,7.579347983534847e-07,3500,238249.8665229614,231533.2867604006,244925.41262071813,3500,23.2378325926891,20.125346331719772,26.50554435194321,3500,9.323142857142857,9.295428571428571,9.350285714285715,3500
0.0,DSN-30,10,BatchVCG_B5ms,3500,0.9323142857142859,0.9296285714285715,0.9349428571428572,3500,0.9921279370118621,0.9907931199167762,0.9934150138219477,3500,0.5393856832692825,0.5288096835353717,0.5497331944611297,3500,0.5393856832692825,0.5288866277236618,0.5495815394197935,3500,0.5437194979826034,0.5334277149532123,0.5542553219972833,3500,0.0,0.0,0.0,3500,0.0,0.0,0.0,3500,0.0,0.0,0.0,3500,7.700470409223011e-07,7.652938232890196e-07,7.76010612025857e-07,3500,238204.86654491932,231647.34616516397,244649.45237313394,3500,23.342638394916513,20.134403517726252,26.63655752841602,3500,9.323142857142857,9.295707142857143,9.35,3500
0.0,DSN-30,10,FastVCG,3500,0.9323142857142859,0.9296000000000001,0.9349714285714287,3500,0.9921279370118621,0.9908093079325028,0.993372426681576,3500,0.5393856832692825,0.5288424371934821,0.5497177534748489,3500,0.5393856832692825,0.5290389492707178,0.5496243703170784,3500,0.5437194979826034,0.5335844205706051,0.5541557220112516,3500,0.0,0.0,0.0,3500,0.0,0.0,0.0,3500,0.0,0.0,0.0,3500,8.090939372777939e-07,8.029474211590631e-07,8.173021221799509e-07,3500,238199.86658396624,231595.85952304382,244714.65212237477,3500,23.354312556199265,20.22533510088904,26.63370572384355,3500,9.323142857142857,9.295714285714286,9.349714285714287,3500
0.0,DSN-30,10,HoldBack,3500,0.9323142857142859,0.9295714285714286,0.9350000000000002,3500,0.9921279370118621,0.9908115801896838,0.9933688756903962,3500,0.9921279370118621,0.9908229814966254,0.9933805243303347,3500,0.9921279370118621,0.9907711391821024,0.9933905302001325,3500,1.0,1.0,1.0,3500,0.8850962586814223,0.8815738467287041,0.8885087397393553,3500,0.8850962586814223,0.8816456930875217,0.8885502200579806,3500,0.8920241211514026,0.8886896442360404,0.8952458117191309,3500,7.944452975477491e-07,7.893789426556655e-07,8.006753266922065e-07,3500,1192604.1212016852,1192011.7812063058,1193158.6269236158,3500,4.855729533221279e-40,1.607112503905625e-42,1.4283469923699523e-39,3500,9.323142857142857,9.296285714285714,9.34972142857143,3500
0.0,DSN-30,10,LIA_lambda0.5_per_s,3500,0.9323142857142859,0.9296278571428571,0.9349721428571429,3500,0.9921279370118621,0.9908025606733523,0.9934165203796438,3500,0.768971441315592,0.7602447004103233,0.7776469235958273,3500,0.768971441315592,0.7603786853328911,0.77774484804826,3500,0.7748997105901989,0.7662347725555836,0.7832863718603368,3500,0.44800628692196826,0.43743718620380795,0.45845618777692215,3500,0.44800628692196826,0.4373898145915641,0.45853034616558885,3500,0.4509380304508521,0.44026050877275935,0.4614661922095145,3500,2.5960345353399006e-06,2.5784324521997144e-06,2.620574512651988e-06,3500,1189545.0799420178,1188418.453157717,1190592.1658181895,3500,1.8836240261577895e-32,8.344864331324174e-38,5.577189169589059e-32,3500,9.323142857142857,9.296285714285714,9.350285714285715,3500
0.0,DSN-30,10,LIA_lambda1_per_s,3500,0.9323142857142859,0.9295428571428573,0.9350007142857144,3500,0.9921279370118621,0.9907946207982316,0.9934289526327427,3500,0.7686703944566013,0.759918151359523,0.7772267746499928,3500,0.7686703944566013,0.760008615607585,0.7772611592232536,3500,0.7745986637312081,0.7658970728777258,0.7830420126871619,3500,0.4465271189115018,0.43600029808865276,0.45725566230840525,3500,0.4465271189115018,0.4357002785927011,0.4572487575856362,3500,0.44944123984102635,0.43875484290813044,0.46018825002393016,3500,2.4978103382246836e-06,2.4889248090663126e-06,2.507478617397802e-06,3500,1189545.0798437935,1188425.1215891559,1190609.221309171,3500,1.8836240265532778e-32,8.476151817252841e-38,5.570035511490533e-32,3500,9.323142857142857,9.296,9.35,3500
0.0,DSN-30,10,LIA_lambda2_per_s,3500,0.9323142857142859,0.9295714285714286,0.9349428571428572,3500,0.9921279370118621,0.9908229970501405,0.9933690004325643,3500,0.7682533359887714,0.7595434553718856,0.776709123679612,3500,0.7682533359887714,0.7593719123501219,0.7768575489466825,3500,0.7741810019662995,0.765357093667235,0.7826853168973145,3500,0.44528278933111326,0.4347518772089413,0.4557949576760734,3500,0.44528278933111326,0.4345587559594306,0.45594819532364506,3500,0.44818543393076404,0.4376970506084317,0.4589624554548518,3500,2.4678861456257957e-06,2.4591347668319943e-06,2.4774139347885336e-06,3500,1189545.0798138694,1188408.2659971463,1190611.3569225702,3500,1.883624026741136e-32,8.305277946224286e-38,5.592025773826758e-32,3500,9.323142857142857,9.296,9.35,3500
0.0,DSN-30,10,SyncVCG,3500,0.9323142857142859,0.9295714285714287,0.9349714285714286,3500,0.9921279370118621,0.9907929471235565,0.993403499774236,3500,0.9921279370118621,0.9907824192214211,0.9934342481161227,3500,0.9921279370118621,0.9907844252652303,0.9933949301571086,3500,1.0,1.0,1.0,3500,0.8850962586814223,0.8815938530862681,0.8884623022933746,3500,0.8850962586814223,0.881596928535144,0.888619072011587,3500,0.8920241211514026,0.8887678299224568,0.8952582259185716,3500,1.2113286980560847e-06,1.193176010357482e-06,1.2298465839454105e-06,3500,1192604.1216185687,1191996.3253490229,1193172.9964252065,3500,4.855729337277394e-40,1.4890312270753882e-42,1.4267848742664291e-39,3500,9.323142857142857,9.296,9.349428571428572,3500
0.0,DSN-30,20,BatchVCG_B10ms,3500,0.9300714285714285,0.9281999999999999,0.9319571428571428,3500,0.9959757348997854,0.9953078544632725,0.996615957896298,3500,0.5258429850866387,0.5159145767522135,0.5359676449421328,3500,0.5258429850866387,0.5158947175257794,0.5359954807352929,3500,0.5280125871465032,0.5183389292594275,0.5379594216340248,3500,0.0001462901926962555,0.0,0.0004388705780887665,3500,0.0001462901926962555,0.0,0.0004388705780887665,3500,0.0001462901926962555,0.0,0.0004388705780887665,3500,1.0386963507958821e-06,1.0348214634827205e-06,1.0432835468756301e-06,3500,134327.49833481127,130297.95103668002,138447.07679294594,3500,31.700526351368605,28.584448050518315,34.999435068105875,3500,18.60142857142857,18.56342857142857,18.638,3500
0.0,DSN-30,20,BatchVCG_B1ms,3500,0.9300714285714285,0.9281714285714285,0.931914642857143,3500,0.9959757348997854,0.9953166782526451,0.9965979436070316,3500,0.5258429850866387,0.5160185837159388,0.5357364206393216,3500,0.5258429850866387,0.5157158581918158,0.5359046539995113,3500,0.5280125871465032,0.5181087949807996,0.537868783543033,3500,0.0,0.0,0.0,3500,0.0,0.0,0.0,3500,0.0,0.0,0.0,3500,1.0833663067647389e-06,1.080467990998711e-06,1.0867852651114974e-06,3500,134318.49837948126,130321.7281143988,138400.1080256374,3500,31.72906951726082,28.544693008195047,35.04978439166381,3500,18.60142857142857,18.564285714285713,18.638857142857145,3500
0.0,DSN-30,20,BatchVCG_B20ms,3500,0.9300714285714285,0.9281999999999999,0.9319432142857144,3500,0.9959757348997854,0.9953031034681005,0.9966051757042566,3500,0.5258429850866387,0.5158850009136948,0.5356428611333378,3500,0.5258429850866387,0.5156805035023244,0.5354982870789121,3500,0.5280125871465032,0.518056778464011,0.5379199116736006,3500,0.0001462901926962555,0.0,0.0004388705780887665,3500,0.0001462901926962555,0.0,0.0004388705780887665,3500,0.0001462901926962555,0.0,0.0004388705780887665,3500,1.0633934289216995e-06,1.0559187536793095e-06,1.073330793795841e-06,3500,134337.49835950838,130350.10882334894,138357.94215368092,3500,31.66884160692412,28.513059481408252,34.98489573346461,3500,18.60142857142857,18.563714285714287,18.638857142857145,3500
0.0,DSN-30,20,BatchVCG_B50ms,3500,0.9300714285714285,0.9282285714285714,0.9319285714285714,3500,0.9959757348997854,0.9953043162232139,0.9966203536154163,3500,0.5258477672973807,0.515898908546615,0.5357164942501599,3500,0.5258477672973807,0.5160235472192454,0.5355925380400762,3500,0.5280176834348659,0.5182958223244243,0.5377546122539733,3500,0.00036221841226289785,0.0,0.0008364159482929749,3500,0.00036221841226289785,0.0,0.0008283859203252589,3500,0.00036904539802960724,0.0,0.000848866877625387,3500,1.0273709361042294e-06,1.0242357650505646e-06,1.031207905283996e-06,3500,134367.4983234859,130445.71255021398,138382.668269337,3500,31.573977550858874,28.438976776392433,34.83455767715992,3500,18.60142857142857,18.564,18.639142857142858,3500
0.0,DSN-30,20,BatchVCG_B5ms,3500,0.9300714285714285,0.9281999999999999,0.9319142857142857,3500,0.9959757348997854,0.9953067586237008,0.9966098268021885,3500,0.5258429850866387,0.5159102745499219,0.5357840675456099,3500,0.5258429850866387,0.5157998977899395,0.5357508172759665,3500,0.5280125871465032,0.517943801816517,0.5378448497703392,3500,0.0,0.0,0.0,3500,0.0,0.0,0.0,3500,0.0,0.0,0.0,3500,1.0520480573177337e-06,1.0460174043795892e-06,1.0593959729054145e-06,3500,134322.498348163,130321.44335146215,138402.0569593842,3500,31.716380446685026,28.54042520630551,34.95167533578282,3500,18.60142857142857,18.562857142857144,18.638,3500
0.0,DSN-30,20,FastVCG,3500,0.9300714285714285,0.9281285714285714,0.9319428571428571,3500,0.9959757348997854,0.9953097582140659,0.9966040435051114,3500,0.5258429850866387,0.5158218146391134,0.5355880403514642,3500,0.5258429850866387,0.5158651546881751,0.535839565761145,3500,0.5280125871465032,0.5179224328223453,0.5379731336702651,3500,0.0,0.0,0.0,3500,0.0,0.0,0.0,3500,0.0,0.0,0.0,3500,1.0891229446445193e-06,1.0860511767012732e-06,1.0929353934313571e-06,3500,134317.4983852379,130282.07658763534,138346.22857938227,3500,31.732242560098264,28.59442778299088,35.0186336896724,3500,18.60142857142857,18.563714285714287,18.638571428571428,3500
0.0,DSN-30,20,HoldBack,3500,0.9300714285714285,0.9281857142857142,0.9319428571428571,3500,0.9959757348997854,0.9953264516019632,0.9966145845412601,3500,0.9959757348997854,0.9952980504331408,0.9966124330387732,3500,0.9959757348997854,0.9952995405827133,0.9966089266399161,3500,1.0,1.0,1.0,3500,0.9412514623396465,0.9393489191593098,0.9431413632542547,3500,0.9412514623396465,0.9393660656896313,0.9431350629310192,3500,0.9450152512374789,0.9432102496655286,0.9467551015866568,3500,1.2887325137853623e-06,1.2846744619309902e-06,1.2932351125138145e-06,3500,1195222.7645909372,1195179.3175811714,1195254.6612624456,3500,1.219716774953223e-49,1.1693868285715535e-49,1.2924616422372052e-49,3500,18.60142857142857,18.563714285714287,18.63857857142857,3500
0.0,DSN-30,20,LIA_lambda0.5_per_s,3500,0.9300714285714285,0.9281857142857142,0.9319285714285714,3500,0.9959757348997854,0.9953103064924574,0.9966131499865374,3500,0.869795507045885,0.8641995103677983,0.875119373526157,3500,0.869795507045885,0.8643166802666832,0.8750789077982092,3500,0.8732258440226658,0.8678622705039805,0.8785524450882396,3500,0.688631711802206,0.6810710031138569,0.6961095792440226,3500,0.688631711802206,0.680896637631164,0.6962048868848122,3500,0.6911683782013268,0.6836389687065222,0.6986941884323241,3500,4.26604864852769e-06,4.252396397558706e-06,4.280344609703336e-06,3500,1195164.5106349923,1195056.7949450326,1195246.0412940453,3500,8.669288916841548e-48,1.0203538921313047e-49,2.5774849602063046e-47,3500,18.60142857142857,18.564,18.638571428571428,3500
0.0,DSN-30,20,LIA_lambda1_per_s,3500,0.9300714285714285,0.9281999999999999,0.9319,3500,0.9959757348997854,0.9953029678684162,0.9966275945710354,3500,0.8689392956074692,0.8634472130706589,0.8744605511235908,3500,0.8689392956074692,0.8635068746770114,0.8744396351433289,3500,0.872365200830497,0.8668559239083097,0.8777744935951081,3500,0.6875102278062286,0.6801144056922008,0.6948656895529375,3500,0.6875102278062286,0.680012641319564,0.6948215478039397,3500,0.6900373266861425,0.6826167065355112,0.6975332493697068,3500,4.157899745873043e-06,4.145319294184446e-06,4.171210746946079e-06,3500,1195164.5105268434,1195054.7324268757,1195246.01289576,3500,8.669187917652757e-48,1.019495929515633e-49,2.577093658463253e-47,3500,18.60142857142857,18.56457142857143,18.638285714285715,3500
0.0,DSN-30,20,LIA_lambda2_per_s,3500,0.9300714285714285,0.9282142857142858,0.9319428571428571,3500,0.9959757348997854,0.995296204795895,0.9966125416320114,3500,0.8683052468084235,0.8627607959057471,0.873691919352398,3500,0.8683052468084235,0.8626999593758962,0.8737674561292106,3500,0.8717305079958524,0.8661510592345111,0.8771229548478274,3500,0.6865818810853557,0.6789725693266817,0.6940329923608805,3500,0.6865818810853557,0.6790501604253905,0.6938866311540707,3500,0.689098583028646,0.6814009551597231,0.69654309285831,3500,4.136495026094573e-06,4.1219054322157584e-06,4.151944184143629e-06,3500,1195164.5105054388,1195054.3376767752,1195246.06518849,3500,8.665000236274643e-48,1.01682977551956e-49,2.576646973578376e-47,3500,18.60142857142857,18.564,18.637428571428572,3500
0.0,DSN-30,20,SyncVCG,3500,0.9300714285714285,0.9281857142857142,0.9319571428571427,3500,0.9959757348997854,0.9953070332880936,0.996618154946095,3500,0.9959757348997854,0.995298140021224,0.9966086822820033,3500,0.9959757348997854,0.9953092225895672,0.9966122441838985,3500,1.0,1.0,1.0,3500,0.9412514623396465,0.9393323431155652,0.9431236620516881,3500,0.9412514623396465,0.939367437625631,0.943137902782256,3500,0.9450152512374789,0.9432266890507407,0.9467358192974294,3500,1.7824369881834303e-06,1.7621481724615606e-06,1.8045349911387478e-06,3500,1195222.7650846418,1195179.2793065514,1195254.675037356,3500,1.219716715919337e-49,1.1694441416390128e-49,1.2919427292015915e-49,3500,18.60142857142857,18.564285714285713,18.638285714285715,3500
0.0,DSN-30,30,BatchVCG_B10ms,3500,0.9304476190476192,0.9288854761904763,0.9320000000000002,3500,0.9979523723385528,0.9975726251518782,0.9983125651248246,3500,0.5146025658934893,0.5050722308966415,0.5243412363920795,3500,0.5146025658934893,0.5046716766025234,0.5244071018822165,3500,0.5156271683554713,0.5059569753559395,0.5254303442290726,3500,0.00016779322871313308,0.0,0.0005033796861393993,3500,0.00016779322871313308,0.0,0.0005033796861393993,3500,0.00017369802749812196,0.0,0.0005210940824943659,3500,1.3299424733434405e-06,1.325496532289045e-06,1.3352875597774981e-06,3500,91611.06559895395,88707.7637701027,94464.73592033182,3500,44.43212108930205,40.70127796368193,48.14513584625489,3500,27.91342857142857,27.867142857142856,27.96,3500
0.0,DSN-30,30,BatchVCG_B1ms,3500,0.9304476190476192,0.9288761904761906,0.9320000000000002,3500,0.9979523723385528,0.9975704746361438,0.9983082607332363,3500,0.5146025658934893,0.504784321032583,0.5244816848302402,3500,0.5146025658934893,0.5050123813497613,0.5244110989566216,3500,0.5156271683554713,0.5058695372608629,0.5252851527124681,3500,0.0,0.0,0.0,3500,0.0,0.0,0.0,3500,0.0,0.0,0.0,3500,1.3717075011559895e-06,1.3679132863347019e-06,1.3764560488717897e-06,3500,91602.06564071897,88699.4140544853,94490.5712919219,3500,44.47212779062558,40.811341408441905,48.24530630820644,3500,27.91342857142857,27.867428571428572,27.96,3500
0.0,DSN-30,30,BatchVCG_B20ms,3500,0.9304476190476192,0.9289045238095239,0.9319526190476192,3500,0.9979523723385528,0.9975680977161991,0.9983174133617446,3500,0.5146025658934893,0.5050011741092244,0.5244813898352526,3500,0.5146025658934893,0.5048455024865879,0.5243178903440006,3500,0.5156271683554713,0.506045310023454,0.5253261292366397,3500,0.00023315302601364672,0.0,0.0006341132093647503,3500,0.00023315302601364672,0.0,0.0006711729148525323,3500,0.0002390578247986356,0.0,0.0006610566831672085,3500,1.3516971043178012e-06,1.343648215489728e-06,1.3616761924432856e-06,3500,91621.06562070857,88758.71105959816,94538.76084352135,3500,44.38771108763734,40.69075315277986,48.24760322634954,3500,27.91342857142857,27.867142857142856,27.959142857142858,3500
0.0,DSN-30,30,BatchVCG_B50ms,3500,0.9304476190476192,0.9288857142857144,0.9319428571428573,3500,0.9979523723385528,0.9975721771951029,0.9983097483907377,3500,0.5147584608903071,0.5048617790030558,0.5245483596597503,3500,0.5147584608903071,0.5049257977908339,0.5246516308154805,3500,0.5157830633522891,0.505932926307482,0.5255766358507268,3500,0.0003544743914306281,9.24300607181533e-06,0.0008301149251660072,3500,0.0003544743914306281,9.24300607181533e-06,0.0008210371902529404,3500,0.000360379190215617,9.24300607181533e-06,0.0008420797458482155,3500,1.3215406132595879e-06,1.315673001642738e-06,1.3290622271597386e-06,3500,91651.0655905521,88871.0286433131,94516.94668865076,3500,44.254747628108824,40.52117813514286,48.08237898665726,3500,27.91342857142857,27.866857142857143,27.959142857142858,3500
0.0,DSN-30,30,BatchVCG_B5ms,3500,0.9304476190476192,0.9289047619047621,0.9319809523809524,3500,0.9979523723385528,0.9975660649342857,0.998313137452941,3500,0.5146025658934893,0.5049460759271814,0.5244767164554961,3500,0.5146025658934893,0.5048478146186736,0.5241340280746069,3500,0.5156271683554713,0.5057459305826449,0.5251964565213161,3500,0.0,0.0,0.0,3500,0.0,0.0,0.0,3500,0.0,0.0,0.0,3500,1.340615696140698e-06,1.3359007226037128e-06,1.3472980686596462e-06,3500,91606.06560962716,88719.7262419724,94442.88815272081,3500,44.45434262221767,40.7437620575636,48.21953217553689,3500,27.91342857142857,27.866857142857143,27.960285714285714,3500
0.0,DSN-30,30,FastVCG,3500,0.9304476190476192,0.928904761904762,0.9319716666666668,3500,0.9979523723385528,0.997562527019224,0.9983078807242711,3500,0.5146025658934893,0.5045597659648289,0.5240692221875439,3500,0.5146025658934893,0.5046317198881531,0.524209221789651,3500,0.5156271683554713,0.5058234125861258,0.5252053584128223,3500,0.0,0.0,0.0,3500,0.0,0.0,0.0,3500,0.0,0.0,0.0,3500,1.3804515557629722e-06,1.3769077270158699e-06,1.3848328896399055e-06,3500,91601.06564946302,88761.30634316604,94572.7839207688,3500,44.47657518345667,40.766388549178494,48.23472898111842,3500,27.91342857142857,27.867142857142856,27.96,3500
0.0,DSN-30,30,HoldBack,3500,0.9304476190476192,0.9288854761904763,0.9319904761904764,3500,0.9979523723385528,0.9975772611257869,0.9983101816845874,3500,0.9979523723385528,0.9975619551643731,0.99831299364062,3500,0.9979523723385528,0.9975631798342232,0.9983108619242077,3500,1.0,1.0,1.0,3500,0.9611347759266453,0.9598829311825574,0.9623199047069213,3500,0.9611347759266453,0.9598733580109319,0.9623821668677044,3500,0.9631046945567309,0.9619127079321286,0.9642693931436654,3500,1.793286097901208e-06,1.7845784580068928e-06,1.804102850811822e-06,3500,1195262.7689806914,1195262.7247500885,1195262.812132925,3500,1.1890566745894735e-49,1.187705543947369e-49,1.1903792711339297e-49,3500,27.91342857142857,27.867142857142856,27.960571428571427,3500
0.0,DSN-30,30,LIA_lambda0.5_per_s,3500,0.9304476190476192,0.928904761904762,0.9319809523809524,3500,0.9979523723385528,0.9975719394840008,0.9983099676016344,3500,0.9109252887718776,0.9070409326828993,0.9148094130169162,3500,0.9109252887718776,0.9070820758883916,0.9147686234818825,3500,0.9127853625351908,0.9088367822923271,0.9166058775322077,3500,0.7884484449213999,0.7831542010608497,0.7936859297241754,3500,0.7884484449213999,0.7830401090059808,0.7936671150773938,3500,0.7900247424982542,0.7845314239320353,0.7953466550836846,3500,5.9650340782744546e-06,5.948273458385042e-06,5.983148229175381e-06,3500,1195261.4448559138,1195261.3794763163,1195261.5086781792,3500,1.0855841387805228e-49,1.0807428291451422e-49,1.09035409760764e-49,3500,27.91342857142857,27.867135714285713,27.959142857142858,3500
0.0,DSN-30,30,LIA_lambda1_per_s,3500,0.9304476190476192,0.9288761904761906,0.932009523809524,3500,0.9979523723385528,0.9975684772338992,0.998301684502786,3500,0.910459739862321,0.9066179563780608,0.9142293167736353,3500,0.910459739862321,0.9065421188180787,0.9142071727213558,3500,0.9123197688923236,0.9084493239689776,0.916151439352831,3500,0.7877870489577595,0.7824950387552294,0.7931190414562104,3500,0.7877870489577595,0.7824391968955147,0.7930309150320656,3500,0.7893621401016923,0.7840216319566472,0.7945872289501099,3500,5.835608446172305e-06,5.81951199897698e-06,5.853121568049703e-06,3500,1195261.444726488,1195261.378933923,1195261.5104337446,3500,1.0850298716387644e-49,1.0802212195206332e-49,1.089719794751016e-49,3500,27.91342857142857,27.867142857142856,27.960571428571427,3500
0.0,DSN-30,30,LIA_lambda2_per_s,3500,0.9304476190476192,0.9288761904761907,0.932009523809524,3500,0.9979523723385528,0.9975707184224754,0.9983154759453743,3500,0.9100057739808758,0.9061564134001604,0.9137641370459597,3500,0.9100057739808758,0.9061468286707602,0.9138830621239696,3500,0.9118652021983843,0.9080735629937557,0.9156559551286018,3500,0.7867077407157842,0.7813885632638037,0.7919348440644446,3500,0.7867077407157842,0.7813875856509652,0.7920172263528177,3500,0.7882793402300623,0.7829142821477995,0.7935561390983092,3500,5.809087306261063e-06,5.792713477941496e-06,5.825886582689626e-06,3500,1195261.444699967,1195261.3806262827,1195261.5092158476,3500,1.0844909363593288e-49,1.0797787218304923e-49,1.0891341103453921e-49,3500,27.91342857142857,27.867142857142856,27.959714285714284,3500
0.0,DSN-30,30,SyncVCG,3500,0.9304476190476192,0.9288854761904763,0.9319811904761907,3500,0.9979523723385528,0.9975515446523547,0.9983021277710024,3500,0.9979523723385528,0.9975809342051092,0.9983092244778313,3500,0.9979523723385528,0.9975810816572906,0.9983059520303873,3500,1.0,1.0,1.0,3500,0.9611347759266453,0.9598565434006942,0.9623878991664527,3500,0.9611347759266453,0.9598784442876275,0.9623652382533594,3500,0.9631046945567309,0.9619148667705991,0.9642854420693715,3500,2.7409946279866356e-06,2.7082608081400392e-06,2.7746843307146e-06,3500,1195262.7699284,1195262.7246738896,1195262.8137694574,3500,1.1890565618652044e-49,1.1877008179825878e-49,1.1903963843341112e-49,3500,27.91342857142857,27.867135714285713,27.959721428571427,3500
0.0,DSN-30,40,BatchVCG_B10ms,3500,0.9313642857142858,0.9300428571428572,0.9326642857142856,3500,0.9979776906712481,0.9976128631536257,0.9983145083126136,3500,0.5190024183322177,0.5092248266581442,0.5287772687031711,3500,0.5190024183322177,0.509175967735992,0.5286528644345627,3500,0.5200428225781455,0.5103953054744005,0.5299875560552072,3500,0.0,0.0,0.0,3500,0.0,0.0,0.0,3500,0.0,0.0,0.0,3500,1.607820125562804e-06,1.6043179668486118e-06,1.611346664971539e-06,3500,71555.59549559481,69329.62199278138,73828.93189822961,3500,61.22177774334809,56.90609416244037,65.62186052260392,3500,37.25457142857143,37.20142857142857,37.306578571428574,3500
0.0,DSN-30,40,BatchVCG_B1ms,3500,0.9313642857142858,0.93005,0.9326930357142857,3500,0.9979776906712481,0.9976216670584819,0.9983183779106247,3500,0.5190024183322177,0.5089284031646796,0.5288625499624725,3500,0.5190024183322177,0.5091906993291915,0.528863368912828,3500,0.5200428225781455,0.5104031153209125,0.5296151000166451,3500,0.0,0.0,0.0,3500,0.0,0.0,0.0,3500,0.0,0.0,0.0,3500,1.6565354807036263e-06,1.6516862037990774e-06,1.662116524364267e-06,3500,71546.59554431016,69304.79910392482,73810.75004370413,3500,61.27690182727871,57.07783013739138,65.8105510592952,3500,37.25457142857143,37.200857142857146,37.306285714285714,3500
0.0,DSN-30,40,BatchVCG_B20ms,3500,0.9313642857142858,0.93007125,0.9327142857142857,3500,0.9979776906712481,0.9976223321923667,0.9983093699708421,3500,0.5190024183322177,0.5092489015879998,0.5286436938289096,3500,0.5190024183322177,0.509331963572723,0.5289470245235076,3500,0.5200428225781455,0.5103229760297663,0.5299492842164482,3500,0.0,0.0,0.0,3500,0.0,0.0,0.0,3500,0.0,0.0,0.0,3500,1.6299057751893997e-06,1.623012577848775e-06,1.63801043028278e-06,3500,71565.59551768046,69335.45363043585,73875.91007958293,3500,61.16058642558873,56.904480210304726,65.58623967764798,3500,37.25457142857143,37.20171428571429,37.30771428571428,3500
0.0,DSN-30,40,BatchVCG_B50ms,3500,0.9313642857142858,0.9300071428571429,0.9326642857142856,3500,0.9979776906712481,0.9976155229712405,0.9983141565162473,3500,0.5191524834951252,0.5095447913763752,0.5289855749797612,3500,0.5191524834951252,0.5093497665930939,0.5288424852967862,3500,0.5201928877410529,0.5101295913598276,0.5299283549781827,3500,0.00013629104415486238,0.0,0.00034620007098975955,3500,0.00013629104415486238,0.0,0.00034620007098975955,3500,0.00013629104415486238,0.0,0.00034620007098975955,3500,1.5985210027013507e-06,1.5931384770997934e-06,1.6048548676605734e-06,3500,71595.59548629569,69342.74010081946,73861.30413612211,3500,60.97738246702789,56.5862572945585,65.35801413329139,3500,37.25457142857143,37.201992857142855,37.30657142857143,3500
0.0,DSN-30,40,BatchVCG_B5ms,3500,0.9313642857142858,0.9300357142857143,0.9326714285714286,3500,0.9979776906712481,0.9976212281289594,0.9983167887860164,3500,0.5190024183322177,0.5091548421167269,0.528574466143944,3500,0.5190024183322177,0.5094424212472419,0.5288090825750257,3500,0.5200428225781455,0.5100383019899709,0.5300348185506256,3500,0.0,0.0,0.0,3500,0.0,0.0,0.0,3500,0.0,0.0,0.0,3500,1.6225882406745637e-06,1.6177719059799399e-06,1.6278875659086874e-06,3500,71550.59551036292,69323.05259107015,73898.17591683916,3500,61.252396179139765,56.92130023376567,65.68113702413888,3500,37.25457142857143,37.20142857142857,37.30828571428572,3500
0.0,DSN-30,40,FastVCG,3500,0.9313642857142858,0.9300428571428573,0.9326785714285715,3500,0.9979776906712481,0.9976164504578892,0.998311415326613,3500,0.5190024183322177,0.5091892649790545,0.5285030140963596,3500,0.5190024183322177,0.5094225357325635,0.5287146935485629,3500,0.5200428225781455,0.5101787270856823,0.5300327643307168,3500,0.0,0.0,0.0,3500,0.0,0.0,0.0,3500,0.0,0.0,0.0,3500,1.6645994037389754e-06,1.661178336611816e-06,1.6681879426219634e-06,3500,71545.59555237408,69272.54334153321,73809.22503530102,3500,61.28302982822513,56.872831690097435,65.78681316000362,3500,37.25457142857143,37.20171428571429,37.30629285714286,3500
0.0,DSN-30,40,HoldBack,3500,0.9313642857142858,0.9300214285714286,0.9326714285714287,3500,0.9979776906712481,0.9976127962703177,0.9983189230748277,3500,0.9979776906712481,0.9976142919216093,0.9983267181092832,3500,0.9979776906712481,0.9976177231202084,0.9983181020239768,3500,1.0,1.0,1.0,3500,0.9712260825610683,0.9702706252854455,0.9721545868444768,3500,0.9712260825610683,0.9702972686374237,0.972148592140926,3500,0.9731921593608074,0.972307875981936,0.9740428424456087,3500,2.2864932460444314e-06,2.280698384025267e-06,2.292542691741671e-06,3500,1195263.0974401932,1195263.064850465,1195263.1290611764,3500,1.1985296247775457e-49,1.1974728219565695e-49,1.1995792772798578e-49,3500,37.25457142857143,37.20285714285714,37.307428571428574,3500
0.0,DSN-30,40,LIA_lambda0.5_per_s,3500,0.9313642857142858,0.9300285714285714,0.9327,3500,0.9979776906712481,0.9976162022837496,0.9983180467887244,3500,0.9315391777937629,0.9285682382087157,0.9344123681197759,3500,0.9315391777937629,0.9286207897810198,0.9344260796298443,3500,0.9334451126368689,0.9305481251092723,0.9363574028042091,3500,0.8407836568679359,0.8367347772137798,0.8448188730685039,3500,0.8407836568679359,0.8366317379314628,0.8446894403875278,3500,0.8425196350331015,0.8385004234361517,0.8464688356375019,3500,7.624869900090354e-06,7.605560296880347e-06,7.64507566179548e-06,3500,1195262.134186408,1195262.0895132984,1195262.1774009862,3500,1.118808265157063e-49,1.1151075012503635e-49,1.1224167212116937e-49,3500,37.25457142857143,37.20142857142857,37.30714285714286,3500
0.0,DSN-30,40,LIA_lambda1_per_s,3500,0.9313642857142858,0.9300571428571428,0.9326785714285715,3500,0.9979776906712481,0.9976126677155085,0.9983287110311044,3500,0.9313647928542723,0.9284247098932736,0.9343041595183744,3500,0.9313647928542723,0.9284094733899438,0.9342936133633835,3500,0.9332699057386377,0.9303044404954296,0.9361251940788496,3500,0.8403678799473314,0.8362957951082111,0.8443670895954638,3500,0.8403678799473314,0.8362990122086738,0.8443915137484694,3500,0.8421032450998698,0.8380661690241332,0.8461106674487842,3500,7.514411583542823e-06,7.4937534518539904e-06,7.536095181213958e-06,3500,1195262.1340759494,1195262.0892033451,1195262.1781851016,3500,1.1185985957904248e-49,1.1149820723453296e-49,1.1221176518030185e-49,3500,37.25457142857143,37.201992857142855,37.30685714285714,3500
0.0,DSN-30,40,LIA_lambda2_per_s,3500,0.9313642857142858,0.9300498214285715,0.9327073214285714,3500,0.9979776906712481,0.9976146507150544,0.9983132659927552,3500,0.9306973698806429,0.9277329333819656,0.9335559542700329,3500,0.9306973698806429,0.9277967924861257,0.9336232435085418,3500,0.932601889585978,0.9296130825647417,0.9354646195751614,3500,0.8390982118115704,0.835028717488215,0.8431301063395282,3500,0.8390982118115704,0.8350188049449048,0.8431037165783736,3500,0.8408320071910743,0.8367437361625504,0.844957234966856,3500,7.4781466807637895e-06,7.4601693677582915e-06,7.496453642046877e-06,3500,1195262.1340396847,1195262.0901522173,1195262.177320266,3500,1.1177943806782372e-49,1.1141356322465316e-49,1.1213550499072903e-49,3500,37.25457142857143,37.20171428571429,37.30657142857143,3500
0.0,DSN-30,40,SyncVCG,3500,0.9313642857142858,0.930064107142857,0.9326642857142856,3500,0.9979776906712481,0.9976196670298654,0.9983136446935973,3500,0.9979776906712481,0.9976143591637687,0.9983128843222493,3500,0.9979776906712481,0.9976149413384299,0.998319199806531,3500,1.0,1.0,1.0,3500,0.9712260825610683,0.9702778629321713,0.9721683962771055,3500,0.9712260825610683,0.970253988478899,0.9721534831030655,3500,0.9731921593608074,0.9723155655069714,0.9740657318230472,3500,3.3942844186510357e-06,3.361745790711471e-06,3.427055591185178e-06,3500,1195263.0985479846,1195263.066613143,1195263.1311038234,3500,1.1985294920453957e-49,1.1974630860083324e-49,1.1995871008810518e-49,3500,37.25457142857143,37.202,37.30714285714286,3500
0.0,DSN-30,50,BatchVCG_B10ms,3500,0.9314457142857143,0.9302857142857143,0.9326114285714286,3500,0.9983103028161664,0.9980307582687298,0.9985726261746452,3500,0.5121146075215242,0.5021199017903992,0.5220134213623414,3500,0.5121146075215242,0.5020796365616639,0.5219937897715735,3500,0.512971624272314,0.5031455228180757,0.5225485346469543,3500,6.983487784546618e-05,0.0,0.00020950463353639856,3500,6.983487784546618e-05,0.0,0.00020950463353639856,3500,6.983487784546618e-05,0.0,0.00020950463353639856,3500,1.9103211483785083e-06,1.9008215782897812e-06,1.921598979138902e-06,3500,56622.81462363529,54890.56215697332,58391.109461182205,3500,75.21633977212159,70.3775362029996,80.30261819846974,3500,46.57228571428571,46.51285714285714,46.631142857142855,3500
0.0,DSN-30,50,BatchVCG_B1ms,3500,0.9314457142857143,0.9302741428571428,0.9326114285714286,3500,0.9983103028161664,0.9980292167458216,0.9985688168994508,3500,0.5121146075215242,0.502512413817357,0.5219137147402657,3500,0.5121146075215242,0.5021932814872339,0.5217997405834776,3500,0.512971624272314,0.5033852358102938,0.5230128848514511,3500,0.0,0.0,0.0,3500,0.0,0.0,0.0,3500,0.0,0.0,0.0,3500,1.946411228605679e-06,1.940496957727841e-06,1.9532612857541868e-06,3500,56613.81465972538,54878.51562113947,58424.457533072375,3500,75.2840647318767,70.4090693916115,80.32551373826551,3500,46.57228571428571,46.51399285714286,46.631142857142855,3500
0.0,DSN-30,50,BatchVCG_B20ms,3500,0.9314457142857143,0.9302685714285714,0.9325942857142857,3500,0.9983103028161664,0.9980271622728951,0.9985762292664832,3500,0.5121146075215242,0.5020864010784463,0.5219224921740973,3500,0.5121146075215242,0.5022458514868327,0.5220524188838291,3500,0.512971624272314,0.5030098441212772,0.5230506655471331,3500,0.00020144079512350306,0.0,0.0005344875075250431,3500,0.00020144079512350306,0.0,0.0005344875075250431,3500,0.00020144079512350306,0.0,0.0005344875075250431,3500,1.9265088651861465e-06,1.9167929954294645e-06,1.938414334186486e-06,3500,56632.81463982301,54867.96584063862,58421.38723375067,3500,75.1411608514557,70.31198059734228,80.07184072481195,3500,46.57228571428571,46.512564285714284,46.63057857142857,3500
0.0,DSN-30,50,BatchVCG_B50ms,3500,0.9314457142857143,0.9302685714285714,0.9326114285714286,3500,0.9983103028161664,0.9980321567895476,0.9985778930391923,3500,0.5122544584597423,0.5024298594303105,0.5220392677463848,3500,0.5122544584597423,0.502727758765081,0.5222457386297784,3500,0.5131114752105322,0.5033095743230934,0.5229443968657917,3500,0.00027742002242495015,0.0,0.0006431559582872313,3500,0.00027742002242495015,0.0,0.0006369636216073283,3500,0.00027742002242495015,0.0,0.0006431079710633092,3500,1.896234229207039e-06,1.88772018466677e-06,1.9061598061983073e-06,3500,56662.814609548375,54891.25750498911,58477.83885199629,3500,74.92578146879457,70.04729197523764,79.80481507948123,3500,46.57228571428571,46.513714285714286,46.63057142857143,3500
0.0,DSN-30,50,BatchVCG_B5ms,3500,0.9314457142857143,0.9302685714285714,0.9326457142857143,3500,0.9983103028161664,0.9980302128693848,0.9985696988419616,3500,0.5121146075215242,0.5023170940669669,0.5218079595260993,3500,0.5121146075215242,0.5021130317865935,0.5220757998713207,3500,0.512971624272314,0.5033894317625549,0.5229263436049546,3500,0.0,0.0,0.0,3500,0.0,0.0,0.0,3500,0.0,0.0,0.0,3500,1.9217165453093393e-06,1.908760897016951e-06,1.93798843372081e-06,3500,56617.814635030685,54850.316769934725,58390.39140973423,3500,75.25395721336356,70.3200643099571,80.25932891520286,3500,46.57228571428571,46.513714285714286,46.63142857142857,3500
0.0,DSN-30,50,FastVCG,3500,0.9314457142857143,0.9302514285714286,0.9326171428571428,3500,0.9983103028161664,0.9980329605190124,0.9985809003438415,3500,0.5121146075215242,0.5024051018975157,0.5221002085157824,3500,0.5121146075215242,0.5022673485280825,0.5221380424612936,3500,0.512971624272314,0.502905349685201,0.522670684089036,3500,0.0,0.0,0.0,3500,0.0,0.0,0.0,3500,0.0,0.0,0.0,3500,1.9540321081876757e-06,1.9481056170271974e-06,1.9615096040070057e-06,3500,56612.814667346254,54862.961030153514,58396.89820278218,3500,75.29159348107038,70.45049208231025,80.34086139425011,3500,46.57228571428571,46.512564285714284,46.63057142857143,3500
0.0,DSN-30,50,HoldBack,3500,0.9314457142857143,0.9302227142857141,0.9326114285714285,3500,0.9983103028161664,0.9980325405339951,0.9985753743890101,3500,0.9983103028161664,0.9980265411232443,0.9985747069225492,3500,0.9983103028161664,0.9980275619054614,0.9985760584412254,3500,1.0,1.0,1.0,3500,0.9760955177759775,0.9753353835880777,0.9768388923716022,3500,0.9760955177759775,0.9753165288662484,0.9768500218462485,3500,0.9777463946400039,0.9770300940087592,0.9784613109070636,3500,2.8055142611265184e-06,2.798587842179196e-06,2.8131186895604645e-06,3500,1195263.2881231625,1195263.2624403827,1195263.3126590913,3500,1.205528045549061e-49,1.2046700497631455e-49,1.2063469024869176e-49,3500,46.57228571428571,46.513714285714286,46.63,3500
0.0,DSN-30,50,LIA_lambda0.5_per_s,3500,0.9314457142857143,0.9302742857142857,0.9326057142857143,3500,0.9983103028161664,0.9980401667472742,0.9985733861382787,3500,0.9466146108102131,0.9442283765402285,0.9489199070216923,3500,0.9466146108102131,0.9442267898809041,0.9488788054490248,3500,0.9482106851795113,0.9458861547118749,0.950507410187609,3500,0.8756216695380226,0.8723640416843075,0.8787451983288506,3500,0.8756216695380226,0.8723769662786567,0.8788362977726357,3500,0.8770958115141615,0.8738822444457058,0.880273191794832,3500,9.357637326632228e-06,9.335654594802431e-06,9.38142655151231e-06,3500,1195262.511606047,1195262.4761141788,1195262.546825162,3500,1.143160290157956e-49,1.1401970534452846e-49,1.1460271561594387e-49,3500,46.57228571428571,46.51314285714286,46.62972142857143,3500
0.0,DSN-30,50,LIA_lambda1_per_s,3500,0.9314457142857143,0.9302628571428572,0.9326171428571428,3500,0.9983103028161664,0.998029674820706,0.9985824485768551,3500,0.946223891853188,0.9439292654973345,0.9485160687833871,3500,0.946223891853188,0.9439102917928223,0.9485187437024415,3500,0.9478196141926187,0.9454623650884414,0.9501295317900086,3500,0.8751151761043989,0.8719488686005631,0.8783466390866689,3500,0.8751151761043989,0.8718024244665424,0.8783200469966609,3500,0.8765890629663685,0.8732505109436266,0.879714797278323,3500,9.237148665956088e-06,9.207177920533079e-06,9.271366508411509e-06,3500,1195262.5114855582,1195262.4753984287,1195262.5470276114,3500,1.1426881243534199e-49,1.1397642807457587e-49,1.1455638527288832e-49,3500,46.57228571428571,46.514857142857146,46.63028571428571,3500
0.0,DSN-30,50,LIA_lambda2_per_s,3500,0.9314457142857143,0.9302571428571429,0.9326285714285714,3500,0.9983103028161664,0.9980297024147686,0.9985723714815591,3500,0.9455219594354998,0.943140142302015,0.9478081505574381,3500,0.9455219594354998,0.9431938904551718,0.9478296851051576,3500,0.9471161069443091,0.9447454623748525,0.9494280426507554,3500,0.8736513410373954,0.8703912335650513,0.8769232546488603,3500,0.8736513410373954,0.8704173751640945,0.8768301587553624,3500,0.8751221843662684,0.871899584917845,0.8783825541600913,3500,9.193989049111094e-06,9.171286318451166e-06,9.218236138778072e-06,3500,1195262.5114423987,1195262.4749315942,1195262.5464275393,3500,1.141840824641659e-49,1.1389157503630138e-49,1.1447166909387423e-49,3500,46.57228571428571,46.51285,46.63028571428571,3500
0.0,DSN-30,50,SyncVCG,3500,0.9314457142857143,0.93028,0.9326342857142856,3500,0.9983103028161664,0.9980260445481424,0.9985776777285914,3500,0.9983103028161664,0.9980310465914167,0.9985780908869806,3500,0.9983103028161664,0.9980225462907263,0.998571432598255,3500,1.0,1.0,1.0,3500,0.9760955177759775,0.9753092876396458,0.9768701793656821,3500,0.9760955177759775,0.9753130066714252,0.9768665649368415,3500,0.9777463946400039,0.9770210826185675,0.978454485811477,3500,3.6185024572270257e-06,3.591296156602246e-06,3.647047041782311e-06,3500,1195263.2889361507,1195263.2633240018,1195263.313554124,3500,1.2055279475765472e-49,1.2046998354883654e-49,1.2063422358419715e-49,3500,46.57228571428571,46.51428571428571,46.63142857142857,3500
0.0,INTERNET-100,10,BatchVCG_B10ms,3500,0.9488857142857144,0.9466285714285715,0.9511142857142859,3500,0.9942008215206275,0.9930553305556077,0.9952864870321635,3500,0.9670738224403521,0.9636653552780439,0.9703550594480231,3500,0.9670738224403521,0.9637663139158942,0.970319279444112,3500,0.9726611692410687,0.9695062697263171,0.9757136092328249,3500,0.8319184602133796,0.8261855916879551,0.8375321896086546,3500,0.8319184602133796,0.8261409204745116,0.8375626762111729,3500,0.8367126548629624,0.8308381896790213,0.8423746473828676,3500,1.1689266456024987e-06,1.162672308938844e-06,1.1766822542995213e-06,3500,14.697128581005106,14.644342220173579,14.749148526433004,3500,878.5296858222202,874.4710031787243,882.544501329757,3500,9.488857142857142,9.465428571428571,9.511714285714286,3500
0.0,INTERNET-100,10,BatchVCG_B1ms,3500,0.9488857142857144,0.9466285714285714,0.9511150000000002,3500,0.9942008215206275,0.9930290163542973,0.9952913388374949,3500,0.609532747281937,0.5990289242692232,0.6198849327809036,3500,0.609532747281937,0.5990491632415433,0.6198763917651544,3500,0.6131947057003512,0.6028923771549397,0.6233315581141501,3500,0.11737579236262932,0.10967603602517961,0.12536575334393535,3500,0.11737579236262932,0.10967891614236425,0.12517061755020734,3500,0.1180452097623265,0.1102013939889825,0.12576273865037443,3500,8.152627519198827e-07,8.107586032045739e-07,8.204127462314708e-07,3500,6.804595527601501,6.7162446280740005,6.892881169020832,3500,554.7712942245972,545.1359911944378,564.3676486841625,3500,9.488857142857142,9.466285714285714,9.511714285714286,3500
0.0,INTERNET-100,10,BatchVCG_B20ms,3500,0.9488857142857144,0.9466285714285716,0.9511714285714287,3500,0.9942008215206275,0.9930343019783736,0.9953094631306751,3500,0.9942008215206275,0.9930632592214815,0.9953084321326534,3500,0.9942008215206275,0.9930505461982386,0.9952641242751955,3500,1.0,1.0,1.0,3500,0.8889480340882392,0.8856785074239092,0.8922491680865273,3500,0.8889480340882392,0.8855752863070572,0.8923041759324996,3500,0.8941631354154979,0.8909094012772826,0.8973386454763382,3500,1.2100724769490106e-06,1.205405965447426e-06,1.2156382003532989e-06,3500,15.793687254996367,15.777272874902408,15.809481234762524,3500,902.954071187884,900.02668636088,905.8556508817809,3500,9.488857142857142,9.466,9.510857142857143,3500
0.0,INTERNET-100,10,BatchVCG_B50ms,3500,0.9488857142857144,0.9466285714285715,0.9511714285714287,3500,0.9942008215206275,0.9930132723638787,0.9953044311484475,3500,0.9942008215206275,0.9930348447193208,0.9952822579811387,3500,0.9942008215206275,0.9930346154190062,0.9952812198707968,3500,1.0,1.0,1.0,3500,0.8889480340882392,0.8855518907493355,0.8922630622639904,3500,0.8889480340882392,0.8855385034404141,0.8922263516676864,3500,0.8941631354154979,0.8909466705686416,0.8973272889349321,3500,1.1934308069092886e-06,1.1899306106248072e-06,1.1975190934858152e-06,3500,15.793670613326327,15.777521653934855,15.809241057305377,3500,902.9540727190955,899.9810962022619,905.8979778511134,3500,9.488857142857142,9.466285714285714,9.510857142857143,3500
0.0,INTERNET-100,10,BatchVCG_B5ms,3500,0.9488857142857144,0.9466571428571429,0.9510857142857143,3500,0.9942008215206275,0.9930373854731869,0.9952865341503685,3500,0.8186074557679118,0.810636284254455,0.8266813408779775,3500,0.8186074557679118,0.8106301883028563,0.8266643019827455,3500,0.8232617869435076,0.8151978949513703,0.8311750948036053,3500,0.5324287761635047,0.5213084610064141,0.5434297052414792,3500,0.5324287761635047,0.5215222226529672,0.5432657589286247,3500,0.5353339549101735,0.5242913818911422,0.5460484531171818,3500,9.802436189992088e-07,9.72301000729203e-07,9.891564691705363e-07,3500,10.787260966815575,10.700960838118755,10.875127152339019,3500,744.2041326672577,736.5102351994645,751.9685342961603,3500,9.488857142857142,9.466285714285714,9.510857142857143,3500
0.0,INTERNET-100,10,FastVCG,3500,0.9488857142857144,0.9466000000000001,0.9511428571428572,3500,0.9942008215206275,0.9930092892378869,0.9952988864096232,3500,0.5484338004498525,0.5377548643118775,0.5588880008398033,3500,0.5484338004498525,0.5379361126428011,0.5587458647372144,3500,0.5516587227790557,0.5408289523462126,0.5621162836063566,3500,0.0,0.0,0.0,3500,0.0,0.0,0.0,3500,0.0,0.0,0.0,3500,8.074830153158733e-07,8.057413689259972e-07,8.092465278293406e-07,3500,5.804587747864897,5.715100875092283,5.894800197486088,3500,498.9676695965542,489.1906151714871,508.51381189305374,3500,9.488857142857142,9.466,9.510857142857143,3500
0.0,INTERNET-100,10,HoldBack,3500,0.9488857142857144,0.9465992857142858,0.9511714285714287,3500,0.9942008215206275,0.9929944634749891,0.9952788959780229,3500,0.9942008215206275,0.9930244478745455,0.9952931280827387,3500,0.9942008215206275,0.9930280164813099,0.9952844888585372,3500,1.0,1.0,1.0,3500,0.8889480340882392,0.8855213507896732,0.8923423354049138,3500,0.8889480340882392,0.8856329970101359,0.8923047974177551,3500,0.8941631354154979,0.8908754252032023,0.8973371478654055,3500,7.651621209723609e-07,7.630780339241028e-07,7.673433050513267e-07,3500,15.79324234464039,15.776956173097313,15.808981810085175,3500,902.9541113817705,899.9786601636782,905.9161191472873,3500,9.488857142857142,9.466285714285714,9.51142857142857,3500
0.0,INTERNET-100,10,LIA_lambda0.5_per_s,3500,0.9488857142857144,0.9466000000000001,0.9511150000000002,3500,0.9942008215206275,0.9930234806917408,0.9953266024023373,3500,0.9941918365350838,0.9930251791519299,0.9952673613129673,3500,0.9941918365350838,0.9929941776321772,0.9952733076911656,3500,0.9999910150144562,0.9999861086102939,0.9999952228744174,3500,0.8889969449301804,0.8856884942555768,0.8923074728786842,3500,0.8889969449301804,0.8856547800123498,0.892231841210029,3500,0.8942089486036522,0.8910137288006241,0.8974349412652214,3500,2.5981669979436057e-06,2.584841607936791e-06,2.6134666587625232e-06,3500,15.347689739697788,15.323008765346714,15.37187094955853,3500,902.986052475661,900.0584319238088,905.8406110323705,3500,9.488857142857142,9.466571428571429,9.512,3500
0.0,INTERNET-100,10,LIA_lambda1_per_s,3500,0.9488857142857144,0.9466285714285715,0.9510571428571429,3500,0.9942008215206275,0.9930327822778557,0.9952973296836828,3500,0.9941505526461041,0.9930155592047901,0.9952436086517427,3500,0.9941505526461041,0.993011106506047,0.9952414654218446,3500,0.9999496395557906,0.9999320820458607,0.9999657330393599,3500,0.8889871136728374,0.8856595660368561,0.8923170318257347,3500,0.8889871136728374,0.8856779823969092,0.8923324056359833,3500,0.8941963303278556,0.891008941537096,0.8973326591773102,3500,2.499584640775408e-06,2.4913952685892586e-06,2.5085013492831164e-06,3500,15.34759115734062,15.322511889002504,15.371935926171139,3500,902.9495183513725,900.0253772836168,905.8413413679857,3500,9.488857142857142,9.466,9.510857142857143,3500
0.0,INTERNET-100,10,LIA_lambda2_per_s,3500,0.9488857142857144,0.9465714285714287,0.9511428571428572,3500,0.9942008215206275,0.9930207672822893,0.9953025696903958,3500,0.9939962395965182,0.9928451292189668,0.9950950188515061,3500,0.9939962395965182,0.9928210195717633,0.9950963357266687,3500,0.9997942149126765,0.9997430649093775,0.9998412535640758,3500,0.888809858024436,0.8854302875333978,0.8920711908287119,3500,0.888809858024436,0.885477113925626,0.8920845834809928,3500,0.894012599068283,0.8907644850150301,0.8971570367159003,3500,2.484171518257686e-06,2.475165462653552e-06,2.4937994711633237e-06,3500,15.347575744218101,15.322071774319799,15.372012032357903,3500,902.8110807601132,899.8841879499018,905.7017706601166,3500,9.488857142857142,9.465714285714286,9.511714285714286,3500
0.0,INTERNET-100,10,SyncVCG,3500,0.9488857142857144,0.9466857142857145,0.9511428571428572,3500,0.9942008215206275,0.993023852190618,0.9952967439036715,3500,0.9942008215206275,0.9930445322855133,0.9952542204127487,3500,0.9942008215206275,0.9930440857456121,0.9953124133039002,3500,1.0,1.0,1.0,3500,0.8889480340882392,0.885634520207366,0.89232617691102,3500,0.8889480340882392,0.885644384600066,0.8922694859471411,3500,0.8941631354154979,0.8909471086491467,0.8973216853394356,3500,1.0655950754880905e-06,1.0576715559831688e-06,1.074330515361258e-06,3500,15.793542777594906,15.777286030608575,15.809258068823944,3500,902.9540842785282,899.9995291807115,905.8264465896685,3500,9.488857142857142,9.466285714285714,9.511142857142858,3500
0.0,INTERNET-100,20,BatchVCG_B10ms,3500,0.9516428571428571,0.9500428571428571,0.9532571428571428,3500,0.9977956692323507,0.9972879467852481,0.9982618560444186,3500,0.9692115841598306,0.9668203458442095,0.9714868103215543,3500,0.9692115841598306,0.9667875908691624,0.9714734798581216,3500,0.9713601573765939,0.9690218497702314,0.9736943090558725,3500,0.8870912922177576,0.8830982098431417,0.8909782199715772,3500,0.8870912922177576,0.8831007218137166,0.8910398110045892,3500,0.8890670402540428,0.88512380929826,0.8929986426500015,3500,1.7607685710702624e-06,1.7491017401750598e-06,1.7739021418882268e-06,3500,14.117597435038004,14.062170926155796,14.17199246573575,3500,922.2268010830379,919.5402195897951,924.8576917944768,3500,19.032857142857143,19.001428571428573,19.064,3500
0.0,INTERNET-100,20,BatchVCG_B1ms,3500,0.9516428571428571,0.9500428571428572,0.9532142857142856,3500,0.9977956692323507,0.9972766007354691,0.998271108000197,3500,0.601343329666865,0.5916960127124835,0.6107955719243813,3500,0.601343329666865,0.5913804726537184,0.6111845228466737,3500,0.6027026936655026,0.593004769267204,0.6124669005776576,3500,0.1392950841350613,0.1312643497505918,0.14723189646074833,3500,0.1392950841350613,0.13148717535080434,0.14726575425647365,3500,0.13960726970732662,0.13163565018463713,0.14768147939448814,3500,1.1372044682502747e-06,1.1309791223279067e-06,1.1443937263850655e-06,3500,5.43116506231553,5.360845275789724,5.501134481492754,3500,572.9182512641945,563.6993565582627,582.2674490105986,3500,19.032857142857143,19.000285714285713,19.064,3500
0.0,INTERNET-100,20,BatchVCG_B20ms,3500,0.9516428571428571,0.9500428571428571,0.9531999999999999,3500,0.9977956692323507,0.9972863332268471,0.9982628710874489,3500,0.9977956692323507,0.9972907738509801,0.998264921998294,3500,0.9977956692323507,0.9972734176947272,0.9982582807681362,3500,1.0,1.0,1.0,3500,0.9469665125624559,0.9452557403047375,0.9486317050535437,3500,0.9469665125624559,0.9452449792016107,0.9486546086764341,3500,0.9490561791671769,0.9474566103653372,0.9506503033288698,3500,1.9529453877891814e-06,1.946531675223793e-06,1.960037083231977e-06,3500,16.040472807715563,16.03249305853031,16.048440339714,3500,949.2674558626773,947.7180795847447,950.8076011122025,3500,19.032857142857143,19.00142142857143,19.06457142857143,3500
0.0,INTERNET-100,20,BatchVCG_B50ms,3500,0.9516428571428571,0.9500285714285714,0.9532285714285714,3500,0.9977956692323507,0.9972804088037349,0.9982676289058936,3500,0.9977956692323507,0.9972920867106966,0.9982582947623637,3500,0.9977956692323507,0.9972838094949977,0.9982613223088893,3500,1.0,1.0,1.0,3500,0.9469665125624559,0.9452559889885535,0.948652015560546,3500,0.9469665125624559,0.9452671217453608,0.9486727542658806,3500,0.9490561791671769,0.9474500191783746,0.9506536590804742,3500,1.9031427800655364e-06,1.8948417689119067e-06,1.9140511152467558e-06,3500,16.040423005107836,16.03240914341174,16.04833658154812,3500,949.26746058955,947.708986075897,950.8033395450641,3500,19.032857142857143,19.001142857142856,19.064285714285713,3500
0.0,INTERNET-100,20,BatchVCG_B5ms,3500,0.9516428571428571,0.9500424999999999,0.9531999999999999,3500,0.9977956692323507,0.9972861994505073,0.9982620494942881,3500,0.828137978320022,0.8213753709259236,0.8349924573384513,3500,0.828137978320022,0.8214474660072014,0.8348036048853814,3500,0.8299717600559652,0.8230731008922978,0.8367207349182508,3500,0.6063222282676348,0.5968755686403694,0.6158337731476434,3500,0.6063222282676348,0.5968057029779885,0.6157586890182931,3500,0.6076432586946484,0.5980449084227938,0.6171281156209011,3500,1.3380316751343864e-06,1.3284589629620313e-06,1.3488600762294872e-06,3500,9.431241712239062,9.360250342023562,9.502256499155006,3500,788.3885156681534,781.5917634613313,794.7739202697865,3500,19.032857142857143,19.00057142857143,19.064285714285713,3500
0.0,INTERNET-100,20,FastVCG,3500,0.9516428571428571,0.9500142857142856,0.9532285714285713,3500,0.9977956692323507,0.9972804505979924,0.9982583609286682,3500,0.5313372529953192,0.5214680677111315,0.5412991245535683,3500,0.5313372529953192,0.5213639355358302,0.5411892842696255,3500,0.5325248394746676,0.5225058397757097,0.5426566879439975,3500,0.0,0.0,0.0,3500,0.0,0.0,0.0,3500,0.0,0.0,0.0,3500,1.0880372886146818e-06,1.0856278174157653e-06,1.0905191701437746e-06,3500,4.431115895135894,4.360889541331406,4.499445667677673,3500,506.39218764922833,496.9184406941216,516.0217006888801,3500,19.032857142857143,19.001714285714286,19.06457142857143,3500
0.0,INTERNET-100,20,HoldBack,3500,0.9516428571428571,0.9500428571428571,0.9531999999999999,3500,0.9977956692323507,0.9973004744262929,0.9982571139554665,3500,0.9977956692323507,0.9972941050889758,0.998261710328032,3500,0.9977956692323507,0.9972917633095362,0.9982641151932692,3500,1.0,1.0,1.0,3500,0.9469665125624559,0.9452851460485187,0.9486604185567661,3500,0.9469665125624559,0.9453031260749081,0.9486522691494099,3500,0.9490561791671769,0.9474600945574545,0.9506304126476163,3500,1.282780830349241e-06,1.276572042011789e-06,1.2902778972472463e-06,3500,16.039802643158122,16.031770073033304,16.047865776213037,3500,949.2675194596096,947.712336709167,950.7949255868913,3500,19.032857142857143,19.001714285714286,19.064857142857143,3500
0.0,INTERNET-100,20,LIA_lambda0.5_per_s,3500,0.9516428571428571,0.9500571428571428,0.9532289285714286,3500,0.9977956692323507,0.9972717166142498,0.9982582719312219,3500,0.9977687099857896,0.997256410868753,0.998238201918815,3500,0.9977687099857896,0.9972419261995394,0.9982429593479442,3500,0.9999729232995334,0.9999633291189877,0.9999816922367809,3500,0.9468496072271743,0.9451244269353748,0.948526250004403,3500,0.9468496072271743,0.9451486986101281,0.9485487607716415,3500,0.9489391303855433,0.947333917719609,0.9505104106753383,3500,4.334626719355584e-06,4.3193784475858715e-06,4.3518704894397945e-06,3500,15.842019701959753,15.828829150681647,15.854897326301687,3500,949.260503999802,947.7456872286693,950.8081135533365,3500,19.032857142857143,19.001714285714286,19.064864285714286,3500
0.0,INTERNET-100,20,LIA_lambda1_per_s,3500,0.9516428571428571,0.9500710714285713,0.9532285714285713,3500,0.9977956692323507,0.9972947679916258,0.9982662786553006,3500,0.997712619357062,0.9972038336841391,0.9981876073920739,3500,0.997712619357062,0.9972041008797845,0.9981799715052172,3500,0.9999168011593788,0.9998929984110606,0.9999380577315996,3500,0.9466681648615255,0.9449650971635192,0.9483409371186841,3500,0.9466681648615255,0.9450502111805712,0.9483347176444467,3500,0.9487574084264737,0.9471914314799179,0.9503478720367239,3500,4.2275022715330125e-06,4.213974405346172e-06,4.242148376735193e-06,3500,15.84191257751193,15.828767064828243,15.854534036344235,3500,949.2066140937411,947.6593771403249,950.7525165578427,3500,19.032857142857143,19.001428571428573,19.064285714285713,3500
0.0,INTERNET-100,20,LIA_lambda2_per_s,3500,0.9516428571428571,0.9500428571428571,0.9532142857142857,3500,0.9977956692323507,0.9972962201044647,0.998264725520364,3500,0.9974255017515302,0.9969128964111478,0.9978893894951947,3500,0.9974255017515302,0.996920696778693,0.9979024355493944,3500,0.9996290399042105,0.9995627932227993,0.9996907647506417,3500,0.9459991142928279,0.9443424981191655,0.9476378942372311,3500,0.9459991142928279,0.9443510212054854,0.9476377742722554,3500,0.9480869973346198,0.9464738150082893,0.9496566137055277,3500,4.212493609104838e-06,4.196667983861906e-06,4.230727122298309e-06,3500,15.841897568849502,15.828946713663951,15.854617205745653,3500,948.9321553411829,947.3671554409385,950.4939292075752,3500,19.032857142857143,19.001428571428573,19.063714285714287,3500
0.0,INTERNET-100,20,SyncVCG,3500,0.9516428571428571,0.9500428571428571,0.9532142857142857,3500,0.9977956692323507,0.997287472746062,0.9982678560259078,3500,0.9977956692323507,0.9972812298982875,0.9982657638004434,3500,0.9977956692323507,0.9972842190994421,0.9982641328097461,3500,1.0,1.0,1.0,3500,0.9469665125624559,0.9452882623043348,0.9486116195162537,3500,0.9469665125624559,0.9452943063350936,0.9486251839342275,3500,0.9490561791671769,0.9474231481148622,0.950644655977916,3500,1.877262390085629e-06,1.8520821617650133e-06,1.904219129521932e-06,3500,16.04039712471786,16.032355143604608,16.04827600533152,3500,949.2674629580105,947.7297233020456,950.7755401071778,3500,19.032857142857143,19.001707142857143,19.064857142857143,3500
0.0,INTERNET-100,30,BatchVCG_B10ms,3500,0.9507904761904764,0.9495045238095239,0.9521047619047619,3500,0.9984507670064535,0.9981215767928524,0.9987569509271289,3500,0.9718302144224612,0.9698827029383514,0.9737654045430209,3500,0.9718302144224612,0.9698204817619828,0.9738172641918889,3500,0.9733390345943239,0.9713074948941067,0.9752908354546597,3500,0.9106959893672512,0.9077587636760591,0.9137661803127788,3500,0.9106959893672512,0.907675767781442,0.9136622856816133,3500,0.9121170571707989,0.909120893646849,0.9150533297785822,3500,2.3143618766750607e-06,2.304362618763532e-06,2.3241412227175065e-06,3500,13.699750924940902,13.646805408209975,13.751565473092402,3500,939.2196927846953,936.9948420220809,941.367250667529,3500,28.523714285714284,28.48485714285714,28.562,3500
0.0,INTERNET-100,30,BatchVCG_B1ms,3500,0.9507904761904764,0.9494857142857144,0.9520761904761905,3500,0.9984507670064535,0.9981210311301733,0.9987582109480618,3500,0.5932583830168843,0.583305510475353,0.602814898763297,3500,0.5932583830168843,0.5834330087521412,0.6029357161051512,3500,0.5941500089168504,0.5843681250564831,0.6038300173134846,3500,0.1635907258025169,0.1549374390135868,0.17221817224472794,3500,0.1635907258025169,0.15512224496601898,0.17213833824513305,3500,0.1638786163087722,0.15527128911591,0.17244394216245088,3500,1.4368207859141485e-06,1.4313208937112773e-06,1.4430530036666563e-06,3500,4.805566204682854,4.745827783672166,4.865375448080449,3500,573.9872979651948,564.4544914184994,583.3551150658498,3500,28.523714285714284,28.484571428571428,28.562,3500
0.0,INTERNET-100,30,BatchVCG_B20ms,3500,0.9507904761904764,0.9494857142857144,0.9520666666666667,3500,0.9984507670064535,0.9981136144504524,0.9987578080838179,3500,0.9984507670064535,0.9981240946461836,0.9987569425691739,3500,0.9984507670064535,0.9981198568466068,0.9987604939990726,3500,1.0,1.0,1.0,3500,0.9630443242291965,0.9618635668637832,0.9641988294055213,3500,0.9630443242291965,0.9618567275351496,0.9642034506911891,3500,0.9645463052132465,0.9633916195418735,0.9656771872951206,3500,2.6758448886019843e-06,2.6679856503116234e-06,2.684953955135175e-06,3500,16.120557423051633,16.115498849594594,16.12564479113477,3500,964.6633892225732,963.5528108123399,965.728451434339,3500,28.523714285714284,28.484285714285715,28.562285714285714,3500
0.0,INTERNET-100,30,BatchVCG_B50ms,3500,0.9507904761904764,0.9495047619047621,0.9520666666666667,3500,0.9984507670064535,0.9981293587621985,0.9987570638655171,3500,0.9984507670064535,0.9981238205646099,0.998766383204162,3500,0.9984507670064535,0.9981234697727593,0.9987661559894518,3500,1.0,1.0,1.0,3500,0.9630443242291965,0.9618362230290742,0.9641940018005077,3500,0.9630443242291965,0.9618684804474701,0.9642121633468916,3500,0.9645463052132465,0.9634056141656623,0.9657064922716192,3500,2.6145859488419124e-06,2.6083883563322677e-06,2.621516858094505e-06,3500,16.120496164111874,16.115437751268175,16.125539459228406,3500,964.6633951130217,963.5779733737618,965.7370126607696,3500,28.523714285714284,28.48485714285714,28.56342857142857,3500
0.0,INTERNET-100,30,BatchVCG_B5ms,3500,0.9507904761904764,0.9494952380952382,0.9520666666666667,3500,0.9984507670064535,0.9981275344564479,0.9987651795907336,3500,0.8390809531515543,0.8329651227809678,0.8452488520110585,3500,0.8390809531515543,0.8328327145872654,0.8451739210070515,3500,0.8403931471716917,0.8341578091832067,0.8466981877932434,3500,0.6454435737895087,0.6365984847401835,0.6541360650747698,3500,0.6454435737895087,0.6365675222245261,0.6540513242163845,3500,0.6464262374428189,0.6375731543725736,0.6553732909980544,3500,1.6905244972024646e-06,1.680758987952556e-06,1.7010873715792383e-06,3500,8.805819908394142,8.745559266496574,8.865529613595701,3500,811.3183974267431,805.311232091617,817.3455996634067,3500,28.523714285714284,28.484285714285715,28.561714285714285,3500
0.0,INTERNET-100,30,FastVCG,3500,0.9507904761904764,0.9495238095238097,0.9520669047619048,3500,0.9984507670064535,0.9981244787451641,0.9987636656742679,3500,0.514083736520616,0.5041802494317019,0.5242726254831879,3500,0.514083736520616,0.5042849935015692,0.5239473791547044,3500,0.5148019827878115,0.5049064162581759,0.5245612152682713,3500,0.0,0.0,0.0,3500,0.0,0.0,0.0,3500,0.0,0.0,0.0,3500,1.391662284731865e-06,1.38456007199628e-06,1.4004909566470554e-06,3500,3.805521046181671,3.7456038198454644,3.8648802938887035,3500,497.31334189805654,487.70219449358683,506.94763718134675,3500,28.523714285714284,28.484564285714285,28.562,3500
0.0,INTERNET-100,30,HoldBack,3500,0.9507904761904764,0.9495047619047621,0.9520476190476191,3500,0.9984507670064535,0.9981299951449694,0.998756703847289,3500,0.9984507670064535,0.9981153232965543,0.9987605343575918,3500,0.9984507670064535,0.9981194915559469,0.9987601598395842,3500,1.0,1.0,1.0,3500,0.9630443242291965,0.9618368646736976,0.9642125865369265,3500,0.9630443242291965,0.9618790456646392,0.9641923606923337,3500,0.9645463052132465,0.9634060931670535,0.9657103579324663,3500,1.7878442470516478e-06,1.7818506674042769e-06,1.7956225001918418e-06,3500,16.119669422410084,16.11453550882252,16.124600828335904,3500,964.6634748588476,963.5889562555916,965.7154133034819,3500,28.523714285714284,28.48485714285714,28.562285714285714,3500
0.0,INTERNET-100,30,LIA_lambda0.5_per_s,3500,0.9507904761904764,0.9494857142857144,0.9520857142857143,3500,0.9984507670064535,0.9981211105614751,0.9987503133086411,3500,0.9984177726736578,0.9980879727209918,0.998718706324625,3500,0.9984177726736578,0.9980823452787637,0.9987246322702239,3500,0.9999669518728599,0.9999578562863121,0.9999754863429978,3500,0.9629631848447127,0.9617853716607749,0.9641223962166862,3500,0.9629631848447127,0.961790930415878,0.9640956297431945,3500,0.9644645894007764,0.9633406881563087,0.9655963171979347,3500,6.054607885224478e-06,6.037459981494716e-06,6.0735581110098535e-06,3500,16.011032858650637,16.002766503733728,16.019092459623405,3500,964.6420928982544,963.5452545699695,965.7100732086517,3500,28.523714285714284,28.484285714285715,28.562285714285714,3500
0.0,INTERNET-100,30,LIA_lambda1_per_s,3500,0.9507904761904764,0.9494952380952383,0.9520857142857143,3500,0.9984507670064535,0.9981018752518929,0.998760324154823,3500,0.9983188021282308,0.9979867203398879,0.9986210779733966,3500,0.9983188021282308,0.9979875613497957,0.9986303557277586,3500,0.9998679164142941,0.9998392075523288,0.999893924516644,3500,0.9627599490018687,0.9615728806884147,0.9639223154763836,3500,0.9627599490018687,0.9616005044851564,0.9639262042548661,3500,0.964260814845837,0.9631178211289273,0.9653873329186772,3500,5.9432062719549455e-06,5.924529622175863e-06,5.964050255715847e-06,3500,16.010921457037366,16.00280169265985,16.01867685769925,3500,964.5459582465679,963.4354223283902,965.63226590265,3500,28.523714285714284,28.484285714285715,28.561714285714285,3500
0.0,INTERNET-100,30,LIA_lambda2_per_s,3500,0.9507904761904764,0.9495047619047621,0.9520761904761905,3500,0.9984507670064535,0.9981214783548797,0.9987592808420479,3500,0.997949651570128,0.9976124650810269,0.9982727160347756,3500,0.997949651570128,0.9976100189892272,0.998257399591391,3500,0.9994984581772753,0.999428642306532,0.9995659693241397,3500,0.9620082884076422,0.9608348989524608,0.963147520839369,3500,0.9620082884076422,0.9608471928626651,0.9631786436417874,3500,0.9635078215397496,0.9623667150628633,0.9646555180338952,3500,5.905497020908764e-06,5.8906766386436565e-06,5.9212911142302415e-06,3500,16.01088374778632,16.00295868326433,16.01872945511216,3500,964.1890133563996,963.0859717917059,965.2291166382962,3500,28.523714285714284,28.484571428571428,28.562571428571427,3500
0.0,INTERNET-100,30,SyncVCG,3500,0.9507904761904764,0.9495333333333333,0.9520476190476191,3500,0.9984507670064535,0.9981161448614888,0.9987577426013426,3500,0.9984507670064535,0.9981341651726242,0.9987566779587468,3500,0.9984507670064535,0.9981167963065736,0.9987589747548453,3500,1.0,1.0,1.0,3500,0.9630443242291965,0.961876711090723,0.9642097077785952,3500,0.9630443242291965,0.961855631543761,0.9642195559856961,3500,0.9645463052132465,0.9634240609635485,0.9656911495956536,3500,2.1825382219893594e-06,2.168812323361635e-06,2.200525014528206e-06,3500,16.12006411638502,16.114933076671882,16.124918370404,3500,964.6634367797161,963.5621651006647,965.7633859527912,3500,28.523714285714284,28.484285714285715,28.56142857142857,3500
0.0,INTERNET-100,40,BatchVCG_B10ms,3500,0.949492857142857,0.9483642857142858,0.9506499999999999,3500,0.9985200747387457,0.998215967543305,0.9987975757190389,3500,0.9738019503275495,0.972166788261371,0.9753660930700343,3500,0.9738019503275495,0.9722093275927447,0.975380671433594,3500,0.9752510582555806,0.973659594025518,0.9768005103358419,3500,0.9240039518155324,0.9214245628731982,0.9264494265018003,3500,0.9240039518155324,0.9214754843848276,0.9264703729205918,3500,0.9253676977903766,0.9228945533299636,0.927793541964645,3500,2.839962552700724e-06,2.8274362973336663e-06,2.8529822826385497e-06,3500,13.338074569905574,13.287364784529341,13.389239284592374,3500,949.0909557960443,947.3225010475336,950.8322241047251,3500,37.97971428571429,37.931714285714285,38.02542857142857,3500
0.0,INTERNET-100,40,BatchVCG_B1ms,3500,0.949492857142857,0.9483285714285713,0.950642857142857,3500,0.9985200747387457,0.9982157632305686,0.9987980150162116,3500,0.5961999151677464,0.586475769023477,0.6055536689996965,3500,0.5961999151677464,0.5866455030054565,0.6058331968735098,3500,0.597133626635361,0.5874904535561402,0.6068259783274288,3500,0.1767991784829612,0.1681883692004401,0.18556076393570298,3500,0.1767991784829612,0.1680430227792809,0.18504722753172168,3500,0.17706745979766284,0.16849182846664434,0.18593946461440225,3500,1.7262816961322513e-06,1.7196523890431436e-06,1.734270341694355e-06,3500,4.388191122739152,4.334406404346752,4.441166270538527,3500,581.6030458440165,572.1857378034439,590.6987690475885,3500,37.97971428571429,37.933707142857145,38.026,3500
0.0,INTERNET-100,40,BatchVCG_B20ms,3500,0.949492857142857,0.9483212499999999,0.9506428571428571,3500,0.9985200747387457,0.9982151906069271,0.9987935354991477,3500,0.9985200747387457,0.9982132175003002,0.998800645791421,3500,0.9985200747387457,0.9982228826836544,0.9988039157153863,3500,1.0,1.0,1.0,3500,0.9716854509355425,0.9707549480913745,0.9726068449687729,3500,0.9716854509355425,0.9707483377400052,0.972593323980405,3500,0.9731202016615085,0.9722380532634893,0.973973815199974,3500,3.380699615393366e-06,3.369994381708758e-06,3.392564538600189e-06,3500,16.152409498710004,16.14862135512923,16.15593669281651,3500,972.8916958249557,972.0341878776229,973.7462076766285,3500,37.97971428571429,37.934,38.02542857142857,3500
0.0,INTERNET-100,40,BatchVCG_B50ms,3500,0.949492857142857,0.9483285714285713,0.9506285714285714,3500,0.9985200747387457,0.9982202334353621,0.9988042572215009,3500,0.9985200747387457,0.9982111988730805,0.9987972424039433,3500,0.9985200747387457,0.998216118273808,0.9988029153215334,3500,1.0,1.0,1.0,3500,0.9716854509355425,0.9707639373998993,0.9725855473357989,3500,0.9716854509355425,0.9707461166778217,0.9725926167415676,3500,0.9731202016615085,0.9722469573196076,0.9739834571773516,3500,3.3423158207109994e-06,3.3282649304185597e-06,3.359627038506525e-06,3500,16.15237111491532,16.148575878704186,16.15603150561308,3500,972.8916995732446,972.0064871760686,973.744526626256,3500,37.97971428571429,37.934,38.024857142857144,3500
0.0,INTERNET-100,40,BatchVCG_B5ms,3500,0.949492857142857,0.9483355357142855,0.9506501785714284,3500,0.9985200747387457,0.9982187586691551,0.9988063819538401,3500,0.8537308794047679,0.8479923367178597,0.8592467793495767,3500,0.8537308794047679,0.8480902945638908,0.8593739041831414,3500,0.8550287891022812,0.8492407017783825,0.8607941748366547,3500,0.6854234467320862,0.6772958240407225,0.6932788914037941,3500,0.6854234467320862,0.6774024629317699,0.6932859921435072,3500,0.6864508169510447,0.6783845709684676,0.6943255014406191,3500,2.0321650164467946e-06,2.0228307428104537e-06,2.0421759957181556e-06,3500,8.388497006059467,8.333871946872613,8.441639640379307,3500,832.5368436486038,827.1001403132502,838.1784812927433,3500,37.97971428571429,37.93371428571429,38.02542857142857,3500
0.0,INTERNET-100,40,FastVCG,3500,0.949492857142857,0.9483214285714285,0.9506357142857141,3500,0.9985200747387457,0.9982168564267906,0.9987995280913796,3500,0.5091017352969078,0.49955558194730465,0.5186617450356168,3500,0.5091017352969078,0.4993195169153638,0.5190165586017645,3500,0.5099105910473164,0.5001689131991952,0.5196458861652865,3500,0.0,0.0,0.0,3500,0.0,0.0,0.0,3500,0.0,0.0,0.0,3500,1.6718884663922446e-06,1.6662821240190949e-06,1.6791466690067734e-06,3500,3.3881367295094122,3.3337544836630895,3.442210679937665,3500,496.6667950482614,487.39999156178976,506.3207766147334,3500,37.97971428571429,37.934,38.02543571428571,3500
0.0,INTERNET-100,40,HoldBack,3500,0.949492857142857,0.9483426785714285,0.9506285714285714,3500,0.9985200747387457,0.9982177263540031,0.9988093375456819,3500,0.9985200747387457,0.9982114946730615,0.9988026881474545,3500,0.9985200747387457,0.9982178059479319,0.9988029162943757,3500,1.0,1.0,1.0,3500,0.9716854509355425,0.9707939496555312,0.9725627916269068,3500,0.9716854509355425,0.9707610755699172,0.9726073490522548,3500,0.9731202016615085,0.9722392944318278,0.9739512889624315,3500,2.3273825645446776e-06,2.3162310809961383e-06,2.3402237865541664e-06,3500,16.151356181659153,16.1476355456197,16.15499317577893,3500,972.8917983547992,972.0453585080064,973.7388003824159,3500,37.97971428571429,37.934,38.02514285714286,3500
0.0,INTERNET-100,40,LIA_lambda0.5_per_s,3500,0.949492857142857,0.948342857142857,0.9506071428571428,3500,0.9985200747387457,0.9982244821246758,0.9988042159481899,3500,0.9984680656901629,0.9981647300046388,0.998753728760518,3500,0.9984680656901629,0.9981528571981079,0.9987501751810556,3500,0.9999479574096036,0.9999363208642758,0.9999590411576779,3500,0.9715701065814171,0.9706471634035032,0.9724984933000228,3500,0.9715701065814171,0.9706328479420309,0.9724634315288144,3500,0.9730038491863362,0.9721225597397248,0.9738463198246374,3500,7.783357320087296e-06,7.759108979787146e-06,7.809145988098213e-06,3500,16.082430819577944,16.076547313491343,16.088218132639074,3500,972.8477145339504,971.9897351082834,973.6880466980554,3500,37.97971428571429,37.93371428571429,38.02542857142857,3500
0.0,INTERNET-100,40,LIA_lambda1_per_s,3500,0.949492857142857,0.9483571428571429,0.9506357142857141,3500,0.9985200747387457,0.9982080580301382,0.9988014474576904,3500,0.9982919651431973,0.9979882390655375,0.9985807610018188,3500,0.9982919651431973,0.9979859731499485,0.9985763642525678,3500,0.9997717500902573,0.9997359156536214,0.9998069666489288,3500,0.9712350281615062,0.9703399020926405,0.9721536761501278,3500,0.9712350281615062,0.9703352990733457,0.9721615683046939,3500,0.9726676717062915,0.9718045342011684,0.9735207649390615,3500,7.65523740223476e-06,7.63289733523769e-06,7.678598318515079e-06,3500,16.08230269966009,16.07675471564815,16.088083649947347,3500,972.6767417987895,971.8101603069971,973.5254045849249,3500,37.97971428571429,37.93342857142857,38.02514285714286,3500
0.0,INTERNET-100,40,LIA_lambda2_per_s,3500,0.949492857142857,0.948342857142857,0.9506499999999999,3500,0.9985200747387457,0.9982184454240209,0.9988014583585293,3500,0.997953917120548,0.9976415955792278,0.9982471478141819,3500,0.997953917120548,0.9976432411232994,0.9982417214267484,3500,0.9994335759800409,0.999361749756096,0.9995016856191601,3500,0.9703622402339986,0.9694595994633727,0.9712627648239771,3500,0.9703622402339986,0.9694255206962251,0.9712550840036237,3500,0.971793215158278,0.9709239807649044,0.9726486809115238,3500,7.624824664422444e-06,7.604443341759699e-06,7.646655011922122e-06,3500,16.08227228692228,16.07648490582239,16.08777009295046,3500,972.3481510071658,971.4768701962257,973.2027319679191,3500,37.97971428571429,37.93371428571429,38.02628571428571,3500
0.0,INTERNET-100,40,SyncVCG,3500,0.949492857142857,0.9483426785714285,0.9506285714285714,3500,0.9985200747387457,0.9982187242912751,0.9988060245243343,3500,0.9985200747387457,0.9982248555328306,0.9988023331038363,3500,0.9985200747387457,0.99821436945451,0.9988075977420633,3500,1.0,1.0,1.0,3500,0.9716854509355425,0.9707770403663779,0.9726095359100939,3500,0.9716854509355425,0.970771516499687,0.9725957934356408,3500,0.9731202016615085,0.9722373739814896,0.9739824569955118,3500,2.795315480657986e-06,2.780829123886568e-06,2.8104401326605253e-06,3500,16.151824114575266,16.14809874366447,16.15549451287249,3500,972.8917528318287,972.0026223171485,973.7559179823689,3500,37.97971428571429,37.93371428571429,38.02542857142857,3500
0.0,INTERNET-100,50,BatchVCG_B10ms,3500,0.9500914285714285,0.9490571428571428,0.9511430000000001,3500,0.9989842559020968,0.9987646148547904,0.9991889340427678,3500,0.9772291988330359,0.9758355277799089,0.9785879223903992,3500,0.9772291988330359,0.9758381076409625,0.9785555490689635,3500,0.9782159571154568,0.9768350216476467,0.9795810893276763,3500,0.9327567672480326,0.9305645699719411,0.9348951626181347,3500,0.9327567672480326,0.9305910586054238,0.9348701960071513,3500,0.9336971264099604,0.9315291005634238,0.9358562405779315,3500,3.3506258789982116e-06,3.332459181547165e-06,3.3712507957326515e-06,3500,13.012187644798109,12.96529209545399,13.059393829592578,3500,957.1566733224281,955.625707970466,958.6528404010746,3500,47.50457142857143,47.452285714285715,47.556,3500
0.0,INTERNET-100,50,BatchVCG_B1ms,3500,0.9500914285714285,0.9490684285714285,0.9511199999999999,3500,0.9989842559020968,0.9987649866076251,0.9991872721750166,3500,0.606420641276951,0.5969861118489204,0.6157157162812529,3500,0.606420641276951,0.5967159439111344,0.6159935430484234,3500,0.6069949981757521,0.5973177187117023,0.6162850686910433,3500,0.1885626984906047,0.17970133224031082,0.19761623795216596,3500,0.1885626984906047,0.17970157047582505,0.19741005498003883,3500,0.18872044151904008,0.17998266858906406,0.19791313845536226,3500,2.029671732868467e-06,2.010036392935685e-06,2.0611367720578397e-06,3500,4.026636250777911,3.97730768221457,4.075337913174235,3500,594.5275284356678,585.1698427749393,603.8462657427777,3500,47.50457142857143,47.452,47.556285714285714,3500
0.0,INTERNET-100,50,BatchVCG_B20ms,3500,0.9500914285714285,0.9490742857142858,0.951137142857143,3500,0.9989842559020968,0.9987608136803151,0.999189294926467,3500,0.9989842559020968,0.9987647171177851,0.9991911659270469,3500,0.9989842559020968,0.9987550328682043,0.9991929788440249,3500,1.0,1.0,1.0,3500,0.9783975044386843,0.9777161599887606,0.9790735447790112,3500,0.9783975044386843,0.9777097961052205,0.9790736767118038,3500,0.9793905587302404,0.978747418890381,0.9800165290592804,3500,4.103461014372962e-06,4.081301470952374e-06,4.136093340015837e-06,3500,16.17836705028501,16.17575362339001,16.180970108932875,3500,978.1467820589629,977.4708067389705,978.8162979610452,3500,47.50457142857143,47.45285,47.55629285714286,3500
0.0,INTERNET-100,50,BatchVCG_B50ms,3500,0.9500914285714285,0.9490685714285714,0.9511314285714286,3500,0.9989842559020968,0.9987600562740415,0.9991913017736774,3500,0.9989842559020968,0.9987559791198507,0.9991913165486114,3500,0.9989842559020968,0.998758333860535,0.9991884346291683,3500,1.0,1.0,1.0,3500,0.9783975044386843,0.977711851876896,0.9790619170560139,3500,0.9783975044386843,0.977715369384245,0.9790654600658487,3500,0.9793905587302404,0.9787530730594206,0.9800135070590402,3500,4.046301490494183e-06,4.033202438482216e-06,4.06382984614798e-06,3500,16.17830989076113,16.17560088129788,16.180911331750128,3500,978.1467876614491,977.4565396024103,978.8125728237936,3500,47.50457142857143,47.454,47.5563,3500
0.0,INTERNET-100,50,BatchVCG_B5ms,3500,0.9500914285714285,0.9490398571428571,0.95112,3500,0.9989842559020968,0.9987641724381405,0.9991876779162551,3500,0.8708370154143141,0.8658402219226196,0.8758075690212708,3500,0.8708370154143141,0.8658439338602608,0.8757054567976817,3500,0.8716824696951565,0.8666222246548428,0.8765544620710584,3500,0.7158379043639486,0.7085111480535593,0.72309504206854,3500,0.7158379043639486,0.7084444474523363,0.7229696308887664,3500,0.7165305497409996,0.7093679411015228,0.7236709759920177,3500,2.3669270532471794e-06,2.3564968856849844e-06,2.377778910366552e-06,3500,8.02697350609829,7.978579636142147,8.076649715332955,3500,853.3528543876245,848.4074608567735,858.2430613550179,3500,47.50457142857143,47.45342142857143,47.55600714285714,3500
0.0,INTERNET-100,50,FastVCG,3500,0.9500914285714285,0.9490685714285714,0.9511371428571429,3500,0.9989842559020968,0.998762211502636,0.999189237479869,3500,0.5110841430573982,0.5014258811019949,0.5208608104061015,3500,0.5110841430573982,0.5012229286166823,0.5209670475292808,3500,0.5116100349688858,0.5018242771873724,0.5213945972638568,3500,0.0,0.0,0.0,3500,0.0,0.0,0.0,3500,0.0,0.0,0.0,3500,1.9627814846379414e-06,1.9557842851749488e-06,1.9718609018517396e-06,3500,3.0265693605296806,2.9781773422405715,3.074734945183747,3500,501.13397452153566,491.42877249683636,510.62770061323164,3500,47.50457142857143,47.45285714285714,47.55657142857143,3500
0.0,INTERNET-100,50,HoldBack,3500,0.9500914285714285,0.9490342857142857,0.9511430000000002,3500,0.9989842559020968,0.9987627641603061,0.9991854394133562,3500,0.9989842559020968,0.9987617340429547,0.9991951654755782,3500,0.9989842559020968,0.9987586881460571,0.9991919477748125,3500,1.0,1.0,1.0,3500,0.9783975044386843,0.9777195186442387,0.9790620539166558,3500,0.9783975044386843,0.9777388054769722,0.9790717435672381,3500,0.9793905587302404,0.9787485230853495,0.9800335232756415,3500,2.8356718165533883e-06,2.825484285131097e-06,2.848119255421417e-06,3500,16.17709926108719,16.174437371401073,16.1796510344481,3500,978.1469061016297,977.4938758012783,978.8142362377077,3500,47.50457142857143,47.45285,47.556285714285714,3500
0.0,INTERNET-100,50,LIA_lambda0.5_per_s,3500,0.9500914285714285,0.9490857142857143,0.95112,3500,0.9989842559020968,0.9987640291333844,0.9991858181422261,3500,0.998917684799682,0.9986924467692722,0.9991245165735042,3500,0.998917684799682,0.9986957922964306,0.9991240572773992,3500,0.999933351013262,0.9999185465335492,0.9999469482997848,3500,0.9782731543110618,0.9776083514001295,0.9789386629191944,3500,0.9782731543110618,0.9776009255727379,0.9789300501593362,3500,0.9792662713619585,0.9786198584568256,0.979900945851636,3500,9.48239942746503e-06,9.457094927451441e-06,9.50888374022075e-06,3500,16.13187504142096,16.127596763292686,16.136033357295197,3500,978.0862303428306,977.4120876768657,978.7364935284335,3500,47.50457142857143,47.45285714285714,47.557428571428574,3500
0.0,INTERNET-100,50,LIA_lambda1_per_s,3500,0.9500914285714285,0.9490400000000001,0.9511085714285714,3500,0.9989842559020968,0.998763118774989,0.9991914731135119,3500,0.9987682923902048,0.9985470660051396,0.998971904820522,3500,0.9987682923902048,0.9985440460386271,0.9989747738163625,3500,0.9997838459122789,0.9997498454419775,0.9998166049303352,3500,0.9779592566340798,0.9772878753349146,0.9786167202973248,3500,0.9779592566340798,0.9772779726130291,0.9786186204579985,3500,0.9789521958231302,0.9783169688492969,0.9795863651431497,3500,9.360158549887793e-06,9.33402561848717e-06,9.391462902671525e-06,3500,16.13175280054338,16.12745712290054,16.135984826536184,3500,977.9399099655559,977.2726882315429,978.6080155340098,3500,47.50457142857143,47.45314285714286,47.55685714285714,3500
0.0,INTERNET-100,50,LIA_lambda2_per_s,3500,0.9500914285714285,0.9490457142857143,0.95112,3500,0.9989842559020968,0.9987606819948924,0.9991884486067953,3500,0.9982266010564396,0.9979929520488467,0.9984489540758782,3500,0.9982266010564396,0.9979928991543333,0.9984486674193693,3500,0.9992419170927422,0.9991562495773252,0.9993241735177695,3500,0.9769101794338622,0.9762310879962243,0.977569825060303,3500,0.9769101794338622,0.9762484894826414,0.9775607496342625,3500,0.977902787469931,0.9772746377723897,0.9785323933612108,3500,9.33893131358283e-06,9.313722793012857e-06,9.367377676868012e-06,3500,16.13173157330708,16.12753276546934,16.13590270955751,3500,977.40987507676,976.7460503677972,978.0836221632045,3500,47.50457142857143,47.45285714285714,47.556,3500
0.0,INTERNET-100,50,SyncVCG,3500,0.9500914285714285,0.9490514285714287,0.9511142857142856,3500,0.9989842559020968,0.9987607220668068,0.9991873235499628,3500,0.9989842559020968,0.998764030380085,0.9991922752610575,3500,0.9989842559020968,0.9987613080718943,0.9991872057594612,3500,1.0,1.0,1.0,3500,0.9783975044386843,0.9777256513108734,0.9790772529118216,3500,0.9783975044386843,0.9777101029810876,0.9790587154377057,3500,0.9793905587302404,0.9787323597179126,0.9800146552858878,3500,4.126648019467081e-06,4.092404352767127e-06,4.16275902119066e-06,3500,16.178390237290106,16.175707056398466,16.180952819649807,3500,978.1467798360009,977.4620384071682,978.8003598687874,3500,47.50457142857143,47.45257142857143,47.55571428571429,3500
0.0,STARLINK-200,10,BatchVCG_B10ms,3500,0.9486000000000001,0.9462285714285715,0.9509142857142858,3500,0.9949837311786177,0.9939496005626671,0.9959503200380918,3500,0.701552817740894,0.6919218267493288,0.7109861340880905,3500,0.701552817740894,0.6921326355345461,0.7109995948480106,3500,0.7050675376718044,0.6953487714629407,0.7147021076911791,3500,0.2960005749566927,0.28549946609450516,0.3067283162699551,3500,0.2960005749566927,0.2854415390870467,0.30637368089192735,3500,0.2972346796698549,0.2865454552267951,0.30787201665617625,3500,9.188138480697359e-07,8.876131581408637e-07,9.754966212702649e-07,3500,40.189107338353345,39.83376792605442,40.5476581063848,3500,635.1304733360548,626.3243392741459,644.1390885616258,3500,9.486,9.462,9.508857142857142,3500
0.0,STARLINK-200,10,BatchVCG_B1ms,3500,0.9486000000000001,0.946257142857143,0.9509428571428572,3500,0.9949837311786177,0.9939637526838999,0.9959464024813404,3500,0.5625461872743669,0.5520133204138419,0.5726849279231145,3500,0.5625461872743669,0.5523289700514826,0.5727637700335515,3500,0.565549146552764,0.5554123354816,0.5760748531264612,3500,0.029904421458388255,0.025809109673289334,0.034046301264330135,3500,0.029904421458388255,0.025870931803112514,0.0339834061696375,3500,0.0300406985673356,0.025933613667042024,0.03431237421063301,3500,8.139000939471381e-07,8.110647755009788e-07,8.168541161077363e-07,3500,31.190767319491375,30.8240044664163,31.539666084090847,3500,509.6482050219554,500.1770533256109,519.0842733762527,3500,9.486,9.462285714285715,9.508857142857142,3500
0.0,STARLINK-200,10,BatchVCG_B20ms,3500,0.9486000000000001,0.9462857142857144,0.9509142857142859,3500,0.9949837311786177,0.9939684820521297,0.9959470945762142,3500,0.8272075946677322,0.8195626491064593,0.8348411205243473,3500,0.8272075946677322,0.8194935951477451,0.8347472125828503,3500,0.8314908962452706,0.8239548414496133,0.8390845937685208,3500,0.546888213978855,0.5360040091477324,0.5573509024140814,3500,0.546888213978855,0.5361454025664771,0.5577406157528102,3500,0.5493801371901285,0.538733033867787,0.5603864005439748,3500,1.0176002979278565e-06,1.0111334467572825e-06,1.0243473042334829e-06,3500,50.06403147165508,49.70993779789008,50.41501065567316,3500,748.4347430585839,741.0175753978804,755.6512785455269,3500,9.486,9.462571428571428,9.509142857142857,3500
0.0,STARLINK-200,10,BatchVCG_B50ms,3500,0.9486000000000001,0.9462278571428573,0.9508857142857144,3500,0.9949837311786177,0.9939577979495653,0.9959467958072964,3500,0.9903740120602534,0.9887959045868616,0.9918508410644415,3500,0.9903740120602534,0.9887874621993102,0.9918563746948479,3500,0.9953621603009126,0.9941045087550153,0.9964836428828074,3500,0.8792865067305148,0.875549311161158,0.8829113127795698,3500,0.8792865067305148,0.8755021338627543,0.8829915578624745,3500,0.8836380574708552,0.8799433403215052,0.8871813168798631,3500,1.2224335223436355e-06,1.2183946756912129e-06,1.226592349952885e-06,3500,67.17291131619639,67.08222423166929,67.26231861017254,3500,895.1080665370657,892.0850548445733,898.0730434999241,3500,9.486,9.462571428571428,9.508857142857142,3500
0.0,STARLINK-200,10,BatchVCG_B5ms,3500,0.9486000000000001,0.9462285714285715,0.9509428571428572,3500,0.9949837311786177,0.9939593290184681,0.9959474238790437,3500,0.623984933298512,0.6140897662222635,0.6340133325230792,3500,0.623984933298512,0.6142367622464269,0.6338880564412999,3500,0.6271476590826955,0.6168411053284003,0.6370898672869633,3500,0.14726529176088357,0.13902206580861137,0.1558255224324556,3500,0.14726529176088357,0.13896403019694198,0.1557340107863023,3500,0.14789745737944154,0.13945561175077376,0.15630659870463404,3500,8.396932056971959e-07,8.344142897320645e-07,8.46396858936974e-07,3500,35.190793112603124,34.83442766296075,35.53722775861907,3500,565.119466973718,555.6454482506715,574.4235574429566,3500,9.486,9.462857142857143,9.509428571428572,3500
0.0,STARLINK-200,10,FastVCG,3500,0.9486000000000001,0.9462857142857143,0.9509142857142858,3500,0.9949837311786177,0.9939721705302955,0.9959634233643889,3500,0.5509364452543415,0.540612070500915,0.5612837614255577,3500,0.5509364452543415,0.5405666601872213,0.5613420002464613,3500,0.5539215976801791,0.5436315079382242,0.5641341743299886,3500,0.0,0.0,0.0,3500,0.0,0.0,0.0,3500,0.0,0.0,0.0,3500,8.319195892129626e-07,8.295750112405845e-07,8.343373358781848e-07,3500,30.19078533898664,29.830321823128937,30.55242574326304,3500,499.285753595308,489.92052230143656,508.68633477240087,3500,9.486,9.462571428571428,9.509142857142857,3500
0.0,STARLINK-200,10,HoldBack,3500,0.9486000000000001,0.9462857142857143,0.9509714285714286,3500,0.9949837311786177,0.9939570188945155,0.9959500356458596,3500,0.9949837311786177,0.9939495962050295,0.9959706392740575,3500,0.9949837311786177,0.9939520982306794,0.9959239458955692,3500,1.0,1.0,1.0,3500,0.8894025701493434,0.886110394746831,0.8926615566579814,3500,0.8894025701493434,0.8861517319962691,0.8926225527041184,3500,0.8937946004522809,0.8906207515441833,0.8969339859704788,3500,8.020754903554916e-07,7.989834195801191e-07,8.054825876440321e-07,3500,67.8588131548187,67.79946563916825,67.91660681370249,3500,899.295008112624,896.4877302000043,901.9981771678831,3500,9.486,9.462571428571428,9.509142857142857,3500
0.0,STARLINK-200,10,LIA_lambda0.5_per_s,3500,0.9486000000000001,0.9462000000000003,0.9508857142857144,3500,0.9949837311786177,0.9939501251938885,0.9959461742179154,3500,0.9948388159905341,0.993842799552032,0.9957996743922221,3500,0.9948388159905341,0.9938019750921271,0.9958322679704099,3500,0.9998541669418012,0.9998127253312167,0.9998922415658422,3500,0.8890974323561835,0.8858342890425908,0.8922980479959978,3500,0.8890974323561835,0.885812213896088,0.8922912109022235,3500,0.8934828240083849,0.8902949440225092,0.8965979909879198,3500,2.6164666882583075e-06,2.6036146296454327e-06,2.632440347224474e-06,3500,66.21842500150092,66.13212001106695,66.30522970097844,3500,899.3105207353055,896.394188958731,902.1334911353232,3500,9.486,9.462571428571428,9.509142857142857,3500
0.0,STARLINK-200,10,LIA_lambda1_per_s,3500,0.9486000000000001,0.9463428571428573,0.9508864285714287,3500,0.9949837311786177,0.9939536794260394,0.995954564326985,3500,0.9944386043223609,0.9934140134518293,0.9954274394569771,3500,0.9944386043223609,0.9934020147999822,0.9954023167103021,3500,0.9994502905402639,0.9993431193483213,0.9995528590508415,3500,0.8882835166110712,0.8849599541271818,0.8914981823941253,3500,0.8882835166110712,0.8850526692320301,0.891495774784481,3500,0.8926568881500664,0.889476568371093,0.895856852900047,3500,2.5159791111946108e-06,2.507028662200485e-06,2.5260418986103366e-06,3500,66.21832451392385,66.13090122645397,66.30409611841745,3500,898.9499799874363,896.0901010020569,901.7563138720478,3500,9.486,9.462857142857143,9.509428571428572,3500
0.0,STARLINK-200,10,LIA_lambda2_per_s,3500,0.9486000000000001,0.9462571428571429,0.9509142857142857,3500,0.9949837311786177,0.9939628242815529,0.9959525245663543,3500,0.993042396064415,0.9920140248710948,0.9940507552337641,3500,0.993042396064415,0.9920046590343833,0.994032339956713,3500,0.9980513859566226,0.9977815278440536,0.9983160023939466,3500,0.8855403117911049,0.8823020103446879,0.8887521257525899,3500,0.8855403117911049,0.8823965126123412,0.8886848521506382,3500,0.8898948997820146,0.8867243486210845,0.8929995106927493,3500,2.487076712506158e-06,2.4772620759904383e-06,2.4980528014046806e-06,3500,66.21829561152516,66.13131254927713,66.30574412779055,3500,897.6923519450553,894.8207823940088,900.507518046043,3500,9.486,9.46342857142857,9.509142857142857,3500
0.0,STARLINK-200,10,SyncVCG,3500,0.9486000000000001,0.9462,0.9509714285714287,3500,0.9949837311786177,0.9939634476356557,0.9959501052491849,3500,0.9949837311786177,0.9939584046738414,0.9959296240452937,3500,0.9949837311786177,0.9939706182552096,0.9959425112054481,3500,1.0,1.0,1.0,3500,0.8894025701493434,0.8861177850884495,0.8926546865160115,3500,0.8894025701493434,0.8861405044070605,0.8927092916992683,3500,0.8937946004522809,0.8905490584190197,0.8969508584967798,3500,1.1506171098777226e-06,1.1310731526464224e-06,1.1723649155880724e-06,3500,67.85916169643822,67.80002082259597,67.91568253265612,3500,899.294976644884,896.4619816167475,902.0742392039203,3500,9.486,9.462857142857143,9.508857142857142,3500
0.0,STARLINK-200,20,BatchVCG_B10ms,3500,0.9488714285714285,0.9472714285714285,0.9504714285714285,3500,0.9970217709221362,0.9964098407803179,0.9975953552206005,3500,0.6874455475429508,0.6782868791481789,0.6967991687440518,3500,0.6874455475429508,0.6781757433016287,0.6966582315901939,3500,0.6892796961418579,0.6801652246909676,0.6985064456937998,3500,0.3337308064132892,0.3230569139180186,0.3442081879986741,3500,0.3337308064132892,0.3229843308619658,0.34416116545776015,3500,0.3345804896617996,0.3240491649790059,0.34525834534813876,3500,1.19510612317494e-06,1.18625939690641e-06,1.2048398144543172e-06,3500,34.95090077830241,34.64195138855581,35.257132582457004,3500,651.5637306089891,642.7176194092257,660.4641047655975,3500,18.97742857142857,18.945714285714285,19.010571428571428,3500
0.0,STARLINK-200,20,BatchVCG_B1ms,3500,0.9488714285714285,0.9472285714285713,0.9505142857142856,3500,0.9970217709221362,0.9964200752538741,0.997577055516939,3500,0.547915061204544,0.5379095931208225,0.5578788136216147,3500,0.547915061204544,0.537910233764081,0.5578702264200232,3500,0.5493341802815935,0.5393901495754859,0.5591472888118808,3500,0.040737344543088125,0.035997832737753886,0.045729662882675756,3500,0.040737344543088125,0.03593945886074755,0.04563842806924748,3500,0.04085033281836115,0.03606678189010701,0.04570389213980984,3500,1.1085665651730128e-06,1.0994598868169954e-06,1.11970989299672e-06,3500,25.95081423874441,25.645815859963122,26.258666715656243,3500,519.8297045512172,510.3510152501772,529.5467680408517,3500,18.97742857142857,18.944857142857142,19.009428571428572,3500
0.0,STARLINK-200,20,BatchVCG_B20ms,3500,0.9488714285714285,0.9472142857142857,0.9504432142857143,3500,0.9970217709221362,0.9964030827141915,0.9975993277998325,3500,0.8254925337743168,0.8180132021700551,0.8324724299029267,3500,0.8254925337743168,0.8184070148576309,0.832510949117559,3500,0.8278812801716547,0.8206546060933305,0.8346776338597567,3500,0.6067650913005285,0.5969013180232984,0.6166992811086905,3500,0.6067650913005285,0.5969409582303569,0.6166565543260278,3500,0.6083725989489854,0.5984142450020269,0.6181497157609948,3500,1.3692025095224381e-06,1.35980764004801e-06,1.3786742596754005e-06,3500,44.94802259068444,44.64344625774179,45.251174694614406,3500,781.8803382833372,774.997105470335,788.5905115304118,3500,18.97742857142857,18.944857142857142,19.010285714285715,3500
0.0,STARLINK-200,20,BatchVCG_B50ms,3500,0.9488714285714285,0.9472428571428572,0.9504857142857143,3500,0.9970217709221362,0.9964000711803469,0.9975930044815746,3500,0.9917993057558616,0.9906651704368648,0.9928716282134578,3500,0.9917993057558616,0.9906787168890879,0.9928775165790965,3500,0.9947648432896075,0.9937877991323094,0.9957094034165016,3500,0.9324007952316417,0.9300589590065798,0.9347544325179112,3500,0.9324007952316417,0.9301294574083063,0.9347113767639486,3500,0.9351944279246213,0.9329812642666633,0.9373723225288934,3500,1.9237002623932704e-06,1.9148031515734535e-06,1.9337697420269252e-06,3500,67.31356246929995,67.20850405432557,67.41681662986228,3500,937.0636905188137,935.2478935661669,938.837521506663,3500,18.97742857142857,18.944857142857142,19.010285714285715,3500
0.0,STARLINK-200,20,BatchVCG_B5ms,3500,0.9488714285714285,0.9472142857142857,0.9504717857142858,3500,0.9970217709221362,0.9964015097819982,0.9975844175644187,3500,0.6107527432980826,0.6008800115788718,0.6204697653680178,3500,0.6107527432980826,0.601006367307163,0.6206429051338433,3500,0.6123824120695077,0.6026303155262465,0.6219023612299894,3500,0.1717873007565294,0.16307189585433735,0.18082911159557002,3500,0.1717873007565294,0.16317352809641328,0.18044749102475702,3500,0.1722973314319053,0.1637495751690384,0.1813863068182468,3500,1.1484923639467785e-06,1.1364649781691176e-06,1.1653283211801732e-06,3500,29.950854164543184,29.64456114977778,30.255932907224018,3500,579.2714178087955,569.8453547880928,588.6086907476323,3500,18.97742857142857,18.94457142857143,19.01,3500
0.0,STARLINK-200,20,FastVCG,3500,0.9488714285714285,0.9472571428571428,0.9504714285714285,3500,0.9970217709221362,0.9964272769421623,0.9975868572118288,3500,0.5307470936507348,0.5208730720576763,0.5409381386448644,3500,0.5307470936507348,0.5206672543458404,0.5404670637863782,3500,0.5321545070040721,0.5222874294851577,0.5418504721914608,3500,0.0,0.0,0.0,3500,0.0,0.0,0.0,3500,0.0,0.0,0.0,3500,1.1241952223437173e-06,1.1178012205553907e-06,1.1318298921521222e-06,3500,24.95082986740158,24.65280042862214,25.247748970004757,3500,503.6282821639244,494.2446662296613,513.3054707407496,3500,18.97742857142857,18.94457142857143,19.010007142857145,3500
0.0,STARLINK-200,20,HoldBack,3500,0.9488714285714285,0.9472285714285713,0.9505,3500,0.9970217709221362,0.9964041565625322,0.9975802753860178,3500,0.9970217709221362,0.996394834734368,0.9975977648263351,3500,0.9970217709221362,0.9964251320036036,0.9975897939076631,3500,1.0,1.0,1.0,3500,0.9436198570392257,0.9418302702214542,0.9453960138699242,3500,0.9436198570392257,0.9418039464428654,0.9454240792480283,3500,0.9464482790244497,0.9447879913788351,0.9481606501682966,3500,1.3183946056025369e-06,1.3056485048894371e-06,1.3380840620292086e-06,3500,68.72811458769742,68.70103076429604,68.75474360393488,3500,941.884714117188,940.2943285347437,943.4762468697379,3500,18.97742857142857,18.94457142857143,19.009714285714285,3500
0.0,STARLINK-200,20,LIA_lambda0.5_per_s,3500,0.9488714285714285,0.9472285714285715,0.9505285714285713,3500,0.9970217709221362,0.9964177508091867,0.9975823514914445,3500,0.9966761143472759,0.9960744800131115,0.997247504600676,3500,0.9966761143472759,0.9960700207841416,0.9972446735110917,3500,0.9996532498403912,0.9995895683393903,0.9997112609282709,3500,0.9430694093757369,0.9412868015966754,0.9448546981772242,3500,0.9430694093757369,0.9412823997779022,0.944811085490802,3500,0.9458977406634678,0.9442045149700572,0.9475675846427017,3500,4.889550485781261e-06,4.384868372497814e-06,5.87462450244597e-06,3500,67.99654700445463,67.95480027858135,68.03722783500108,3500,941.6263188948712,940.0338141291639,943.2538082834519,3500,18.97742857142857,18.944857142857142,19.00857142857143,3500
0.0,STARLINK-200,20,LIA_lambda1_per_s,3500,0.9488714285714285,0.9472571428571428,0.9504857142857143,3500,0.9970217709221362,0.9964200528995438,0.9976024658070729,3500,0.9958364642862837,0.9952099215305233,0.9964122661321565,3500,0.9958364642862837,0.9952108589686348,0.9964294083298922,3500,0.9988122990819214,0.9986559494208582,0.9989596424111454,3500,0.9415320494356139,0.9397887905495362,0.9432642291753266,3500,0.9415320494356139,0.9397742339000572,0.9433108906243411,3500,0.9443591502488832,0.9426166888964241,0.9460423951025048,3500,4.276429169944354e-06,4.256979149899312e-06,4.29736638574728e-06,3500,67.99593388313879,67.95484256781256,68.03668367502524,3500,940.8347754576881,939.2125136406416,942.3909333514601,3500,18.97742857142857,18.94542857142857,19.010285714285715,3500
0.0,STARLINK-200,20,LIA_lambda2_per_s,3500,0.9488714285714285,0.9471857142857143,0.9504714285714286,3500,0.9970217709221362,0.9964234989974815,0.9975911692164896,3500,0.9934474457133599,0.9927266438135095,0.9941133225530836,3500,0.9934474457133599,0.9927565922605446,0.9940978760186215,3500,0.9964135162551016,0.9960741425892877,0.9967469675939272,3500,0.9366631003001276,0.9348592752464229,0.9384495240936399,3500,0.9366631003001276,0.9348981310194818,0.9383678355883702,3500,0.9394731082384465,0.9378051835080332,0.941129760798857,3500,4.238316523177283e-06,4.218967884246792e-06,4.260106278317315e-06,3500,67.99589577049201,67.95431476096928,68.03652066992653,3500,938.5810251590975,936.9644804721017,940.1623756024849,3500,18.97742857142857,18.94457142857143,19.009714285714285,3500
0.0,STARLINK-200,20,SyncVCG,3500,0.9488714285714285,0.9472714285714285,0.9505003571428572,3500,0.9970217709221362,0.9964225708462319,0.9975821715268306,3500,0.9970217709221362,0.9964145895205311,0.9975874443019908,3500,0.9970217709221362,0.9964172818592112,0.9975834470225182,3500,1.0,1.0,1.0,3500,0.9436198570392257,0.9417971172006282,0.9453827466450746,3500,0.9436198570392257,0.9418170807066005,0.9453736204448281,3500,0.9464482790244497,0.9447172305568429,0.9481396439215196,3500,1.6491075179406575e-06,1.6371439610208784e-06,1.661515827955944e-06,3500,68.72844530060976,68.7007323074943,68.75618613363933,3500,941.8846830144067,940.283275871871,943.4410926699987,3500,18.97742857142857,18.944857142857142,19.009714285714285,3500
0.0,STARLINK-200,30,BatchVCG_B10ms,3500,0.9496571428571429,0.9483330952380954,0.9509809523809524,3500,0.9982370337414558,0.9978707366477084,0.9985842687152672,3500,0.6959800347512317,0.687221557361743,0.7046520048779416,3500,0.6959800347512317,0.6872331935295423,0.7046209694010327,3500,0.6972267767126011,0.688506453559097,0.7059172312357366,3500,0.36776574856120087,0.35728332816814723,0.37820106883911325,3500,0.36776574856120087,0.3574755428406919,0.3782085936814286,3500,0.3684893326087108,0.3581670932087025,0.3791183356930194,3500,1.470389642885753e-06,1.4604374766349793e-06,1.4825630001723765e-06,3500,32.334260588649336,32.064263616416774,32.59997130018551,3500,671.7543393315227,663.0503742908136,680.116233236459,3500,28.489714285714285,28.451428571428572,28.529714285714284,3500
0.0,STARLINK-200,30,BatchVCG_B1ms,3500,0.9496571428571429,0.9483619047619049,0.9509714285714286,3500,0.9982370337414558,0.997866869325663,0.9985878625203293,3500,0.5294262752338798,0.5196315219038302,0.5390316465811656,3500,0.5294262752338798,0.5197915206564323,0.5392190342905729,3500,0.5303201212586833,0.5207231789999086,0.5399982863214496,3500,0.035493555854298905,0.031147739627747854,0.03995171412311041,3500,0.035493555854298905,0.031199925081245743,0.03991079177378935,3500,0.035533495258568595,0.03126057122071531,0.040000947471265015,3500,1.3875043285744532e-06,1.3834141926573854e-06,1.391799415328673e-06,3500,23.334177703335026,23.07260867881446,23.59908040986684,3500,511.7109050565222,502.338684444051,521.1961417468325,3500,28.489714285714285,28.450857142857142,28.529714285714284,3500
0.0,STARLINK-200,30,BatchVCG_B20ms,3500,0.9496571428571429,0.9483333333333335,0.9509526190476192,3500,0.9982370337414558,0.9978653004394143,0.9985760801602017,3500,0.8437463409461624,0.8372878512053911,0.8498615138107835,3500,0.8437463409461624,0.8375243206337813,0.8499763903885991,3500,0.8452340394884759,0.8388186276204128,0.8514760768846257,3500,0.6462709958887463,0.637328910371345,0.655197388593788,3500,0.6462709958887463,0.6374292394029996,0.655090460028731,3500,0.6474423040255294,0.6387016732564478,0.656201261851082,3500,1.7150552677256721e-06,1.7042057256081276e-06,1.7267239479614155e-06,3500,42.33450525427418,42.06717584637621,42.60720859859646,3500,813.6156761019619,807.5573834652856,819.6384839262784,3500,28.489714285714285,28.449428571428573,28.529714285714284,3500
0.0,STARLINK-200,30,BatchVCG_B50ms,3500,0.9496571428571429,0.9483428571428573,0.9509526190476192,3500,0.9982370337414558,0.997863164052426,0.9985873473965413,3500,0.9928310726911849,0.9919279158648575,0.9937318500693876,3500,0.9928310726911849,0.9918793725097781,0.9937237620160656,3500,0.9945842798699778,0.9937126588964997,0.9953878889744547,3500,0.9519285629594331,0.9502068277991036,0.953592691244932,3500,0.9519285629594331,0.9501896896170046,0.9535923537759493,3500,0.9536132652781102,0.9519195249780957,0.9552291568604965,3500,2.553616783448628e-06,2.5436896897320237e-06,2.5644826902342697e-06,3500,67.18220881322493,67.07211427533987,67.29054649767333,3500,955.1944610066113,953.8690878213179,956.4731519922974,3500,28.489714285714285,28.449714285714286,28.52914285714286,3500
0.0,STARLINK-200,30,BatchVCG_B5ms,3500,0.9496571428571429,0.9483619047619049,0.951,3500,0.9982370337414558,0.9978626698678562,0.9985730667811515,3500,0.6045721294331976,0.5950168729657989,0.6140165960063242,3500,0.6045721294331976,0.5948908933736953,0.6141192438105151,3500,0.6056118321697428,0.5960761548322571,0.6150655111079325,3500,0.19711733027002346,0.18801516206552693,0.2061545331697255,3500,0.19711733027002346,0.18795380650877241,0.2062480449873709,3500,0.19740323566701168,0.1884997558774446,0.2065084860282486,3500,1.3993526143687113e-06,1.3916702741490942e-06,1.408750098198652e-06,3500,27.33418955162082,27.0711304324042,27.595135169951522,3500,584.0053183130109,574.7778660209761,593.1482458846342,3500,28.489714285714285,28.450285714285716,28.528,3500
0.0,STARLINK-200,30,FastVCG,3500,0.9496571428571429,0.9483428571428574,0.9509619047619048,3500,0.9982370337414558,0.9978659208904287,0.9985838254161788,3500,0.5118614745109205,0.5021128523834145,0.5218035412727094,3500,0.5118614745109205,0.5018486720462214,0.521657311437933,3500,0.5127310320574715,0.5029341879174953,0.5225340681196478,3500,0.0,0.0,0.0,3500,0.0,0.0,0.0,3500,0.0,0.0,0.0,3500,1.3789691563163486e-06,1.3743276574781964e-06,1.384931816054242e-06,3500,22.334169168162767,22.069133053385492,22.604629661955716,3500,494.80383299690766,485.36746392741355,504.3272203448903,3500,28.489714285714285,28.449707142857143,28.52857142857143,3500
0.0,STARLINK-200,30,HoldBack,3500,0.9496571428571429,0.9483428571428574,0.9509904761904763,3500,0.9982370337414558,0.9978689459754138,0.9985769936326949,3500,0.9982370337414558,0.9978702530283231,0.9985790892560245,3500,0.9982370337414558,0.9978700082642117,0.9985923479111313,3500,1.0,1.0,1.0,3500,0.9623133752012556,0.9610852920109897,0.9634841894065997,3500,0.9623133752012556,0.9611425858196476,0.9635122735341354,3500,0.964011617333695,0.9629014862144505,0.9651361650327762,3500,1.7856771924665995e-06,1.7794036106871708e-06,1.7930745612829922e-06,3500,69.00806267949952,68.99081683695329,69.02541221347018,3500,960.2218335499733,959.1696246561827,961.2593063183698,3500,28.489714285714285,28.450285714285716,28.52914285714286,3500
0.0,STARLINK-200,30,LIA_lambda0.5_per_s,3500,0.9496571428571429,0.9483238095238096,0.9509428571428572,3500,0.9982370337414558,0.9978638060637385,0.9985796987310431,3500,0.9978218633512085,0.9974462086171982,0.9981776749852966,3500,0.9978218633512085,0.9974380909918973,0.9981748957349095,3500,0.9995842083275093,0.9995164892548231,0.9996485835961721,3500,0.9614389203277697,0.960239375653695,0.9626215459417676,3500,0.9614389203277697,0.9602715551158405,0.9626050790231931,3500,0.9631374985610385,0.9619955099847395,0.9642620867727338,3500,6.040011133466448e-06,6.019950644778354e-06,6.063977722078562e-06,3500,68.55864817240234,68.53202040411765,68.5851046880732,3500,959.8668327783505,958.7947260308634,960.8942231425466,3500,28.489714285714285,28.45,28.52857142857143,3500
0.0,STARLINK-200,30,LIA_lambda1_per_s,3500,0.9496571428571429,0.9483619047619049,0.9509714285714287,3500,0.9982370337414558,0.9978560556048037,0.9985754705189219,3500,0.9967021609641106,0.9963024736350341,0.9970794834359531,3500,0.9967021609641106,0.9963000252804968,0.9970791720134425,3500,0.9984627598645222,0.9982922413310977,0.9986275535451842,3500,0.9592525587961663,0.9580944917687987,0.9604186091901816,3500,0.9592525587961663,0.9580770475797966,0.9604276809398361,3500,0.9609488499152996,0.9598059770397959,0.9620595932557107,3500,5.956996498363359e-06,5.9289566174681695e-06,5.992785149386952e-06,3500,68.55856515776723,68.53191488672014,68.58465680406238,3500,958.7945759992946,957.7325939444324,959.8284190529164,3500,28.489714285714285,28.45,28.52942857142857,3500
0.0,STARLINK-200,30,LIA_lambda2_per_s,3500,0.9496571428571429,0.9483428571428574,0.951,3500,0.9982370337414558,0.9978641354977005,0.9985811666256936,3500,0.9940444373021387,0.9935367605714666,0.9945450280568716,3500,0.9940444373021387,0.9935252856068616,0.9945369879385718,3500,0.9957982066919869,0.9954488427653282,0.99613942145517,3500,0.9538582387677569,0.952593633137998,0.955050071749839,3500,0.9538582387677569,0.9526311427718505,0.9550439694241959,3500,0.9555431121066755,0.9543545501175876,0.9567063148943803,3500,5.899515002965927e-06,5.882372294685671e-06,5.9174105724585905e-06,3500,68.55850767627184,68.53270755194904,68.58489608763918,3500,956.2339288517984,955.1119102105663,957.3275376411634,3500,28.489714285714285,28.451428571428572,28.528285714285715,3500
0.0,STARLINK-200,30,SyncVCG,3500,0.9496571428571429,0.9483523809523811,0.9509904761904763,3500,0.9982370337414558,0.9978654379551497,0.9985786711375478,3500,0.9982370337414558,0.9978702581560885,0.9985894693659476,3500,0.9982370337414558,0.9978675716957113,0.9985865526311036,3500,1.0,1.0,1.0,3500,0.9623133752012556,0.9610971711402869,0.9635019184524415,3500,0.9623133752012556,0.9611291353087151,0.9634828026328384,3500,0.964011617333695,0.962873148571196,0.9651808596425306,3500,2.3605496223483765e-06,2.343569416552782e-06,2.378081131194319e-06,3500,69.0086375519294,68.9912191972417,69.02565909483933,3500,960.2217782925082,959.1839647907002,961.2676895069528,3500,28.489714285714285,28.45057142857143,28.52942857142857,3500
0.0,STARLINK-200,40,BatchVCG_B10ms,3500,0.9488571428571428,0.9477283928571428,0.9499857142857142,3500,0.9985371877493175,0.9982317706803823,0.9988151142835785,3500,0.714251592885054,0.705890477720383,0.7226338386069356,3500,0.714251592885054,0.7060596453176174,0.7226671277258617,3500,0.7152638433985723,0.7067315316047296,0.7235130334044424,3500,0.3971655660964695,0.38673394089396507,0.4078664568604712,3500,0.3971655660964695,0.38667115835515176,0.4077972712559535,3500,0.39776497829800167,0.3873240253828544,0.407924456322925,3500,1.7767482038055147e-06,1.7660914720701319e-06,1.7902160861662456e-06,3500,30.06723520294691,29.82518972466626,30.30185904545715,3500,694.7894753925984,686.5536707175844,702.9024642737329,3500,37.95428571428572,37.90742857142857,37.99971428571428,3500
0.0,STARLINK-200,40,BatchVCG_B1ms,3500,0.9488571428571428,0.9477,0.9500071428571427,3500,0.9985371877493175,0.9982308701630792,0.998814241194583,3500,0.5362435641702595,0.5266453014350128,0.5459056614680187,3500,0.5362435641702595,0.5265125036675724,0.5457322004801959,3500,0.5369821692914306,0.5275062038029782,0.5467317513509109,3500,0.038626221578999156,0.034199529701820774,0.04332189079243847,3500,0.038626221578999156,0.034165360885063764,0.04328366331598298,3500,0.03872404825014116,0.034345592944410586,0.043289178232413954,3500,1.6896860407931465e-06,1.6837492984320435e-06,1.6965055904750315e-06,3500,21.0671481407839,20.820978512590727,21.30628200293552,3500,522.2139580895612,512.9169447939167,531.5682367571923,3500,37.95428571428572,37.90799285714286,37.99943571428572,3500
0.0,STARLINK-200,40,BatchVCG_B20ms,3500,0.9488571428571428,0.9477,0.9499999999999998,3500,0.9985371877493175,0.9982274350000977,0.9988197060409678,3500,0.8517990283266703,0.8460390365677156,0.8575445809151239,3500,0.8517990283266703,0.8460704190205897,0.8575696606172801,3500,0.8530487567038999,0.8472542853137132,0.8586983994587982,3500,0.6788965398956937,0.6706903946793265,0.6868898021697183,3500,0.6788965398956937,0.6707960200651901,0.6871008533170314,3500,0.6798975617532339,0.6714211467064145,0.6880456171876168,3500,2.0649438457829613e-06,2.0521801164639846e-06,2.0790677118514265e-06,3500,40.06725577967656,39.83453444625492,40.305363355178734,3500,827.8634861726687,822.231566834731,833.3503326154838,3500,37.95428571428572,37.908857142857144,37.99971428571428,3500
0.0,STARLINK-200,40,BatchVCG_B50ms,3500,0.9488571428571428,0.9477142857142857,0.9499928571428571,3500,0.9985371877493175,0.9982384631812535,0.9988272007699441,3500,0.9936589387534701,0.9929319712843018,0.9943819961756001,3500,0.9936589387534701,0.9929301647993458,0.9943646201143678,3500,0.9951133954318989,0.994429908730277,0.9957777953276766,3500,0.9631065531390447,0.9618047886284454,0.964386999268722,3500,0.9631065531390447,0.9618312618724456,0.9643722274232159,3500,0.9645147725911515,0.9632152529099761,0.9657738815753054,3500,3.2308899930545263e-06,3.217481981430735e-06,3.245518882093685e-06,3500,66.6677100435975,66.5423480118317,66.78925114502496,3500,963.1010941343745,962.0193149090147,964.1225140670896,3500,37.95428571428572,37.908564285714284,38.00028571428572,3500
0.0,STARLINK-200,40,BatchVCG_B5ms,3500,0.9488571428571428,0.9477285714285714,0.9500142857142856,3500,0.9985371877493175,0.9982349063278302,0.998810521291995,3500,0.6160681849089087,0.6069651184535997,0.6251257847531887,3500,0.6160681849089087,0.6065982569905827,0.625537360700461,3500,0.6169208451453297,0.6077804770661978,0.6261847441013423,3500,0.20442909182763505,0.1950739169949645,0.21371003790559437,3500,0.20442909182763505,0.19540451161863548,0.2139777975613301,3500,0.20475348184214487,0.1955611972126073,0.2142577885274155,3500,1.7025332365717206e-06,1.693416905722448e-06,1.713405070560319e-06,3500,25.06716098797968,24.828472340788466,25.30367431321822,3500,599.609295607179,590.6268410449037,608.2631809029018,3500,37.95428571428572,37.908857142857144,37.998578571428574,3500
0.0,STARLINK-200,40,FastVCG,3500,0.9488571428571428,0.9477,0.9499642857142857,3500,0.9985371877493175,0.9982408739881036,0.9988183248141738,3500,0.516849129041891,0.5072268236465414,0.5265646870099471,3500,0.516849129041891,0.5070786863562178,0.5264145348964768,3500,0.5175586406415326,0.5078599583115556,0.5271096624138086,3500,0.0,0.0,0.0,3500,0.0,0.0,0.0,3500,0.0,0.0,0.0,3500,1.6687509736844472e-06,1.6637424605765513e-06,1.675219680847866e-06,3500,20.06712720571679,19.828875937966426,20.308796553222763,3500,503.3378142094538,493.9448968526232,512.6418317289489,3500,37.95428571428572,37.90971428571429,37.99914285714286,3500
0.0,STARLINK-200,40,HoldBack,3500,0.9488571428571428,0.9477285714285715,0.9500142857142856,3500,0.9985371877493175,0.9982414378121633,0.9988197983311984,3500,0.9985371877493175,0.9982385043447136,0.9988138575125675,3500,0.9985371877493175,0.9982399869336739,0.9988180803396587,3500,1.0,1.0,1.0,3500,0.9723834557408211,0.9715091160253797,0.9732554504322568,3500,0.9723834557408211,0.9714647620609572,0.9732850717183382,3500,0.9738016592778576,0.9729465030631004,0.9746304832724177,3500,2.324832869427545e-06,2.3189851548522713e-06,2.331150269934109e-06,3500,69.13417315479502,69.12144224917185,69.14673286728168,3500,967.5977865430768,966.7417393959943,968.4638291924642,3500,37.95428571428572,37.908,37.99885714285714,3500
0.0,STARLINK-200,40,LIA_lambda0.5_per_s,3500,0.9488571428571428,0.9477283928571427,0.9499857142857142,3500,0.9985371877493175,0.9982367042635919,0.9988155687945919,3500,0.997919872502833,0.9976066348756046,0.998206928661431,3500,0.997919872502833,0.99760626838875,0.9982088136606216,3500,0.9993821535198398,0.9993059597465365,0.9994559109750645,3500,0.9710782610974482,0.9701937373952338,0.9719580863689835,3500,0.9710782610974482,0.9701862846451483,0.9719534781813419,3500,0.9724956125111546,0.9716776134380565,0.9733025090074272,3500,7.777886731284005e-06,7.756282655256134e-06,7.799989370895283e-06,3500,68.80239866727479,68.78224253683352,68.8221325000495,3500,967.0314262231936,966.1743737344324,967.8781361282461,3500,37.95428571428572,37.90857142857143,38.000571428571426,3500
0.0,STARLINK-200,40,LIA_lambda1_per_s,3500,0.9488571428571428,0.9477285714285715,0.9500071428571427,3500,0.9985371877493175,0.9982331320531797,0.9988109837594203,3500,0.9968177989784238,0.9964846982148797,0.9971382029082971,3500,0.9968177989784238,0.9964837189271494,0.9971381521319804,3500,0.9982790680029804,0.9981136732205107,0.9984410496529417,3500,0.9685865535314216,0.9676976996765946,0.9694707558132076,3500,0.9685865535314216,0.9677072657952959,0.9694544902058729,3500,0.9700023557761293,0.969179465280621,0.9708453143043979,3500,7.667129061051778e-06,7.645894141335573e-06,7.689569910456027e-06,3500,68.80228790960456,68.78210678283277,68.82222588432325,3500,965.9609662899941,965.084200250616,966.8022939409807,3500,37.95428571428572,37.90857142857143,37.999428571428574,3500
0.0,STARLINK-200,40,LIA_lambda2_per_s,3500,0.9488571428571428,0.9477426785714286,0.9500214285714286,3500,0.9985371877493175,0.9982359437424877,0.9988131567967655,3500,0.9938947345505804,0.9934450833792571,0.9943376425416548,3500,0.9938947345505804,0.9934356344531178,0.9943351659505596,3500,0.9953531603032783,0.9949991108358128,0.995694656098668,3500,0.9625043555982117,0.9615691564768363,0.9634141113669513,3500,0.9625043555982117,0.9615636945505022,0.9634235950076848,3500,0.963915263215708,0.9630180367857195,0.9647868821173715,3500,7.649483159184456e-06,7.6250882686248844e-06,7.674997386389544e-06,3500,68.8022702637027,68.78198946653607,68.82186896305876,3500,963.128655650705,962.2150109160995,964.0189707162396,3500,37.95428571428572,37.907714285714285,38.00085714285714,3500
0.0,STARLINK-200,40,SyncVCG,3500,0.9488571428571428,0.9477357142857142,0.9499785714285713,3500,0.9985371877493175,0.9982374657165434,0.9988131948783714,3500,0.9985371877493175,0.9982389632510815,0.9988151313145914,3500,0.9985371877493175,0.9982391521596711,0.9988125992929877,3500,1.0,1.0,1.0,3500,0.9723834557408211,0.9714666178109207,0.9732969027352522,3500,0.9723834557408211,0.9714765292009703,0.9732535648268168,3500,0.9738016592778576,0.9729275594287622,0.9746392722832948,3500,2.8899873473814556e-06,2.86928689373391e-06,2.9131432995200157e-06,3500,69.13473830927298,69.12199256242604,69.14716395609324,3500,967.5977318529374,966.7167460615032,968.4443513868758,3500,37.95428571428572,37.908,37.99971428571428,3500
0.0,STARLINK-200,50,BatchVCG_B10ms,3500,0.9496457142857142,0.9486057142857143,0.9506571428571429,3500,0.9988929413502985,0.998643216048556,0.99912076378598,3500,0.7102315303616006,0.7020428892672329,0.7184222960032055,3500,0.7102315303616006,0.7019043781461473,0.7184405439029568,3500,0.7109952585701341,0.7027114744187435,0.7191605431033976,3500,0.4073384459115844,0.39705090287611344,0.417754917128935,3500,0.4073384459115844,0.39704333663361707,0.4178891292063891,3500,0.4077921336900983,0.39739529752355807,0.4182625037681836,3500,2.0792101110730853e-06,2.0684219963316406e-06,2.090839629194566e-06,3500,28.6533270189001,28.43525480892402,28.869237540920672,3500,694.3326063421633,686.0804076627204,702.4322090262718,3500,47.482285714285716,47.42942857142857,47.534285714285716,3500
0.0,STARLINK-200,50,BatchVCG_B1ms,3500,0.9496457142857142,0.9486169999999999,0.9506914285714286,3500,0.9988929413502985,0.9986497714444807,0.9991210100332892,3500,0.5262026337151077,0.5168273254807854,0.5359719031259226,3500,0.5262026337151077,0.5164940252653711,0.5356741639324569,3500,0.52675071327832,0.517112611521672,0.5362516314134,3500,0.04438499654065174,0.03970557599515781,0.04923812319964681,3500,0.04438499654065174,0.039643856016650436,0.04922658510003319,3500,0.044421179614817924,0.03967041713822506,0.04936836515654289,3500,1.9570626318454743e-06,1.9495684720043626e-06,1.9653108037476027e-06,3500,19.653204871420872,19.43218171970581,19.87450378039234,3500,514.9374690334347,505.6936197563687,524.3429442189405,3500,47.482285714285716,47.431135714285716,47.534,3500
0.0,STARLINK-200,50,BatchVCG_B20ms,3500,0.9496457142857142,0.9486055714285714,0.9506914285714286,3500,0.9988929413502985,0.9986451594748463,0.9991202926107352,3500,0.8537108508985822,0.8480838961299418,0.859307912886856,3500,0.8537108508985822,0.8482072829485674,0.8590294543314989,3500,0.8546446820389891,0.8490824021984238,0.8601819829743869,3500,0.6934484503836998,0.6855759183784506,0.7012172876567224,3500,0.6934484503836998,0.6853935050514419,0.7013834792027288,3500,0.6942103602849639,0.686226330107957,0.7020076084668004,3500,2.3775119334459303e-06,2.359443424003465e-06,2.399472553016884e-06,3500,38.653625320722476,38.434186947865136,38.8711013683172,3500,833.9216908646455,828.3348630907932,839.3475751874914,3500,47.482285714285716,47.42971428571428,47.534,3500
0.0,STARLINK-200,50,BatchVCG_B50ms,3500,0.9496457142857142,0.9486055714285714,0.9506800000000001,3500,0.9988929413502985,0.9986452828363406,0.9991254303835295,3500,0.9939506331160233,0.993310194632678,0.9945652522375995,3500,0.9939506331160233,0.9933239560845425,0.9945735642489317,3500,0.995054268723637,0.9944490275353046,0.9956322320792309,3500,0.9676225309106823,0.9664650120913758,0.9687747051423143,3500,0.9676225309106823,0.9664764580290904,0.968766614225354,3500,0.968698084965315,0.9675492050018779,0.9698216078400422,3500,3.875681864363807e-06,3.8619072442608225e-06,3.8904472719877955e-06,3500,66.23700641703392,66.10642421529147,66.36637625675591,3500,968.233417802582,967.3527346724966,969.0866759941955,3500,47.482285714285716,47.430571428571426,47.534571428571425,3500
0.0,STARLINK-200,50,BatchVCG_B5ms,3500,0.9496457142857142,0.9485885714285714,0.9506457142857143,3500,0.9988929413502985,0.9986468927010734,0.9991208817816778,3500,0.6119674696138341,0.6027259134245974,0.6210166390832332,3500,0.6119674696138341,0.6027470857316904,0.6211318518203462,3500,0.6126005697547499,0.6033395390200907,0.6217855436082917,3500,0.21444310549163106,0.20533094054825463,0.2235140995955957,3500,0.21444310549163106,0.2052493311841771,0.22379707334295354,3500,0.21470516405440657,0.20552575288839162,0.2236686905219544,3500,2.0010202590908323e-06,1.99438682757318e-06,2.0083543445382802e-06,3500,23.653248829048117,23.425903011542015,23.87588893542335,3500,598.6205539175081,589.5452847811778,607.4522452089599,3500,47.482285714285716,47.430285714285716,47.534571428571425,3500
0.0,STARLINK-200,50,FastVCG,3500,0.9496457142857142,0.9485942857142857,0.9506915714285715,3500,0.9988929413502985,0.9986449641317768,0.99912149431406,3500,0.5052658521839826,0.4955503887124349,0.5148237391685588,3500,0.5052658521839826,0.49565954256938866,0.5147464121419584,3500,0.5058061549233273,0.49628981528441557,0.5153459969764052,3500,0.0,0.0,0.0,3500,0.0,0.0,0.0,3500,0.0,0.0,0.0,3500,1.9530829574380603e-06,1.9466296836201636e-06,1.9609135242977313e-06,3500,18.653200891746465,18.433250188996805,18.875458965465647,3500,494.4704898825168,485.01090722807385,504.01087498699076,3500,47.482285714285716,47.43114285714286,47.534285714285716,3500
0.0,STARLINK-200,50,HoldBack,3500,0.9496457142857142,0.9486114285714285,0.9506800000000001,3500,0.9988929413502985,0.9986460772985479,0.9991172203627634,3500,0.9988929413502985,0.9986449389434823,0.9991212599180158,3500,0.9988929413502985,0.9986452052048854,0.9991186689429472,3500,1.0,1.0,1.0,3500,0.9778321434232367,0.9771202716554523,0.9785310902680903,3500,0.9778321434232367,0.9770976158590418,0.9785402105644602,3500,0.9789165669247255,0.9782237009516631,0.9795808617735275,3500,2.8549799961703164e-06,2.8397669150893178e-06,2.873975637235812e-06,3500,69.20957318659721,69.1988680827863,69.22000638477319,3500,972.7582138084322,972.0814476603056,973.4145155282156,3500,47.482285714285716,47.43,47.533142857142856,3500
0.0,STARLINK-200,50,LIA_lambda0.5_per_s,3500,0.9496457142857142,0.9486285714285715,0.9506685714285714,3500,0.9988929413502985,0.9986426484802636,0.999119598736257,3500,0.9982732487553455,0.9980161906079824,0.9985050561948178,3500,0.9982732487553455,0.9980252047954208,0.9985082393776146,3500,0.9993796141453251,0.9993057351398459,0.9994513602809703,3500,0.9764353381897019,0.9757422738464073,0.977140583149322,3500,0.9764353381897019,0.975730229939997,0.9771308261794901,3500,0.9775182777665871,0.9768347797691357,0.9781786008903814,3500,9.406597486564091e-06,9.375882720840829e-06,9.44041068266545e-06,3500,68.97047486298132,68.95471488872909,68.98625038960563,3500,972.178274801238,971.5113469635068,972.8468923725542,3500,47.482285714285716,47.430571428571426,47.53257142857143,3500
0.0,STARLINK-200,50,LIA_lambda1_per_s,3500,0.9496457142857142,0.9486171428571428,0.9506742857142858,3500,0.9988929413502985,0.9986510296848247,0.9991194820399983,3500,0.9970390999283756,0.9967297447959192,0.99732531453283,3500,0.9970390999283756,0.99674583970473,0.9973219861465001,3500,0.9981433571087704,0.9979762361994897,0.998306179106107,3500,0.9739073341638783,0.9731904164714225,0.9746332898431042,3500,0.9739073341638783,0.9732002792441911,0.9746200512779611,3500,0.974986858823076,0.9742983793022791,0.9756477728913392,3500,9.254409798554011e-06,9.229966459263648e-06,9.280582257945623e-06,3500,68.97032267529332,68.95437682603315,68.98624127820433,3500,970.9773672488138,970.2901782278451,971.6406821954837,3500,47.482285714285716,47.43142857142857,47.534285714285716,3500
0.0,STARLINK-200,50,LIA_lambda2_per_s,3500,0.9496457142857142,0.9486114285714285,0.9506514285714285,3500,0.9988929413502985,0.9986497918340782,0.9991183821297046,3500,0.9937011861938294,0.9932644962841392,0.99412722798237,3500,0.9937011861938294,0.9932735333284336,0.9941185691837163,3500,0.9948020918984092,0.9944425395004552,0.9951574173273355,3500,0.9675881976695702,0.966807229028488,0.9683687432438034,3500,0.9675881976695702,0.9668038540630856,0.9683598811743446,3500,0.9686601013109878,0.9679086686264324,0.969404678981253,3500,9.223315598709243e-06,9.198308589735202e-06,9.250566163765532e-06,3500,68.97029158109346,68.95411752510128,68.98617200878437,3500,967.733651962607,966.9775537769126,968.4714279283538,3500,47.482285714285716,47.430571428571426,47.53286428571428,3500
0.0,STARLINK-200,50,SyncVCG,3500,0.9496457142857142,0.9486171428571428,0.9506914285714286,3500,0.9988929413502985,0.9986474645588351,0.9991154339345953,3500,0.9988929413502985,0.9986475067918975,0.9991205691561339,3500,0.9988929413502985,0.9986471506169223,0.999117936165933,3500,1.0,1.0,1.0,3500,0.9778321434232367,0.9770999516078395,0.9785430912554489,3500,0.9778321434232367,0.9771158455598834,0.9785522871778514,3500,0.9789165669247255,0.9782246290652498,0.9796067816235661,3500,3.7437701331717626e-06,3.7094234555427517e-06,3.7786100392362902e-06,3500,69.21046197673421,69.1998852061807,69.2210549225634,3500,972.7581272760527,972.0932827701376,973.4061061861065,3500,47.482285714285716,47.430571428571426,47.534,3500
