mechanism,efficiency_ratio,revenue_ratio,runtime,welfare,revenue,winner_id,topology_name,seed,instance_id,num_bidders
LIA,0.9484205562655192,0.7255701098551572,0.0001251697540283203,94.81795682524043,72.53857468128396,53,STARLINK-200,0,0,200
VCG,1.0,0.610271208082408,1.621246337890625e-05,99.97459059575175,61.01161418041357,198,STARLINK-200,0,0,200
HoldBack,0.8307567992759788,0.5628606098779496,1.5020370483398438e-05,83.0545708922531,56.27175903502316,198,STARLINK-200,0,0,200
LIA,0.8873410689150306,0.709261624091198,9.489059448242188e-05,88.56912352041827,70.79428935847118,194,STARLINK-200,0,1,200
VCG,1.0,0.6084019377624775,1.2874603271484375e-05,99.81406994800037,60.7270735723229,194,STARLINK-200,0,1,200
HoldBack,0.8063139784454543,0.5044684836833535,1.2874603271484375e-05,80.48147984460503,50.35305251693193,194,STARLINK-200,0,1,200
LIA,0.9441640462267363,0.7656773834012818,9.322166442871094e-05,94.10488000420303,76.31510495963788,99,STARLINK-200,0,2,200
VCG,1.0,0.6185401666399515,1.3113021850585938e-05,99.67005244510678,61.64993084840905,99,STARLINK-200,0,2,200
HoldBack,0.811912905348348,0.5214145623991077,1.3113021850585938e-05,80.92340185692886,51.96941677996146,99,STARLINK-200,0,2,200
LIA,0.9325072655230123,0.683190979059157,9.226799011230469e-05,93.11204036539706,68.21749102807557,134,STARLINK-200,0,3,200
VCG,1.0,0.7704819395761611,1.2874603271484375e-05,99.85127602536546,76.93360482117822,134,STARLINK-200,0,3,200
HoldBack,0.8641234531880922,0.5405583514456198,1.4066696166992188e-05,86.28382944427617,53.9754411580131,134,STARLINK-200,0,3,200
LIA,0.9502014803743044,0.6505762503331229,9.083747863769531e-05,94.27299549720476,64.54607068606437,152,STARLINK-200,0,4,200
VCG,1.0,0.7647391713551575,1.1920928955078125e-05,99.21369040602698,75.87259538819221,87,STARLINK-200,0,4,200
HoldBack,0.8279034500008499,0.6380173411633445,1.2874603271484375e-05,82.13935657446596,63.30005495985656,87,STARLINK-200,0,4,200
LIA,0.9076298462372328,0.7606760375731495,9.107589721679688e-05,90.05458964043943,75.47390458451338,29,STARLINK-200,0,5,200
VCG,1.0,0.6137205622287206,1.2159347534179688e-05,99.21951114077986,60.893054161378224,29,STARLINK-200,0,5,200
HoldBack,0.9113796249260632,0.5191589516188122,1.3113021850585938e-05,90.4266408488313,51.510697383978325,29,STARLINK-200,0,5,200
LIA,0.9604394480134272,0.6677979429712694,9.226799011230469e-05,95.94822268346924,66.71323827056537,83,STARLINK-200,0,6,200
VCG,1.0,0.797924018343113,1.2874603271484375e-05,99.90033508299615,79.71287680324775,81,STARLINK-200,0,6,200
HoldBack,0.8811504348391493,0.7462114359917735,1.3113021850585938e-05,88.02722369895878,74.54677249834191,81,STARLINK-200,0,6,200
LIA,0.8638238486552695,0.6728279938619265,9.322166442871094e-05,86.19757321066983,67.13885052998383,75,STARLINK-200,0,7,200
VCG,1.0,0.7852620650095943,1.4066696166992188e-05,99.7860540026247,78.35820282525997,75,STARLINK-200,0,7,200
HoldBack,0.9308982608264083,0.6130216492028415,1.3113021850585938e-05,92.89066412577338,61.1710113921328,75,STARLINK-200,0,7,200
LIA,0.897225463531857,0.737729500049211,9.322166442871094e-05,89.47621091926857,73.5704045758238,162,STARLINK-200,0,8,200
VCG,1.0,0.7943740645522234,1.2874603271484375e-05,99.72544756705027,79.21930912312736,113,STARLINK-200,0,8,200
HoldBack,0.9211798468525971,0.6843524860779866,1.2874603271484375e-05,91.86507251712207,68.24735796775074,113,STARLINK-200,0,8,200
LIA,0.9520746849749694,0.7474812606201615,9.417533874511719e-05,93.99103061639859,73.79309119429102,145,STARLINK-200,0,9,200
VCG,1.0,0.7863429124036945,1.2159347534179688e-05,98.72232935052745,77.62960398077048,145,STARLINK-200,0,9,200
HoldBack,0.8085855040275215,0.732749654928146,1.3113021850585938e-05,79.82544443666721,72.33875276530176,145,STARLINK-200,0,9,200
LIA,0.8521673015779523,0.8247068528490429,9.107589721679688e-05,85.14383136054069,82.40013559642298,82,STARLINK-200,0,10,200
VCG,1.0,0.6091187280596737,1.1682510375976562e-05,99.91445482932805,60.85976564041603,82,STARLINK-200,0,10,200
HoldBack,0.8317260123922652,0.6840088501065164,1.2874603271484375e-05,83.10145109554412,68.34237135682815,82,STARLINK-200,0,10,200
LIA,0.9397222391785631,0.7791191745499617,9.179115295410156e-05,93.6017058787611,77.60472273645033,116,STARLINK-200,0,11,200
VCG,1.0,0.7730147150524236,1.1920928955078125e-05,99.6057153660436,76.996683681275,116,STARLINK-200,0,11,200
HoldBack,0.9099316179325847,0.627088871891148,1.3113021850585938e-05,90.63438973835656,62.46163568280307,116,STARLINK-200,0,11,200
LIA,0.9674336808479517,0.663938139346024,9.107589721679688e-05,96.67434837170885,66.34644653279294,142,STARLINK-200,0,12,200
VCG,1.0,0.5645543780188349,1.1682510375976562e-05,99.92865690490967,56.41516074520883,142,STARLINK-200,0,12,200
HoldBack,0.9390506240152112,0.6621137285453587,1.3113021850585938e-05,93.83806762355738,66.16413561183964,142,STARLINK-200,0,12,200
LIA,0.9224652168071185,0.7012042346123026,9.179115295410156e-05,91.98149201928881,69.91896337633845,66,STARLINK-200,0,13,200
VCG,1.0,0.7127069876223321,1.1920928955078125e-05,99.71269414109686,71.0659338690081,45,STARLINK-200,0,13,200
HoldBack,0.8174410520439321,0.6341025957700076,1.2636184692382812e-05,81.50924960083304,63.22807818609035,45,STARLINK-200,0,13,200
LIA,0.8760441767425374,0.6922013383415052,9.083747863769531e-05,87.31244299738606,68.98943169896695,3,STARLINK-200,0,14,200
VCG,1.0,0.7220732496068138,1.3113021850585938e-05,99.66671238207033,71.96666688734919,3,STARLINK-200,0,14,200
HoldBack,0.8329584125165596,0.6096679242007622,1.3113021850585938e-05,83.01822652651383,60.763597649891224,3,STARLINK-200,0,14,200
LIA,0.8693072651534253,0.7327935396968108,9.107589721679688e-05,86.90785278444407,73.26007226929383,142,STARLINK-200,0,15,200
VCG,1.0,0.6708480166705316,1.2159347534179688e-05,99.97368740396479,67.06714991418949,142,STARLINK-200,0,15,200
HoldBack,0.8395260730281285,0.5891191677119468,1.3113021850585938e-05,83.93051719239224,58.896415516518076,142,STARLINK-200,0,15,200
LIA,0.9136776478710739,0.7534865119625926,9.226799011230469e-05,91.12029085907213,75.14456579779137,114,STARLINK-200,0,16,200
VCG,1.0,0.6580889980366912,1.2874603271484375e-05,99.7291452531296,65.6306532746877,193,STARLINK-200,0,16,200
HoldBack,0.9487549191527843,0.7318903372047605,1.4066696166992188e-05,94.61851714180926,72.99079774845556,193,STARLINK-200,0,16,200
LIA,0.8938409076086594,0.793587404724514,9.107589721679688e-05,89.25708584764314,79.24598047387246,113,STARLINK-200,0,17,200
VCG,1.0,0.7357053753962165,1.2159347534179688e-05,99.85791105313966,73.46600193763211,113,STARLINK-200,0,17,200
HoldBack,0.807628095325061,0.5552808157222537,1.3113021850585938e-05,80.64805450698654,55.44918230590765,113,STARLINK-200,0,17,200
LIA,0.9204074101637846,0.7850378831023248,9.107589721679688e-05,91.99975258107685,78.46882827609377,132,STARLINK-200,0,18,200
VCG,1.0,0.7083280436091527,1.1920928955078125e-05,99.95546707376648,70.8012604404001,132,STARLINK-200,0,18,200
HoldBack,0.869373531560839,0.6390131060699902,1.3113021850585938e-05,86.89863740873352,63.87285348348416,132,STARLINK-200,0,18,200
LIA,0.9717694304667294,0.8153898050168221,9.179115295410156e-05,96.93443644662148,81.33549868476986,167,STARLINK-200,0,19,200
VCG,1.0,0.7611065832800218,1.1920928955078125e-05,99.75044841662185,75.92072297502511,167,STARLINK-200,0,19,200
HoldBack,0.8853712355681402,0.5955911494791777,1.2874603271484375e-05,88.31617776310053,59.41048423351923,167,STARLINK-200,0,19,200
LIA,0.9534254324732624,0.7667666545250845,9.393692016601562e-05,95.01177306979226,76.41065247046906,161,STARLINK-200,0,20,200
VCG,1.0,0.7178258782733791,1.3113021850585938e-05,99.65307179117727,71.53355378114192,161,STARLINK-200,0,20,200
HoldBack,0.9485287683877507,0.5226655221273346,1.621246337890625e-05,94.52380545214147,52.08522479932843,161,STARLINK-200,0,20,200
LIA,0.9489032861899417,0.661985329646091,9.179115295410156e-05,94.77174268873948,66.11580362087773,177,STARLINK-200,0,21,200
VCG,1.0,0.5546960815217955,1.2159347534179688e-05,99.87502843337087,55.40028691386873,177,STARLINK-200,0,21,200
HoldBack,0.9460903108982291,0.5483456648747063,1.3113021850585938e-05,94.49079670149733,54.766038870676944,177,STARLINK-200,0,21,200
LIA,0.9761099604583001,0.783572044447936,9.226799011230469e-05,97.21989492093877,78.0432481074635,68,STARLINK-200,0,22,200
VCG,1.0,0.7446382563796355,1.2159347534179688e-05,99.59932677594273,74.16546902702353,68,STARLINK-200,0,22,200
HoldBack,0.9164209105537283,0.6337684374448036,1.3113021850585938e-05,91.27490573454777,63.12290970134361,68,STARLINK-200,0,22,200
LIA,0.8656893496710565,0.7755597295406076,9.179115295410156e-05,86.43702445681484,77.43779605870728,73,STARLINK-200,0,23,200
VCG,1.0,0.5500296612277126,1.1920928955078125e-05,99.84762373437893,54.919154657012555,73,STARLINK-200,0,23,200
HoldBack,0.8027479013905316,0.5973882839065239,1.2636184692382812e-05,80.15247041160413,59.64780059482493,73,STARLINK-200,0,23,200
LIA,0.9327247609913516,0.7500184671564466,9.226799011230469e-05,92.92373418597245,74.7214179267,11,STARLINK-200,0,24,200
VCG,1.0,0.57582511945332,1.2159347534179688e-05,99.62610415446456,57.36721332541346,11,STARLINK-200,0,24,200
HoldBack,0.8296471671679423,0.6199079890498818,1.3113021850585938e-05,82.65451508772989,61.75901788326819,11,STARLINK-200,0,24,200
LIA,0.9054165178130895,0.6762029108867229,9.083747863769531e-05,90.32824638763412,67.46091101821544,15,STARLINK-200,0,25,200
VCG,1.0,0.7247462770436215,1.1920928955078125e-05,99.76430141324317,72.3038060311057,15,STARLINK-200,0,25,200
HoldBack,0.8684360066080004,0.632786158141166,2.2172927856445312e-05,86.63891152135379,63.129469010923444,15,STARLINK-200,0,25,200
LIA,0.918013141279135,0.8348475401628266,9.417533874511719e-05,91.43358911674481,83.15034233171487,153,STARLINK-200,0,26,200
VCG,1.0,0.7562597276558405,1.2874603271484375e-05,99.59943382656122,75.3230407003511,153,STARLINK-200,0,26,200
HoldBack,0.9265827448498448,0.6682522752407631,1.4066696166992188e-05,92.28711678050558,66.55754826729137,153,STARLINK-200,0,26,200
LIA,0.8538040741917532,0.7083859942146147,9.322166442871094e-05,84.95816662283818,70.4882737725772,32,STARLINK-200,0,27,200
VCG,1.0,0.686293376808155,1.2159347534179688e-05,99.50545937985028,68.28993772864415,121,STARLINK-200,0,27,200
HoldBack,0.8416001309074331,0.6377488208363136,1.3113021850585938e-05,83.74380764008626,63.459489386275216,121,STARLINK-200,0,27,200
LIA,0.9276295915828091,0.7415090814746824,9.322166442871094e-05,92.6163493863587,74.03371430382668,98,STARLINK-200,0,28,200
VCG,1.0,0.6351908723372218,1.1920928955078125e-05,99.841952247694,63.41869674406399,98,STARLINK-200,0,28,200
HoldBack,0.8701721444271457,0.5778539384702897,1.3113021850585938e-05,86.87968569116858,57.69406533089256,98,STARLINK-200,0,28,200
LIA,0.8585723154477073,0.7730094897138589,9.274482727050781e-05,85.8514228007798,77.29571910996651,64,STARLINK-200,0,29,200
VCG,1.0,0.7623105910745848,1.2874603271484375e-05,99.99323441498589,76.22590163034741,64,STARLINK-200,0,29,200
HoldBack,0.8529384339639653,0.560061389379997,1.3828277587890625e-05,85.28807276890974,56.00234979505674,64,STARLINK-200,0,29,200
LIA,0.9218730211583502,0.7651477864985361,9.202957153320312e-05,91.58885132199333,76.01806891898319,115,STARLINK-200,0,30,200
VCG,1.0,0.603584969835744,1.3113021850585938e-05,99.35083164372277,59.96666872083248,115,STARLINK-200,0,30,200
HoldBack,0.8706543626156565,0.6148603779684129,1.2874603271484375e-05,86.50023500010084,61.086889895935535,115,STARLINK-200,0,30,200
LIA,0.8779849406242718,0.7937407899003946,9.202957153320312e-05,87.54681778835611,79.14655148320283,21,STARLINK-200,0,31,200
VCG,1.0,0.5711951559324386,1.2636184692382812e-05,99.71334784638547,56.95578127166164,21,STARLINK-200,0,31,200
HoldBack,0.8859985569654535,0.6426921991464754,1.3113021850585938e-05,88.34588230209184,64.08499081165094,21,STARLINK-200,0,31,200
LIA,0.9151516617132124,0.7237795887041187,9.202957153320312e-05,90.83866041669367,71.84292071518013,52,STARLINK-200,0,32,200
VCG,1.0,0.5764042613154341,1.3113021850585938e-05,99.26077197591368,57.21433194837627,52,STARLINK-200,0,32,200
HoldBack,0.9098360375308834,0.580254952637725,1.2874603271484375e-05,90.31102745682186,57.596554541667814,52,STARLINK-200,0,32,200
LIA,0.9656234860239818,0.8327216047762289,9.322166442871094e-05,96.45139161603296,83.1764748599008,41,STARLINK-200,0,33,200
VCG,1.0,0.6651751095342894,1.3113021850585938e-05,99.88509290839426,66.44107761618382,41,STARLINK-200,0,33,200
HoldBack,0.9210172568528867,0.5907978115885346,1.3113021850585938e-05,91.995894270985,59.011894300596786,41,STARLINK-200,0,33,200
LIA,0.8684404768495014,0.7883258981197597,9.179115295410156e-05,86.76142997079829,78.75759367183102,75,STARLINK-200,0,34,200
VCG,1.0,0.6339803204059766,1.1920928955078125e-05,99.9048665782466,63.337719323393124,75,STARLINK-200,0,34,200
HoldBack,0.8390988197671182,0.7391271865586863,1.2874603271484375e-05,83.83005563479813,73.84240295750033,75,STARLINK-200,0,34,200
LIA,0.9455007118404504,0.6539597460236315,9.131431579589844e-05,94.53913121574607,65.38840792493953,96,STARLINK-200,0,35,200
VCG,1.0,0.7218538332547133,1.2159347534179688e-05,99.98842944467205,72.17703107575497,96,STARLINK-200,0,35,200
HoldBack,0.867583107214839,0.6310224918886144,1.2874603271484375e-05,86.74827230314028,63.09494790820586,96,STARLINK-200,0,35,200
LIA,0.9571817560117852,0.8332497606565269,9.202957153320312e-05,95.6578280067137,83.27244203193528,116,STARLINK-200,0,36,200
VCG,1.0,0.6019186620897767,1.3113021850585938e-05,99.93695283671487,60.15391694480453,121,STARLINK-200,0,36,200
HoldBack,0.8808947395751392,0.5694895392827463,1.4066696166992188e-05,88.0339360430309,56.91304922830229,121,STARLINK-200,0,36,200
LIA,0.9583806382092234,0.7263218435965451,0.00011086463928222656,95.0036482878037,71.9998111624322,192,STARLINK-200,0,37,200
VCG,1.0,0.7560373512999728,1.4066696166992188e-05,99.1293485074179,74.94549008164014,192,STARLINK-200,0,37,200
HoldBack,0.8499976722747863,0.6100331761544174,1.2874603271484375e-05,84.25971548542128,60.472191320098304,192,STARLINK-200,0,37,200
LIA,0.9515059020410884,0.6937561364525388,9.393692016601562e-05,94.92428535327805,69.21061164302135,99,STARLINK-200,0,38,200
VCG,1.0,0.7678219089336666,1.2159347534179688e-05,99.76216137982398,76.59957319000496,174,STARLINK-200,0,38,200
HoldBack,0.8079457662230553,0.6955487712670185,1.2874603271484375e-05,80.60241591608998,69.38944876667858,174,STARLINK-200,0,38,200
LIA,0.9761633217828184,0.7666323422867471,9.298324584960938e-05,97.3593463700638,76.46140977195489,19,STARLINK-200,0,39,200
VCG,1.0,0.6654028544164444,1.3828277587890625e-05,99.73673892218294,66.36511076900823,19,STARLINK-200,0,39,200
HoldBack,0.8986636197539303,0.7039597927944234,1.3113021850585938e-05,89.62977882226163,70.21065406565141,19,STARLINK-200,0,39,200
LIA,0.9714963465841892,0.7474933148100691,9.179115295410156e-05,96.98868083396364,74.62548962797632,140,STARLINK-200,0,40,200
VCG,1.0,0.5777642831750044,1.1920928955078125e-05,99.83432379851845,57.680706525712296,140,STARLINK-200,0,40,200
HoldBack,0.8434366858895028,0.7179754121291179,1.1920928955078125e-05,84.20393120264193,71.67858977387309,140,STARLINK-200,0,40,200
LIA,0.8670119386222058,0.8095243029369068,9.894371032714844e-05,86.4969470429666,80.76172615616011,158,STARLINK-200,0,41,200
VCG,1.0,0.6021483300031395,1.1920928955078125e-05,99.76442444428325,60.07298157284955,111,STARLINK-200,0,41,200
HoldBack,0.873751593936269,0.7141206124695383,1.3113021850585938e-05,87.16932487632697,71.24383188682253,111,STARLINK-200,0,41,200
LIA,0.9668551480020788,0.6636268527552968,9.179115295410156e-05,96.55717461132186,66.2745955592899,80,STARLINK-200,0,42,200
VCG,1.0,0.6255196998183743,1.1920928955078125e-05,99.86726016906334,62.46893860263599,80,STARLINK-200,0,42,200
HoldBack,0.8480345061452783,0.6086114878049697,1.3113021850585938e-05,84.69088265755366,60.780361794499626,80,STARLINK-200,0,42,200
LIA,0.9000539885602673,0.7883816462321515,9.393692016601562e-05,89.80217069662193,78.6601515785437,92,STARLINK-200,0,43,200
VCG,1.0,0.5836982715956301,1.1920928955078125e-05,99.77420447885589,58.23803070413717,92,STARLINK-200,0,43,200
HoldBack,0.8811226966783642,0.7304260563886285,1.2874603271484375e-05,87.91331610934803,72.87767870680334,92,STARLINK-200,0,43,200
LIA,0.8947938698296407,0.7118108484000699,9.226799011230469e-05,89.0259124944568,70.8203447061328,114,STARLINK-200,0,44,200
VCG,1.0,0.6018444951090854,1.1920928955078125e-05,99.49320787301146,59.879439459115865,114,STARLINK-200,0,44,200
HoldBack,0.8613540681371973,0.5488756475491384,1.2159347534179688e-05,85.69887935343824,54.6093988980402,114,STARLINK-200,0,44,200
LIA,0.973114652418817,0.7866395701369994,9.131431579589844e-05,96.81685170501423,78.26412480579077,161,STARLINK-200,0,45,200
VCG,1.0,0.6028416609537783,1.1920928955078125e-05,99.49172121122825,59.9777544661271,161,STARLINK-200,0,45,200
HoldBack,0.8059593730047037,0.536800057040039,1.1920928955078125e-05,80.1862852465603,53.40716162119898,161,STARLINK-200,0,45,200
LIA,0.8861058293120534,0.8405650629892953,0.00010609626770019531,88.10582003179954,83.57768532258736,83,STARLINK-200,0,46,200
VCG,1.0,0.5716022899400348,1.1920928955078125e-05,99.43035822278962,56.834620449704516,83,STARLINK-200,0,46,200
HoldBack,0.940833649919796,0.5778095117161837,1.2159347534179688e-05,93.54742683957996,57.4518067344753,83,STARLINK-200,0,46,200
LIA,0.94846385625816,0.7616413915800416,0.00011110305786132812,94.2859046088708,75.71405817823496,52,STARLINK-200,0,47,200
VCG,1.0,0.6071267863786164,1.621246337890625e-05,99.4090644432605,60.35390583234153,52,STARLINK-200,0,47,200
HoldBack,0.8026224931112814,0.5959410226260209,1.3828277587890625e-05,79.78795114130979,59.241939522612675,52,STARLINK-200,0,47,200
LIA,0.8667353952200151,0.699570022775187,9.512901306152344e-05,86.54755017219652,69.8553122198626,123,STARLINK-200,0,48,200
VCG,1.0,0.6944304102547839,1.3113021850585938e-05,99.85463920072976,69.3420980660062,123,STARLINK-200,0,48,200
HoldBack,0.9378092384743297,0.6456339527996265,1.4066696166992188e-05,93.64460314696534,64.4695454125477,123,STARLINK-200,0,48,200
LIA,0.8555804901236564,0.7984594534007478,9.298324584960938e-05,84.48286590697616,78.8425445793691,17,STARLINK-200,0,49,200
VCG,1.0,0.7699431567806619,1.1920928955078125e-05,98.74332909901429,76.02675051752686,77,STARLINK-200,0,49,200
HoldBack,0.8637875210920002,0.6034032157462719,1.2874603271484375e-05,85.29325546680911,59.58204231183765,77,STARLINK-200,0,49,200
LIA,0.9202018182137065,0.7055064948421054,9.393692016601562e-05,91.99025580632848,70.52770560650991,5,STARLINK-200,0,50,200
VCG,1.0,0.7787566951480989,1.1920928955078125e-05,99.96747885686614,77.85034345686051,5,STARLINK-200,0,50,200
HoldBack,0.8676996819889228,0.7246158371196383,1.1920928955078125e-05,86.7417496133371,72.4380183766078,5,STARLINK-200,0,50,200
LIA,0.9389769979072278,0.6881160037459536,0.00010228157043457031,93.67117858024557,68.64559751141056,15,STARLINK-200,0,51,200
VCG,1.0,0.7970001588167756,1.4066696166992188e-05,99.75875744455713,79.50774552667623,15,STARLINK-200,0,51,200
HoldBack,0.8883472550140105,0.7035593118588268,1.2874603271484375e-05,88.6204183394808,70.18620273958423,15,STARLINK-200,0,51,200
LIA,0.9786027247023421,0.7405459987241866,9.393692016601562e-05,97.45385405820302,73.74704756212944,160,STARLINK-200,0,52,200
VCG,1.0,0.5814503230000184,1.2874603271484375e-05,99.58469519676147,57.903553188015344,160,STARLINK-200,0,52,200
HoldBack,0.8322185058108882,0.5670870168121374,1.3113021850585938e-05,82.87622623828156,56.47318771927745,160,STARLINK-200,0,52,200
LIA,0.9224635154940963,0.8278984691428176,9.298324584960938e-05,91.66722859947814,82.27009193683212,166,STARLINK-200,0,53,200
VCG,1.0,0.6984954472480813,1.3113021850585938e-05,99.37219961526468,69.41102901428991,166,STARLINK-200,0,53,200
HoldBack,0.9379410292580955,0.5892293423982908,1.2874603271484375e-05,93.20526318678228,58.55301583197409,166,STARLINK-200,0,53,200
LIA,0.8847302429731088,0.7741721600153518,9.393692016601562e-05,88.30902845718849,77.27371348787132,73,STARLINK-200,0,54,200
VCG,1.0,0.7861418858285392,1.2159347534179688e-05,99.81463746557223,78.46846733047691,73,STARLINK-200,0,54,200
HoldBack,0.8990268655455043,0.6670325309952587,1.3113021850585938e-05,89.73604065623427,66.57961025903482,73,STARLINK-200,0,54,200
LIA,0.968901826883769,0.7315661768666771,9.226799011230469e-05,96.34415413900403,72.74434060426245,30,STARLINK-200,0,55,200
VCG,1.0,0.6614900938906666,1.2159347534179688e-05,99.43644594919483,65.77622396708709,30,STARLINK-200,0,55,200
HoldBack,0.8190194897280102,0.58023419627272,1.3113021850585938e-05,81.44038722167642,57.69642629554683,30,STARLINK-200,0,55,200
LIA,0.9373214232076846,0.6503211894479289,9.298324584960938e-05,93.35302246030922,64.76908251727431,151,STARLINK-200,0,56,200
VCG,1.0,0.6573792625824132,1.1920928955078125e-05,99.59552843766035,65.47203504085492,151,STARLINK-200,0,56,200
HoldBack,0.8953494156769021,0.6367818451111512,1.1920928955078125e-05,89.17279819069148,63.42062436335349,151,STARLINK-200,0,56,200
LIA,0.9300988019174673,0.7241839087861404,9.298324584960938e-05,92.89186663348907,72.32650438254221,129,STARLINK-200,0,57,200
VCG,1.0,0.6741460237077759,1.1920928955078125e-05,99.87311718065396,67.32906482263863,129,STARLINK-200,0,57,200
HoldBack,0.8820372693601523,0.7383856090443128,1.2636184692382812e-05,88.09181156051054,73.7448724565912,129,STARLINK-200,0,57,200
LIA,0.9074541762112625,0.8016022178944331,9.322166442871094e-05,90.53309591115732,79.97266680531305,180,STARLINK-200,0,58,200
VCG,1.0,0.677352356727809,1.2159347534179688e-05,99.76602486876483,67.57675206622307,180,STARLINK-200,0,58,200
HoldBack,0.8449140722190428,0.5507280860383832,1.3113021850585938e-05,84.2937183409744,54.9439519276326,180,STARLINK-200,0,58,200
LIA,0.919985073979687,0.7048319786905655,9.202957153320312e-05,91.86985704544958,70.38463444113805,178,STARLINK-200,0,59,200
VCG,1.0,0.6364828177250466,1.2159347534179688e-05,99.86016039155656,63.55927626449301,178,STARLINK-200,0,59,200
HoldBack,0.905859178825454,0.6461545879109719,1.2159347534179688e-05,90.45924288967355,64.52510078652979,178,STARLINK-200,0,59,200
LIA,0.8522745192113145,0.7265482371728632,9.298324584960938e-05,84.7686574308983,72.26370991464444,77,STARLINK-200,0,60,200
VCG,1.0,0.7101676920589158,1.1920928955078125e-05,99.46168226329503,70.63447334122144,108,STARLINK-200,0,60,200
HoldBack,0.8134621756532575,0.6148918272218871,1.811981201171875e-05,80.90831644803299,61.15817554544024,108,STARLINK-200,0,60,200
LIA,0.8687506405595335,0.7107939208588197,0.00010395050048828125,85.958769867075,70.32969901083166,11,STARLINK-200,0,61,200
VCG,1.0,0.6709385379189756,1.3113021850585938e-05,98.9452736537976,66.3861972392719,11,STARLINK-200,0,61,200
HoldBack,0.8808507567238626,0.6072843977388198,1.2874603271484375e-05,87.15601917219728,60.08792091994919,11,STARLINK-200,0,61,200
LIA,0.8539908032821507,0.763320016007576,9.489059448242188e-05,85.27193944538524,76.21835965011377,151,STARLINK-200,0,62,200
VCG,1.0,0.6996500592084155,1.2874603271484375e-05,99.85112148474997,69.860843058832,151,STARLINK-200,0,62,200
HoldBack,0.8212703901772203,0.6504345124425761,1.4066696166992188e-05,82.00476950141362,64.94661551977778,151,STARLINK-200,0,62,200
LIA,0.8704509458698967,0.6950805312653918,9.393692016601562e-05,86.64565563406919,69.18908944349488,83,STARLINK-200,0,63,200
VCG,1.0,0.7403474237303529,1.3113021850585938e-05,99.54111262120429,73.69500628436151,83,STARLINK-200,0,63,200
HoldBack,0.8790481855703516,0.5738520033497346,1.2874603271484375e-05,87.50143443932366,57.121866893339636,83,STARLINK-200,0,63,200
LIA,0.9740599631883261,0.822474100949076,9.489059448242188e-05,96.65048603914438,81.60947438095997,138,STARLINK-200,0,64,200
VCG,1.0,0.7541947763561334,1.2874603271484375e-05,99.22436984555318,74.83450142474526,138,STARLINK-200,0,64,200
HoldBack,0.8321425653015511,0.5473227587464503,1.4066696166992188e-05,82.56882166370849,54.30775583874627,138,STARLINK-200,0,64,200
LIA,0.9544276086508855,0.7115085057105496,9.393692016601562e-05,94.9449114511205,70.7797128447459,57,STARLINK-200,0,65,200
VCG,1.0,0.7428994847497906,1.2159347534179688e-05,99.47837907301134,73.90243655708447,57,STARLINK-200,0,65,200
HoldBack,0.8971349548643388,0.5660425704108796,1.2874603271484375e-05,89.24553111964362,56.30899739079519,57,STARLINK-200,0,65,200
LIA,0.9785577843159472,0.7028050117799194,9.393692016601562e-05,97.57391161458166,70.07806304421355,71,STARLINK-200,0,66,200
VCG,1.0,0.5916667558103949,1.2159347534179688e-05,99.71195690072601,58.99625005495847,71,STARLINK-200,0,66,200
HoldBack,0.8819499923201,0.637972597627855,1.3113021850585938e-05,87.94095962281745,63.61349615851289,71,STARLINK-200,0,66,200
LIA,0.96417799759891,0.6713719470981412,9.417533874511719e-05,95.7599248845178,66.67910633077398,36,STARLINK-200,0,67,200
VCG,1.0,0.5642477916300459,1.1920928955078125e-05,99.31768316948582,56.03978339819495,100,STARLINK-200,0,67,200
HoldBack,0.9310656181659859,0.6532537680524846,1.3113021850585938e-05,92.47128007501084,64.87965076470944,100,STARLINK-200,0,67,200
LIA,0.91639507310074,0.7725773833025189,9.489059448242188e-05,91.54365102268049,77.17692558707881,65,STARLINK-200,0,68,200
VCG,1.0,0.590432984169137,1.2874603271484375e-05,99.89539851292614,58.98153824875215,65,STARLINK-200,0,68,200
HoldBack,0.8114759809579312,0.5486865715690482,1.2874603271484375e-05,81.06271650146019,54.81126372558124,65,STARLINK-200,0,68,200
LIA,0.945731287684865,0.7912819027936131,9.703636169433594e-05,94.37804910650065,78.96496949123409,145,STARLINK-200,0,69,200
VCG,1.0,0.7772146711828333,1.2874603271484375e-05,99.79372612017161,77.5611480325989,142,STARLINK-200,0,69,200
HoldBack,0.8948083388424796,0.5786367824483684,1.3113021850585938e-05,89.29625829649213,57.7443205907098,142,STARLINK-200,0,69,200
LIA,0.9780373167027547,0.8149893415742379,9.417533874511719e-05,97.06996577424582,80.88749390431472,80,STARLINK-200,0,70,200
VCG,1.0,0.7086002361866691,1.2874603271484375e-05,99.24975674905392,70.32840107384907,80,STARLINK-200,0,70,200
HoldBack,0.809113290963497,0.5187174903431951,1.4066696166992188e-05,80.30429731055357,51.482584738041844,80,STARLINK-200,0,70,200
LIA,0.8731818270134422,0.7412305746952531,9.393692016601562e-05,86.83018237993626,73.70880152935545,120,STARLINK-200,0,71,200
VCG,1.0,0.6085255626165966,1.2874603271484375e-05,99.44112405193192,60.51246596092865,120,STARLINK-200,0,71,200
HoldBack,0.935454211069139,0.5126880727808695,1.2636184692382812e-05,93.02261824782835,50.98227824534834,120,STARLINK-200,0,71,200
LIA,0.9136180122849419,0.7846686334294559,9.393692016601562e-05,91.06724198939624,78.2138786244975,138,STARLINK-200,0,72,200
VCG,1.0,0.6763419207050916,1.2636184692382812e-05,99.67759037679077,67.41613292669403,138,STARLINK-200,0,72,200
HoldBack,0.8972630221982749,0.7168721363413304,1.2874603271484375e-05,89.43701598692097,71.45608715876604,138,STARLINK-200,0,72,200
LIA,0.8786888443716382,0.7916278272335918,9.512901306152344e-05,86.75710717139094,78.1611610151641,143,STARLINK-200,0,73,200
VCG,1.0,0.7786710413488804,1.3113021850585938e-05,98.73473155725799,76.88187623899225,143,STARLINK-200,0,73,200
HoldBack,0.8112757435878875,0.6873221353928046,1.4066696166992188e-05,80.10109276206494,67.8625665313699,143,STARLINK-200,0,73,200
LIA,0.9700568079985085,0.8243312357009576,9.584426879882812e-05,96.9346637870502,82.37277499933676,158,STARLINK-200,0,74,200
VCG,1.0,0.5693935261460638,1.1920928955078125e-05,99.92679087223028,56.8976678111995,158,STARLINK-200,0,74,200
HoldBack,0.9282309673662165,0.7383067247516721,1.2874603271484375e-05,92.75514175713192,73.77662168382163,158,STARLINK-200,0,74,200
LIA,0.9100921693491941,0.8296654646608765,9.393692016601562e-05,90.94126104719577,82.90459597902326,15,STARLINK-200,0,75,200
VCG,1.0,0.5617609161321673,1.1920928955078125e-05,99.92533076317727,56.134145354332304,15,STARLINK-200,0,75,200
HoldBack,0.9175803041170777,0.6135544395585848,1.2874603271484375e-05,91.68951539067578,61.309630314107444,15,STARLINK-200,0,75,200
LIA,0.9577018072030181,0.7361658794428952,0.00010895729064941406,95.33560516227985,73.28253856122534,49,STARLINK-200,0,76,200
VCG,1.0,0.6929891181869914,1.4066696166992188e-05,99.54623082596957,68.98445471892735,49,STARLINK-200,0,76,200
HoldBack,0.9457808802394332,0.7116824104269397,1.3113021850585938e-05,94.14892181510331,70.84530150314255,49,STARLINK-200,0,76,200
LIA,0.9414690176491111,0.8341810231929953,9.512901306152344e-05,93.98237832084826,83.27232764978328,12,STARLINK-200,0,77,200
VCG,1.0,0.7530232950366988,1.2159347534179688e-05,99.82524815901678,75.17073729655897,12,STARLINK-200,0,77,200
HoldBack,0.8914788590805736,0.6646756765524066,1.3113021850585938e-05,88.9920983362354,66.35141435710635,12,STARLINK-200,0,77,200
LIA,0.931531082682214,0.7911764407816438,9.417533874511719e-05,92.59582363554571,78.6443260318002,9,STARLINK-200,0,78,200
VCG,1.0,0.5722918010546215,1.1682510375976562e-05,99.40175411960377,56.886808893096685,9,STARLINK-200,0,78,200
HoldBack,0.9427520534366359,0.6570141226862832,1.3113021850585938e-05,93.71120781146003,65.30835627636911,9,STARLINK-200,0,78,200
LIA,0.8957868335625064,0.7439989659367549,9.584426879882812e-05,89.37973407696173,74.23465855654543,176,STARLINK-200,0,79,200
VCG,1.0,0.7588058570261438,1.1920928955078125e-05,99.7779055553901,75.71205913723142,176,STARLINK-200,0,79,200
HoldBack,0.8151276151343343,0.6578698463496979,1.3113021850585938e-05,81.33172619846398,65.64087539681915,176,STARLINK-200,0,79,200
LIA,0.9075151765390608,0.722303825283621,9.322166442871094e-05,90.53562071660083,72.05854718310947,84,STARLINK-200,0,80,200
VCG,1.0,0.7488683830123185,1.1682510375976562e-05,99.76210101727598,74.70868327471904,198,STARLINK-200,0,80,200
HoldBack,0.904203371942515,0.7181354455073504,1.2159347534179688e-05,90.20522813189075,71.64270085879079,198,STARLINK-200,0,80,200
LIA,0.9605339558312719,0.8465012954219939,9.298324584960938e-05,95.64691846709938,84.29190857230233,64,STARLINK-200,0,81,200
VCG,1.0,0.7169389938451394,1.1920928955078125e-05,99.57682171092428,71.39050636772689,64,STARLINK-200,0,81,200
HoldBack,0.9117300028139649,0.5656873945537351,1.1920928955078125e-05,90.78717593870667,56.329352831594555,64,STARLINK-200,0,81,200
LIA,0.8564701794068874,0.6781729873515259,9.274482727050781e-05,85.52044978189187,67.71707912632243,51,STARLINK-200,0,82,200
VCG,1.0,0.659318087110825,1.2874603271484375e-05,99.85222117262212,65.83437545730024,51,STARLINK-200,0,82,200
HoldBack,0.9231811054082624,0.6832831726875148,1.2874603271484375e-05,92.18168391961159,68.22734248272468,51,STARLINK-200,0,82,200
LIA,0.9380332891669082,0.6879815013535012,9.322166442871094e-05,93.73129462689971,68.7453180456879,70,STARLINK-200,0,83,200
VCG,1.0,0.5809995652087212,1.1920928955078125e-05,99.92320710722848,58.05533988356075,70,STARLINK-200,0,83,200
HoldBack,0.9395444152206877,0.5410972676103357,1.1920928955078125e-05,93.88229118853664,54.068174336583006,70,STARLINK-200,0,83,200
LIA,0.96663532434171,0.7149466621951033,9.179115295410156e-05,96.21152245755762,71.16034880329269,87,STARLINK-200,0,84,200
VCG,1.0,0.6778950649350275,1.2159347534179688e-05,99.53238831105081,67.47251483725816,44,STARLINK-200,0,84,200
HoldBack,0.9096516575889346,0.5523702604023547,1.2874603271484375e-05,90.53980201093287,54.97873124984342,44,STARLINK-200,0,84,200
LIA,0.9329046100569177,0.7845794270700954,9.202957153320312e-05,93.10479820183139,78.30179896550511,45,STARLINK-200,0,85,200
VCG,1.0,0.7325829112194421,1.2159347534179688e-05,99.80098415008469,73.11249551123444,45,STARLINK-200,0,85,200
HoldBack,0.8024656631580088,0.745695600946081,1.2874603271484375e-05,80.08686292981963,74.42115485080771,45,STARLINK-200,0,85,200
LIA,0.923155373071689,0.6785962846835186,9.393692016601562e-05,92.22648451314365,67.79416722864185,132,STARLINK-200,0,86,200
VCG,1.0,0.728459195527899,1.1920928955078125e-05,99.90353433818086,72.77564825438506,132,STARLINK-200,0,86,200
HoldBack,0.9219497357911347,0.7337672841064609,1.1920928955078125e-05,92.1060370876864,73.30594506396352,132,STARLINK-200,0,86,200
LIA,0.9320974182046718,0.8206514918684844,9.179115295410156e-05,92.54557609589014,81.48039422231706,192,STARLINK-200,0,87,200
VCG,1.0,0.5572734607559244,1.5020370483398438e-05,99.28745031194669,55.33026104497042,192,STARLINK-200,0,87,200
HoldBack,0.9156746552272989,0.7206372598039545,1.2874603271484375e-05,90.91500183278934,71.55023612572255,192,STARLINK-200,0,87,200
LIA,0.9401536020959769,0.7122819578035666,9.393692016601562e-05,93.85522633641547,71.10687468086121,48,STARLINK-200,0,88,200
VCG,1.0,0.7442463653513541,1.2159347534179688e-05,99.82967264835744,74.29787102275552,48,STARLINK-200,0,88,200
HoldBack,0.8626905871625798,0.7236171193019809,1.2874603271484375e-05,86.12211891325963,72.23846014266417,48,STARLINK-200,0,88,200
LIA,0.9283189507561644,0.7059101832050445,9.393692016601562e-05,92.49477914420595,70.33466939138965,51,STARLINK-200,0,89,200
VCG,1.0,0.6516986784150913,1.0967254638671875e-05,99.63685333458302,64.93320563958603,51,STARLINK-200,0,89,200
HoldBack,0.943144827481506,0.7009552139078963,1.2874603271484375e-05,93.97198284904542,69.84097184225233,51,STARLINK-200,0,89,200
LIA,0.9004898409824088,0.7121727165711635,0.000102996826171875,89.04234719784517,70.42115014265988,165,STARLINK-200,0,90,200
VCG,1.0,0.738186949820337,1.3113021850585938e-05,98.8821229795358,72.99349275402298,165,STARLINK-200,0,90,200
HoldBack,0.8018336365147267,0.5733860572146927,1.4066696166992188e-05,79.28701225497761,56.697630624254394,165,STARLINK-200,0,90,200
LIA,0.8801686045026696,0.7476730087572195,9.608268737792969e-05,87.59893803817663,74.4122901361021,160,STARLINK-200,0,91,200
VCG,1.0,0.7951240771441426,1.2874603271484375e-05,99.52517914186852,79.13486621778367,160,STARLINK-200,0,91,200
HoldBack,0.9360706963652902,0.6648662894368498,1.3113021850585938e-05,93.16260374520911,66.17093656159189,160,STARLINK-200,0,91,200
LIA,0.9464352103726095,0.7921027940068006,9.512901306152344e-05,94.46745005350334,79.0629197962936,164,STARLINK-200,0,92,200
VCG,1.0,0.6694566273705455,1.2874603271484375e-05,99.81396403913556,66.8211197301246,164,STARLINK-200,0,92,200
HoldBack,0.9286096906462911,0.6275336414430551,1.4066696166992188e-05,92.6882142685617,62.63662032034489,164,STARLINK-200,0,92,200
LIA,0.8878783369846331,0.7799961003090855,9.393692016601562e-05,88.1116051781777,77.40554709821906,30,STARLINK-200,0,93,200
VCG,1.0,0.5744123078016412,1.2874603271484375e-05,99.23837704771333,57.00374518246643,30,STARLINK-200,0,93,200
HoldBack,0.8499296560824154,0.7446850758011202,1.4066696166992188e-05,84.34563967434006,73.90133833415655,30,STARLINK-200,0,93,200
LIA,0.9343519366440123,0.722563118936785,9.393692016601562e-05,93.199151633937,72.07377332438416,138,STARLINK-200,0,94,200
VCG,1.0,0.7007289766875184,1.1920928955078125e-05,99.74737353110004,69.8958749817154,138,STARLINK-200,0,94,200
HoldBack,0.922330474839047,0.5753103454942757,1.2636184692382812e-05,92.00004239288728,57.385695928323734,138,STARLINK-200,0,94,200
LIA,0.9158945083236465,0.7741054628932826,9.489059448242188e-05,90.88166784404207,76.81233473458683,177,STARLINK-200,0,95,200
VCG,1.0,0.553237679403245,1.1920928955078125e-05,99.22722215070596,54.89623811628683,177,STARLINK-200,0,95,200
HoldBack,0.8983129812948125,0.677411598313887,1.3828277587890625e-05,89.13710175580333,67.21767115335685,177,STARLINK-200,0,95,200
LIA,0.8610701009410052,0.7986701641754473,9.489059448242188e-05,84.98302340336248,78.8244826751215,126,STARLINK-200,0,96,200
VCG,1.0,0.7712579940449071,1.3113021850585938e-05,98.69466296703402,76.11904778289284,158,STARLINK-200,0,96,200
HoldBack,0.8242524987038292,0.7135258970974735,1.4066696166992188e-05,81.34932255931007,70.42119793228575,158,STARLINK-200,0,96,200
LIA,0.9137091067792664,0.7090101608821663,9.393692016601562e-05,91.20909715329206,70.77545377053494,11,STARLINK-200,0,97,200
VCG,1.0,0.6274054096912925,1.1920928955078125e-05,99.82290476976316,62.629430463648134,11,STARLINK-200,0,97,200
HoldBack,0.8603024504615273,0.5716143369390777,1.3113021850585938e-05,85.87788958561492,57.06020352130086,11,STARLINK-200,0,97,200
LIA,0.8912248078911886,0.662547205064583,0.00010013580322265625,88.56550970562115,65.84066152671966,50,STARLINK-200,0,98,200
VCG,1.0,0.6517662577518198,1.2874603271484375e-05,99.37504984313037,64.76930435015765,50,STARLINK-200,0,98,200
HoldBack,0.8281835254820595,0.6012283158702808,1.2874603271484375e-05,82.3007791240391,59.747093856710485,50,STARLINK-200,0,98,200
LIA,0.9445881072836476,0.8363938560571412,9.608268737792969e-05,93.84211766493789,83.09332930313523,98,STARLINK-200,0,99,200
VCG,1.0,0.6142213722187987,1.3113021850585938e-05,99.34713018439297,61.02113062785748,110,STARLINK-200,0,99,200
HoldBack,0.9047120566492125,0.5855714544181645,1.4066696166992188e-05,89.88054647131922,58.17484351434572,110,STARLINK-200,0,99,200
LIA,0.872227559363611,0.6749251108456032,9.608268737792969e-05,86.38307112765658,66.84276738349709,76,STARLINK-200,1,0,200
VCG,1.0,0.5514331325984232,1.1920928955078125e-05,99.03730993169127,54.612454059753446,76,STARLINK-200,1,0,200
HoldBack,0.8578506498516051,0.6415607067837521,1.4781951904296875e-05,84.95922068445617,63.53844655773736,76,STARLINK-200,1,0,200
LIA,0.8934000422099221,0.7243590411641293,9.298324584960938e-05,88.81599574219291,72.0110437388311,196,STARLINK-200,1,1,200
VCG,1.0,0.561312828446886,1.1920928955078125e-05,99.41346714344998,55.802054428001476,196,STARLINK-200,1,1,200
HoldBack,0.8830609404660854,0.5675779590257622,1.4066696166992188e-05,87.78814979068922,56.42489278095401,196,STARLINK-200,1,1,200
LIA,0.9226241863889418,0.6807581888356632,9.393692016601562e-05,91.2659049489414,67.34054132989917,126,STARLINK-200,1,2,200
VCG,1.0,0.6271333811300682,1.2636184692382812e-05,98.91991375832771,62.03597997635481,126,STARLINK-200,1,2,200
HoldBack,0.9184059912536784,0.7121770450110567,1.2874603271484375e-05,90.84864144994533,70.4484918731544,126,STARLINK-200,1,2,200
LIA,0.9736195154185004,0.8487061330213773,9.512901306152344e-05,96.87869697962506,84.44935930683894,174,STARLINK-200,1,3,200
VCG,1.0,0.5901161388432834,1.3113021850585938e-05,99.50365152446922,58.71871063842737,151,STARLINK-200,1,3,200
HoldBack,0.851082963897436,0.5856769099989179,1.3113021850585938e-05,84.68586265806289,58.27699115846025,151,STARLINK-200,1,3,200
LIA,0.9267351728888451,0.7528183715217706,9.393692016601562e-05,92.33816233941499,75.00941696750398,80,STARLINK-200,1,4,200
VCG,1.0,0.7186628167839136,1.2874603271484375e-05,99.63813292159384,71.60622126452263,80,STARLINK-200,1,4,200
HoldBack,0.8882605712149112,0.6015939608315701,1.3828277587890625e-05,88.50462486372219,59.9416990341641,80,STARLINK-200,1,4,200
LIA,0.9709539633866067,0.6561137233156213,9.489059448242188e-05,96.74438958969874,65.37418256391645,128,STARLINK-200,1,5,200
VCG,1.0,0.5835580854890592,1.2874603271484375e-05,99.63849290265252,58.144848159287115,128,STARLINK-200,1,5,200
HoldBack,0.9031428570542358,0.5991432746857204,1.3113021850585938e-05,89.98779315267979,59.697732922445134,128,STARLINK-200,1,5,200
LIA,0.9172158400030486,0.7599517479246259,9.393692016601562e-05,91.1789976222199,75.545619247909,130,STARLINK-200,1,6,200
VCG,1.0,0.5645972686195231,1.3113021850585938e-05,99.40844198887456,56.12573482464089,130,STARLINK-200,1,6,200
HoldBack,0.9144228933333229,0.734786817939137,1.3113021850585938e-05,90.90135514522446,73.04401276529244,130,STARLINK-200,1,6,200
LIA,0.9014869796282593,0.7895050224940205,9.489059448242188e-05,89.75742523625033,78.6078330930225,62,STARLINK-200,1,7,200
VCG,1.0,0.6945099210088528,1.3113021850585938e-05,99.56596963082379,69.14955370347326,177,STARLINK-200,1,7,200
HoldBack,0.9277339285354423,0.7399906225308456,1.2874603271484375e-05,92.3707281540447,73.67788385000055,177,STARLINK-200,1,7,200
LIA,0.9544396171231995,0.8424941797077186,9.417533874511719e-05,95.12790491686695,83.97043121681794,192,STARLINK-200,1,8,200
VCG,1.0,0.7608461590910336,1.2159347534179688e-05,99.6688561646198,75.83266639384766,192,STARLINK-200,1,8,200
HoldBack,0.8642031941047754,0.7041379028729232,1.4066696166992188e-05,86.13414385023387,70.18061936149842,192,STARLINK-200,1,8,200
LIA,0.9596210197228212,0.8491421500329127,9.512901306152344e-05,95.92721234523937,84.88334213544861,197,STARLINK-200,1,9,200
VCG,1.0,0.6748895351799239,1.3113021850585938e-05,99.96364228552139,67.46441607696771,197,STARLINK-200,1,9,200
HoldBack,0.8521228216899351,0.6591151053217962,1.3113021850585938e-05,85.1813009307418,65.88754661337178,197,STARLINK-200,1,9,200
LIA,0.8547254170895058,0.6938839756425048,9.393692016601562e-05,85.08332461449163,69.0724229840036,122,STARLINK-200,1,10,200
VCG,1.0,0.6159855228984483,5.7220458984375e-05,99.54462908592996,61.31805039922865,122,STARLINK-200,1,10,200
HoldBack,0.8442116225766726,0.7400462070840146,2.5033950805664062e-05,84.03673283942597,73.66762519062755,122,STARLINK-200,1,10,200
LIA,0.8703779462594416,0.8222317930543395,0.00010395050048828125,85.79366069746611,81.04786635637707,187,STARLINK-200,1,11,200
VCG,1.0,0.7058689760980184,1.2874603271484375e-05,98.57058197094162,69.57791576921434,187,STARLINK-200,1,11,200
HoldBack,0.9390424887195622,0.5786968653611582,1.3113021850585938e-05,92.56196460852863,57.042486803409005,187,STARLINK-200,1,11,200
LIA,0.9065217975203612,0.7870563409773003,9.703636169433594e-05,90.3835031811619,78.4723649150617,38,STARLINK-200,1,12,200
VCG,1.0,0.5728939110863757,1.2159347534179688e-05,99.70361819030812,57.119595774508326,78,STARLINK-200,1,12,200
HoldBack,0.8740209477555643,0.5124125823852241,1.3113021850585938e-05,87.14305086535202,51.08938847004619,78,STARLINK-200,1,12,200
LIA,0.8978601394264597,0.7577036845637662,9.393692016601562e-05,89.58053362897125,75.59696373114167,121,STARLINK-200,1,13,200
VCG,1.0,0.7019000647959677,1.3113021850585938e-05,99.77114440807453,70.02937272479537,121,STARLINK-200,1,13,200
HoldBack,0.8228881743930593,0.701984375056646,1.3828277587890625e-05,82.10049487906674,70.03778445598859,121,STARLINK-200,1,13,200
LIA,0.913815954451745,0.6783573981692314,9.918212890625e-05,91.15976437818146,67.6710668926812,146,STARLINK-200,1,14,200
VCG,1.0,0.568803866607098,1.3113021850585938e-05,99.75724754430871,56.74230812528423,146,STARLINK-200,1,14,200
HoldBack,0.8497034939985033,0.6608626489379883,1.3113021850585938e-05,84.76408179007272,65.92583886289448,146,STARLINK-200,1,14,200
LIA,0.8866463547891935,0.6967472273283242,9.5367431640625e-05,87.91854213514455,69.08842531470701,39,STARLINK-200,1,15,200
VCG,1.0,0.5774553498827864,1.2159347534179688e-05,99.15852206491934,57.259619052857985,39,STARLINK-200,1,15,200
HoldBack,0.824323386485692,0.6364338993630163,1.3113021850585938e-05,81.73868870747053,63.107844852850306,39,STARLINK-200,1,15,200
LIA,0.9495642644131872,0.7439238865289095,9.441375732421875e-05,94.95514020931493,74.39138097100242,12,STARLINK-200,1,16,200
VCG,1.0,0.7564708213884024,1.1920928955078125e-05,99.99864545028494,75.64605746150467,12,STARLINK-200,1,16,200
HoldBack,0.9171534135864408,0.7142378522548394,1.3113021850585938e-05,91.71409902874903,71.42281775480468,12,STARLINK-200,1,16,200
LIA,0.9134917143116462,0.6800333124390427,9.393692016601562e-05,91.04061973888066,67.77363520389078,189,STARLINK-200,1,17,200
VCG,1.0,0.5863380278137373,1.2159347534179688e-05,99.6622282529224,58.435754361341054,189,STARLINK-200,1,17,200
HoldBack,0.8363626343413098,0.6342957740410099,1.2874603271484375e-05,83.35376376593909,63.21533021233922,189,STARLINK-200,1,17,200
LIA,0.9004414833793827,0.650536368384787,9.393692016601562e-05,88.63256112159986,64.03381618569313,37,STARLINK-200,1,18,200
VCG,1.0,0.5663483793073291,1.2159347534179688e-05,98.43233875560611,55.746995525667515,37,STARLINK-200,1,18,200
HoldBack,0.891089384639604,0.5329177873961206,1.3113021850585938e-05,87.71201217037009,52.45634417786302,37,STARLINK-200,1,18,200
LIA,0.870962850468434,0.7713635648794592,9.417533874511719e-05,86.49777608467977,76.60629024411183,33,STARLINK-200,1,19,200
VCG,1.0,0.6939482241554429,1.1682510375976562e-05,99.31281918414577,68.91795450870856,33,STARLINK-200,1,19,200
HoldBack,0.8799184428409822,0.7348009699770257,1.3113021850585938e-05,87.38718121066157,72.97515586766328,33,STARLINK-200,1,19,200
LIA,0.8692238517962515,0.8374853672725764,9.584426879882812e-05,86.85072293640778,83.67949112990495,62,STARLINK-200,1,20,200
VCG,1.0,0.6210751975614371,1.2159347534179688e-05,99.91755605524482,62.056315866867145,62,STARLINK-200,1,20,200
HoldBack,0.8366127132307497,0.5606668343245099,1.2636184692382812e-05,83.59229767076388,56.02045984693588,62,STARLINK-200,1,20,200
LIA,0.9466852181608008,0.8407939823711011,9.393692016601562e-05,93.82395498010897,83.32930021110069,25,STARLINK-200,1,21,200
VCG,1.0,0.645059018068869,1.3113021850585938e-05,99.107869416603,63.93042492877162,25,STARLINK-200,1,21,200
HoldBack,0.8858784029238438,0.7025882709809902,1.2636184692382812e-05,87.79752107596512,69.63202661402086,25,STARLINK-200,1,21,200
LIA,0.8774522007365617,0.6783346586775012,9.393692016601562e-05,87.6973377923091,67.79644936594295,142,STARLINK-200,1,22,200
VCG,1.0,0.7858679377877842,1.3828277587890625e-05,99.94543032508565,78.54390922088773,77,STARLINK-200,1,22,200
HoldBack,0.8749570972051298,0.7143338023857475,1.5020370483398438e-05,87.4479635961545,71.39439927519823,77,STARLINK-200,1,22,200
LIA,0.8803502142839027,0.7869491810227037,9.298324584960938e-05,87.96874035052338,78.63566913623579,97,STARLINK-200,1,23,200
VCG,1.0,0.6264144728781322,1.2159347534179688e-05,99.92471055633149,62.594284890644325,97,STARLINK-200,1,23,200
HoldBack,0.867991027521786,0.5922197783953476,1.2636184692382812e-05,86.73375219060723,59.177389941889885,97,STARLINK-200,1,23,200
LIA,0.9564127095719777,0.7498509789245547,0.000102996826171875,95.56976602848012,74.92903627777778,13,STARLINK-200,1,24,200
VCG,1.0,0.6578747334953158,1.4066696166992188e-05,99.92523632527882,65.73828821694924,13,STARLINK-200,1,24,200
HoldBack,0.8093195312836529,0.6465851669353753,1.2874603271484375e-05,80.8714454261829,64.61017561043722,13,STARLINK-200,1,24,200
LIA,0.9120583473974099,0.8068011148465054,9.608268737792969e-05,91.15228466042973,80.632741419115,64,STARLINK-200,1,25,200
VCG,1.0,0.7835919850148367,1.4066696166992188e-05,99.94128656410626,78.31319112370466,64,STARLINK-200,1,25,200
HoldBack,0.9078380876600305,0.722423675195011,1.3828277587890625e-05,90.73050647264132,72.19995154335942,64,STARLINK-200,1,25,200
LIA,0.9572061058431125,0.8273611929316899,9.608268737792969e-05,95.20607227218095,82.2913780518266,21,STARLINK-200,1,26,200
VCG,1.0,0.7338960068381695,1.3113021850585938e-05,99.46245818012507,72.99510088870221,21,STARLINK-200,1,26,200
HoldBack,0.8597491076043523,0.7307793441102032,1.3113021850585938e-05,85.51275966049774,72.68510995246031,21,STARLINK-200,1,26,200
LIA,0.860435912102208,0.6768380831753674,9.584426879882812e-05,86.03753151859183,67.67904162892101,187,STARLINK-200,1,27,200
VCG,1.0,0.6365585100526239,1.5020370483398438e-05,99.99295741664923,63.651367988897704,187,STARLINK-200,1,27,200
HoldBack,0.8193011113202517,0.6196765765396532,1.4066696166992188e-05,81.92434113565932,61.96329353002453,187,STARLINK-200,1,27,200
LIA,0.8541139746965853,0.746885768956814,9.489059448242188e-05,85.17885535245082,74.48522886114395,151,STARLINK-200,1,28,200
VCG,1.0,0.6959291401841353,1.2874603271484375e-05,99.72773877480425,69.40343949805758,151,STARLINK-200,1,28,200
HoldBack,0.8567043545686369,0.6765112136646644,1.3113021850585938e-05,85.4371880796583,67.46693359457544,151,STARLINK-200,1,28,200
LIA,0.9436499839764679,0.8499879767891265,9.393692016601562e-05,93.65390758072053,84.35828620214082,161,STARLINK-200,1,29,200
VCG,1.0,0.7231342031263386,1.3113021850585938e-05,99.24644642717018,71.76849995023257,161,STARLINK-200,1,29,200
HoldBack,0.8853233424662732,0.5311676159079115,1.3828277587890625e-05,87.86519567880222,52.71649833605225,161,STARLINK-200,1,29,200
LIA,0.8903059569904814,0.6766612618767457,9.512901306152344e-05,88.63733622476495,67.36723629479665,112,STARLINK-200,1,30,200
VCG,1.0,0.6751711066102886,1.2874603271484375e-05,99.55828727057771,67.21887898870095,112,STARLINK-200,1,30,200
HoldBack,0.8274499507417545,0.5098237213534584,1.3113021850585938e-05,82.37949989797298,50.757176507862575,112,STARLINK-200,1,30,200
LIA,0.9029467189557523,0.6649022298299692,9.393692016601562e-05,89.62932440009524,66.0002815234742,127,STARLINK-200,1,31,200
VCG,1.0,0.6647328897101077,1.2874603271484375e-05,99.26313758994611,65.9834722918569,127,STARLINK-200,1,31,200
HoldBack,0.8380388046040763,0.6348222392805609,1.2874603271484375e-05,83.1863611671284,63.01444728286401,127,STARLINK-200,1,31,200
LIA,0.9094572665646755,0.8015932623265649,9.584426879882812e-05,90.22111828883044,79.52065830764514,68,STARLINK-200,1,32,200
VCG,1.0,0.6008561186506775,1.2874603271484375e-05,99.20325187969063,59.60688088195643,68,STARLINK-200,1,32,200
HoldBack,0.8957503268381727,0.6636797211930385,1.2874603271484375e-05,88.86134529464245,65.83918654895585,68,STARLINK-200,1,32,200
LIA,0.9002330449260132,0.8317831128772017,9.512901306152344e-05,89.87679835581842,83.04294486099796,98,STARLINK-200,1,33,200
VCG,1.0,0.7063893609565144,1.2874603271484375e-05,99.83725754391193,70.5239765560949,98,STARLINK-200,1,33,200
HoldBack,0.8210869461362741,0.7494368092445873,1.3113021850585938e-05,81.97506890735134,74.82171573743946,98,STARLINK-200,1,33,200
LIA,0.9769309730969626,0.8410380555860157,9.703636169433594e-05,95.93910463254056,82.59379652896594,148,STARLINK-200,1,34,200
VCG,1.0,0.7288258248319984,1.3113021850585938e-05,98.20458893672357,71.5740405340949,114,STARLINK-200,1,34,200
HoldBack,0.9351326701031237,0.6206590976945356,1.3113021850585938e-05,91.83431946877799,60.95157155892963,114,STARLINK-200,1,34,200
LIA,0.9108394951876514,0.7354866459912289,9.393692016601562e-05,90.66801926774751,73.21280834025016,36,STARLINK-200,1,35,200
VCG,1.0,0.7376239017747679,1.1920928955078125e-05,99.54335505518243,73.42555795155474,36,STARLINK-200,1,35,200
HoldBack,0.8958542324129747,0.7055932678991105,1.3113021850585938e-05,89.17633593477267,70.23712119102761,36,STARLINK-200,1,35,200
LIA,0.8821758998646384,0.7494388489149642,9.489059448242188e-05,88.13608469330102,74.87464333423125,167,STARLINK-200,1,36,200
VCG,1.0,0.708803998196933,1.3113021850585938e-05,99.90760879641427,70.8149125651935,167,STARLINK-200,1,36,200
HoldBack,0.8504374019931112,0.6073319599588772,1.4066696166992188e-05,84.96516726416665,60.67708386513104,167,STARLINK-200,1,36,200
LIA,0.8669772862969377,0.8121763233385189,0.00010204315185546875,85.81400925685507,80.38977217829836,116,STARLINK-200,1,37,200
VCG,1.0,0.7850819679628154,1.2874603271484375e-05,98.9806891289929,77.7079542117054,185,STARLINK-200,1,37,200
HoldBack,0.9001270651142403,0.5356480848755444,1.2874603271484375e-05,89.09519720866538,53.01881657160666,185,STARLINK-200,1,37,200
LIA,0.968201712153347,0.6547739114604744,9.489059448242188e-05,96.81188017479059,65.47178409435665,186,STARLINK-200,1,38,200
VCG,1.0,0.6410588971817328,1.2159347534179688e-05,99.99143665990253,64.10040011281421,186,STARLINK-200,1,38,200
HoldBack,0.8321234748314058,0.6540935091010598,1.3828277587890625e-05,83.20522172682251,65.403749684932,186,STARLINK-200,1,38,200
LIA,0.8674985098531017,0.7026005034920274,9.417533874511719e-05,86.42041358765563,69.99323388919478,102,STARLINK-200,1,39,200
VCG,1.0,0.6152679139647923,1.1920928955078125e-05,99.6202444224252,61.29313997444829,102,STARLINK-200,1,39,200
HoldBack,0.8973212648006077,0.7014401468932032,1.3113021850585938e-05,89.39136372487627,69.87763888120274,102,STARLINK-200,1,39,200
LIA,0.8598683164112044,0.7115394284415852,9.584426879882812e-05,85.88015321352515,71.06566664424572,100,STARLINK-200,1,40,200
VCG,1.0,0.5881772738224893,1.2874603271484375e-05,99.8759363200629,58.744755945203146,100,STARLINK-200,1,40,200
HoldBack,0.9143427409146206,0.5870618812113407,1.5020370483398438e-05,91.32083736630042,58.6333550638002,100,STARLINK-200,1,40,200
LIA,0.9063842071737669,0.6799634082636347,9.417533874511719e-05,90.6003460633251,67.96777747394353,97,STARLINK-200,1,41,200
VCG,1.0,0.6107616998267528,1.2159347534179688e-05,99.95799280950591,61.05051359960416,97,STARLINK-200,1,41,200
HoldBack,0.853492066308784,0.698605159402474,1.3113021850585938e-05,85.31335382706378,69.83116950023623,97,STARLINK-200,1,41,200
LIA,0.9368767900839795,0.7323424218699408,9.512901306152344e-05,93.47351955398635,73.06683697942556,98,STARLINK-200,1,42,200
VCG,1.0,0.7783254385941687,1.3113021850585938e-05,99.77141129262856,77.65462745349431,98,STARLINK-200,1,42,200
HoldBack,0.8203909569409016,0.5755503407036413,1.2636184692382812e-05,81.85156358570381,57.42346976195549,98,STARLINK-200,1,42,200
LIA,0.9649465897353526,0.8463770757052861,9.489059448242188e-05,96.20512038342883,84.38374654532272,5,STARLINK-200,1,43,200
VCG,1.0,0.5798417469352276,1.2159347534179688e-05,99.69994340289254,57.810189352076534,5,STARLINK-200,1,43,200
HoldBack,0.9275458778426388,0.6557389868983898,1.3113021850585938e-05,92.47627152449736,65.37713988083956,5,STARLINK-200,1,43,200
LIA,0.9356307300565817,0.6809392559002124,9.393692016601562e-05,93.40873138286477,67.98159786669709,0,STARLINK-200,1,44,200
VCG,1.0,0.6383030851451306,1.3113021850585938e-05,99.83504002398033,63.72501405289423,0,STARLINK-200,1,44,200
HoldBack,0.9394530818961451,0.7396303747721393,1.2874603271484375e-05,93.79033603175331,73.8410280683281,0,STARLINK-200,1,44,200
LIA,0.9498246056753824,0.8254692199020839,9.584426879882812e-05,94.674282849221,82.27909230964367,192,STARLINK-200,1,45,200
VCG,1.0,0.6669952328998884,1.3113021850585938e-05,99.67554249860888,66.48311168328235,192,STARLINK-200,1,45,200
HoldBack,0.9435087250424725,0.5690337996124553,1.430511474609375e-05,94.04474402077925,56.71875267641617,192,STARLINK-200,1,45,200
LIA,0.8974956826534357,0.7474304148687334,0.00010585784912109375,88.69252371417066,73.86273948354551,159,STARLINK-200,1,46,200
VCG,1.0,0.7240837225419215,1.4066696166992188e-05,98.82222881780582,71.5555673122864,177,STARLINK-200,1,46,200
HoldBack,0.944876262536395,0.5996150437430946,1.2636184692382812e-05,93.37477822088479,59.25529505537874,177,STARLINK-200,1,46,200
LIA,0.8521822630858269,0.6546049295308553,9.393692016601562e-05,84.72164195398419,65.07904102604003,102,STARLINK-200,1,47,200
VCG,1.0,0.6456157939883596,1.2636184692382812e-05,99.41727917124169,64.1853656283036,102,STARLINK-200,1,47,200
HoldBack,0.8359920240576816,0.6602759089575032,1.3113021850585938e-05,83.11205244067392,65.64283437087346,102,STARLINK-200,1,47,200
LIA,0.9158475256932526,0.6733641734081637,9.417533874511719e-05,90.76044755134382,66.73035852480426,33,STARLINK-200,1,48,200
VCG,1.0,0.7795470292466616,1.2159347534179688e-05,99.09995387348185,77.25307464055398,33,STARLINK-200,1,48,200
HoldBack,0.8826752085185158,0.5994522638551258,1.3113021850585938e-05,87.47307244945088,59.405691697397245,33,STARLINK-200,1,48,200
LIA,0.8700824497934562,0.7270645942275634,9.322166442871094e-05,86.8898979875378,72.60756545288345,170,STARLINK-200,1,49,200
VCG,1.0,0.6506608157926133,1.1682510375976562e-05,99.8639818653555,64.97757990881094,170,STARLINK-200,1,49,200
HoldBack,0.8940004401938568,0.512961156090863,1.3113021850585938e-05,89.27844374713915,51.22634358948974,170,STARLINK-200,1,49,200
LIA,0.8680282918416465,0.8456823056649146,9.226799011230469e-05,86.50631517079584,84.27934982741363,103,STARLINK-200,1,50,200
VCG,1.0,0.5648978129517928,1.2159347534179688e-05,99.65840512785624,56.29681509898972,103,STARLINK-200,1,50,200
HoldBack,0.8855984198628483,0.5462123645064723,1.2159347534179688e-05,88.25732610728106,54.4346531078303,103,STARLINK-200,1,50,200
LIA,0.8633705904218548,0.7309199926942781,9.799003601074219e-05,86.06360629537012,72.86049719844941,183,STARLINK-200,1,51,200
VCG,1.0,0.7357927571506584,1.3113021850585938e-05,99.68327303495276,73.34623030818977,51,STARLINK-200,1,51,200
HoldBack,0.8193061480906046,0.6364157097330934,1.3113021850585938e-05,81.67111845933118,63.44000095705719,51,STARLINK-200,1,51,200
LIA,0.9313773754107881,0.8083159985589582,9.226799011230469e-05,92.63484788320787,80.3951561900964,96,STARLINK-200,1,52,200
VCG,1.0,0.6930499015661203,1.1682510375976562e-05,99.46005811269664,68.93078348476502,96,STARLINK-200,1,52,200
HoldBack,0.8032771310662774,0.7439056501168247,1.3113021850585938e-05,79.89399013645219,73.98889919098276,96,STARLINK-200,1,52,200
LIA,0.8846107903909541,0.7089370579180768,9.298324584960938e-05,88.31600809991588,70.77744430604636,112,STARLINK-200,1,53,200
VCG,1.0,0.6747309436831654,1.1920928955078125e-05,99.8360059127072,67.362442483039,112,STARLINK-200,1,53,200
HoldBack,0.9154669181846862,0.6322559081969388,1.3113021850585938e-05,91.39656065677416,63.12190458909364,112,STARLINK-200,1,53,200
LIA,0.868464122112139,0.6945118815624672,9.417533874511719e-05,85.18809206224955,68.1250273885582,71,STARLINK-200,1,54,200
VCG,1.0,0.7402231039297771,1.6927719116210938e-05,98.09051392367108,72.60886468264682,71,STARLINK-200,1,54,200
HoldBack,0.9106064734716838,0.7230424780359452,1.3113021850585938e-05,89.32185696505923,70.92360825919053,71,STARLINK-200,1,54,200
LIA,0.930341828714816,0.6909280054421283,9.489059448242188e-05,93.01322398850144,69.07723521245323,0,STARLINK-200,1,55,200
VCG,1.0,0.679482642424288,1.1920928955078125e-05,99.97747184708537,67.93295675355743,0,STARLINK-200,1,55,200
HoldBack,0.9277061855278392,0.5042967547560633,1.1920928955078125e-05,92.7497190459765,50.418314601200834,0,STARLINK-200,1,55,200
LIA,0.8813785739231261,0.7576260513760369,9.202957153320312e-05,87.87457863353713,75.5362927988156,105,STARLINK-200,1,56,200
VCG,1.0,0.5970848538860836,1.2159347534179688e-05,99.70128754366742,59.530128705265064,105,STARLINK-200,1,56,200
HoldBack,0.8006889869539279,0.6523305983288927,1.3113021850585938e-05,79.82972292134133,65.03820055752155,105,STARLINK-200,1,56,200
LIA,0.9753918533625364,0.6838356625445899,9.202957153320312e-05,97.0834503076542,68.06405582985097,99,STARLINK-200,1,57,200
VCG,1.0,0.605815881126918,1.1682510375976562e-05,99.53276723910668,60.298531085959844,99,STARLINK-200,1,57,200
HoldBack,0.8746805012098414,0.5872958714701471,1.3113021850585938e-05,87.05937073550432,58.45518327552646,99,STARLINK-200,1,57,200
LIA,0.9087372177871971,0.788802471260758,9.489059448242188e-05,90.7663190167726,78.78701933438217,120,STARLINK-200,1,58,200
VCG,1.0,0.731498376149483,1.1920928955078125e-05,99.88181097918644,73.06338253814448,120,STARLINK-200,1,58,200
HoldBack,0.8254935880122793,0.609460201977869,1.2874603271484375e-05,82.4517945223729,60.8739886932903,120,STARLINK-200,1,58,200
LIA,0.9760634955179479,0.6913703956728775,9.393692016601562e-05,96.89102958462314,68.63036039015722,189,STARLINK-200,1,59,200
VCG,1.0,0.6960973313961132,1.2159347534179688e-05,99.26713787529563,69.09958977032332,189,STARLINK-200,1,59,200
HoldBack,0.9146551191167929,0.5107362427319027,1.3113021850585938e-05,90.79519581771163,50.69932502517824,189,STARLINK-200,1,59,200
LIA,0.8849045250050493,0.6637859392661976,0.00010824203491210938,88.47525354699532,66.36719286430606,113,STARLINK-200,1,60,200
VCG,1.0,0.5854759938650945,1.4066696166992188e-05,99.98282418828231,58.537543361073595,113,STARLINK-200,1,60,200
HoldBack,0.941122984609528,0.6829379364497319,1.4066696166992188e-05,94.09613390976595,68.28206363156185,113,STARLINK-200,1,60,200
LIA,0.9022104713738456,0.7999627463864054,9.489059448242188e-05,90.16758205603215,79.94886876753674,123,STARLINK-200,1,61,200
VCG,1.0,0.7892697575300466,1.2874603271484375e-05,99.94073990155424,78.88020354947317,123,STARLINK-200,1,61,200
HoldBack,0.9152949156572987,0.5506959910466744,1.3113021850585938e-05,91.47525109892112,55.03696480602433,123,STARLINK-200,1,61,200
LIA,0.8676968110491093,0.6749288716081475,9.489059448242188e-05,86.68123159230576,67.42408763432495,151,STARLINK-200,1,62,200
VCG,1.0,0.62782961664213,1.1920928955078125e-05,99.89806403402794,62.71896324577472,151,STARLINK-200,1,62,200
HoldBack,0.86189425571838,0.6885071170339305,1.1920928955078125e-05,86.10156754831557,68.78052806533957,151,STARLINK-200,1,62,200
LIA,0.9512226515120341,0.7379131293682402,9.393692016601562e-05,94.13138045041968,73.0226318827762,10,STARLINK-200,1,63,200
VCG,1.0,0.6692509162617184,1.3113021850585938e-05,98.95830413709278,66.22793571545515,10,STARLINK-200,1,63,200
HoldBack,0.928151083551289,0.513097618557743,1.3113021850585938e-05,91.84825721124066,50.77527018925516,10,STARLINK-200,1,63,200
LIA,0.9526204422458971,0.7671731420885114,9.393692016601562e-05,95.11588742876167,76.59960986059188,20,STARLINK-200,1,64,200
VCG,1.0,0.5532225910970554,1.2159347534179688e-05,99.84657394556486,55.23738035032913,20,STARLINK-200,1,64,200
HoldBack,0.8175676661050698,0.5863611719203619,1.2874603271484375e-05,81.63133042926273,58.546154110954475,20,STARLINK-200,1,64,200
LIA,0.9640679358952627,0.7608871042350536,9.393692016601562e-05,96.27072925319807,75.98132214203295,137,STARLINK-200,1,65,200
VCG,1.0,0.7335381234546274,1.1682510375976562e-05,99.85886436913613,73.25028397964627,137,STARLINK-200,1,65,200
HoldBack,0.8386918655506981,0.5876714651715057,1.3113021850585938e-05,83.75081724952491,58.68420513417289,137,STARLINK-200,1,65,200
LIA,0.8872792921845359,0.6801199845959344,0.0001068115234375,88.67310718076033,67.96997610681242,60,STARLINK-200,1,66,200
VCG,1.0,0.7088334878827786,1.4066696166992188e-05,99.93821332451218,70.83955232358714,60,STARLINK-200,1,66,200
HoldBack,0.9298625725610836,0.675075986127819,1.3113021850585938e-05,92.92880413908925,67.4658879118974,60,STARLINK-200,1,66,200
LIA,0.9004627559905312,0.827971302438378,9.632110595703125e-05,89.78202967436005,82.55415734909383,72,STARLINK-200,1,67,200
VCG,1.0,0.678604402467522,1.4066696166992188e-05,99.70654430409796,67.6612999195839,72,STARLINK-200,1,67,200
HoldBack,0.8510541386814813,0.5283730160393683,1.3589859008789062e-05,84.85566718363104,52.68224753281913,72,STARLINK-200,1,67,200
LIA,0.9562106009004404,0.7611075662830208,9.489059448242188e-05,95.06368871093822,75.6671100367797,189,STARLINK-200,1,68,200
VCG,1.0,0.7559791978108594,1.2874603271484375e-05,99.41710395327038,75.15726249527216,189,STARLINK-200,1,68,200
HoldBack,0.9444046861102984,0.6937799314447555,1.4066696166992188e-05,93.88997885298322,68.97359156513606,189,STARLINK-200,1,68,200
LIA,0.882563065688338,0.6683839107216446,0.00010013580322265625,87.89677186482115,66.56610774097759,140,STARLINK-200,1,69,200
VCG,1.0,0.6048252022819349,1.3113021850585938e-05,99.5926243483436,60.23612916727568,51,STARLINK-200,1,69,200
HoldBack,0.8171647221157192,0.621335921673908,1.3113021850585938e-05,81.38357920038942,61.88047504140137,51,STARLINK-200,1,69,200
LIA,0.8883578896438592,0.7993790333317956,9.489059448242188e-05,88.75016508930727,79.86085563507454,7,STARLINK-200,1,70,200
VCG,1.0,0.5719702929837106,1.1920928955078125e-05,99.90361556296531,57.14190026368126,170,STARLINK-200,1,70,200
HoldBack,0.9220825132353895,0.7465675266182015,1.3113021850585938e-05,92.11937691960122,74.58479517105867,170,STARLINK-200,1,70,200
LIA,0.9248700127161386,0.770353987379897,9.298324584960938e-05,92.17775894960104,76.77782085941888,101,STARLINK-200,1,71,200
VCG,1.0,0.6414519227579895,1.2159347534179688e-05,99.66563698924064,63.9307144796482,44,STARLINK-200,1,71,200
HoldBack,0.9300863611925861,0.5939190851668859,1.2874603271484375e-05,92.69764964326404,59.19332394322474,44,STARLINK-200,1,71,200
LIA,0.8564322060887685,0.782532623499655,9.298324584960938e-05,85.1392777079921,77.79280353312076,20,STARLINK-200,1,72,200
VCG,1.0,0.5537399989792746,1.2159347534179688e-05,99.41157875976407,55.04816752095984,20,STARLINK-200,1,72,200
HoldBack,0.9412999010276698,0.6644750552946698,1.1920928955078125e-05,93.57610924757032,66.05651429332465,20,STARLINK-200,1,72,200
LIA,0.9278136440545465,0.7713689122018415,0.00010919570922851562,92.73468832628349,77.09808550025664,108,STARLINK-200,1,73,200
VCG,1.0,0.6227511533856409,1.4066696166992188e-05,99.94969239839244,62.24378622163892,79,STARLINK-200,1,73,200
HoldBack,0.8677784396326029,0.6186816180257586,1.3113021850585938e-05,86.73418811123562,61.8370374142143,79,STARLINK-200,1,73,200
LIA,0.9405270383186045,0.8064367691489461,9.799003601074219e-05,93.56979789485639,80.22961853297228,197,STARLINK-200,1,74,200
VCG,1.0,0.6238260779899718,1.3113021850585938e-05,99.48655815587465,62.06230938710053,197,STARLINK-200,1,74,200
HoldBack,0.8248047270508524,0.6379458679862284,1.3113021850585938e-05,82.05698344498494,63.46703869571184,197,STARLINK-200,1,74,200
LIA,0.9529863491725137,0.6519771188118382,9.608268737792969e-05,95.2848158728593,65.18825770510323,154,STARLINK-200,1,75,200
VCG,1.0,0.7544969745467305,1.3113021850585938e-05,99.98549922104964,75.43875666082643,154,STARLINK-200,1,75,200
HoldBack,0.8387892458217782,0.7452066902139167,1.3113021850585938e-05,83.8667614847382,74.50986294390455,154,STARLINK-200,1,75,200
LIA,0.9031014819177393,0.6702015474235699,9.512901306152344e-05,90.0874069359623,66.85485600538335,12,STARLINK-200,1,76,200
VCG,1.0,0.6235398044423323,1.3113021850585938e-05,99.7533596608228,62.20019037537508,12,STARLINK-200,1,76,200
HoldBack,0.93306243978155,0.6079213702519386,1.3113021850585938e-05,93.07611314153377,60.64219909224185,12,STARLINK-200,1,76,200
LIA,0.8855355637499224,0.6861643773598366,9.608268737792969e-05,87.73567219032476,67.98269357561553,37,STARLINK-200,1,77,200
VCG,1.0,0.6703223353983596,1.2874603271484375e-05,99.07639600469119,66.41312115271731,37,STARLINK-200,1,77,200
HoldBack,0.8834425159937287,0.7165668965106604,1.3113021850585938e-05,87.5283005619754,70.99486560254276,37,STARLINK-200,1,77,200
LIA,0.8506844830414192,0.8471595313067091,9.608268737792969e-05,85.02905252753001,84.67672059696972,117,STARLINK-200,1,78,200
VCG,1.0,0.723043297150813,1.2636184692382812e-05,99.9536893203094,72.2708450885445,117,STARLINK-200,1,78,200
HoldBack,0.8159185285823136,0.5234702878587404,1.4066696166992188e-05,81.55406711660055,52.322786521045465,117,STARLINK-200,1,78,200
LIA,0.9370053903790195,0.6689010621484237,9.703636169433594e-05,92.69699411207387,66.17370450179722,22,STARLINK-200,1,79,200
VCG,1.0,0.6102604896280395,1.3113021850585938e-05,98.92898703024306,60.3724520634821,22,STARLINK-200,1,79,200
HoldBack,0.8640051420977063,0.6067238671024049,1.3828277587890625e-05,85.4751534966473,60.02257757951273,22,STARLINK-200,1,79,200
LIA,0.8695659362684459,0.7814289976926643,9.608268737792969e-05,86.62950702698124,77.84896581529078,194,STARLINK-200,1,80,200
VCG,1.0,0.6421117871643494,1.2159347534179688e-05,99.62385072112303,63.96964883073466,194,STARLINK-200,1,80,200
HoldBack,0.8476400557260462,0.572430531838228,1.5020370483398438e-05,84.44516637689604,57.02773385206469,194,STARLINK-200,1,80,200
LIA,0.9114986103965571,0.79208744483513,9.512901306152344e-05,90.76391384155903,78.87335842094,185,STARLINK-200,1,81,200
VCG,1.0,0.5902517910372452,1.3113021850585938e-05,99.57657949919555,58.775254394762804,185,STARLINK-200,1,81,200
HoldBack,0.9279717546365892,0.5155763478772706,1.2874603271484375e-05,92.4042531985783,51.33932919230593,185,STARLINK-200,1,81,200
LIA,0.8837323030858473,0.8396200658841864,9.489059448242188e-05,87.3608139795146,83.0001258673588,59,STARLINK-200,1,82,200
VCG,1.0,0.7698580167103115,1.4781951904296875e-05,98.85438573928447,76.10384134836164,82,STARLINK-200,1,82,200
HoldBack,0.8958687429952328,0.7111878106308053,1.3113021850585938e-05,88.56055429181865,70.30403416517481,82,STARLINK-200,1,82,200
LIA,0.8612472018324184,0.821922906427453,9.298324584960938e-05,86.09236294632848,82.16141082780807,60,STARLINK-200,1,83,200
VCG,1.0,0.6964952026823891,1.1920928955078125e-05,99.96242979153428,69.62335279827876,60,STARLINK-200,1,83,200
HoldBack,0.8658303354785835,0.5785119877212046,1.3113021850585938e-05,86.55050412165846,57.82946395614186,60,STARLINK-200,1,83,200
LIA,0.9331640466206544,0.8372846619452468,9.799003601074219e-05,92.7750170331533,83.2427042757103,9,STARLINK-200,1,84,200
VCG,1.0,0.5805371840447426,1.1682510375976562e-05,99.41983659692772,57.716911976168866,9,STARLINK-200,1,84,200
HoldBack,0.8557990559100219,0.5619353714425357,1.2874603271484375e-05,85.0834022983794,55.867522806850786,9,STARLINK-200,1,84,200
LIA,0.9257009353453908,0.6549714298607021,9.703636169433594e-05,92.11801475442047,65.17727868247253,64,STARLINK-200,1,85,200
VCG,1.0,0.6740912753207453,1.4781951904296875e-05,99.5116362500488,67.0799257890495,64,STARLINK-200,1,85,200
HoldBack,0.8682905178790499,0.7223598594084876,1.3113021850585938e-05,86.4050101745465,71.88321157109381,64,STARLINK-200,1,85,200
LIA,0.9522533677206723,0.7199824509328001,9.393692016601562e-05,95.10921441391001,71.91044696846555,65,STARLINK-200,1,86,200
VCG,1.0,0.6439251105327839,1.1682510375976562e-05,99.87805518773311,64.31398772656053,36,STARLINK-200,1,86,200
HoldBack,0.9424756511391745,0.5005418473182447,1.5974044799804688e-05,94.13263509757317,49.99314625022152,36,STARLINK-200,1,86,200
LIA,0.933801577203544,0.8293407896903655,9.512901306152344e-05,92.61942771282332,82.25844889880649,62,STARLINK-200,1,87,200
VCG,1.0,0.5952723962516906,1.2159347534179688e-05,99.18534084102832,59.0422955154796,62,STARLINK-200,1,87,200
HoldBack,0.9457747124077962,0.5293430790315959,1.3113021850585938e-05,93.80698720899281,52.503073715588236,62,STARLINK-200,1,87,200
LIA,0.8606796795282138,0.6639490682622515,9.417533874511719e-05,85.8514335285414,66.22786694754905,68,STARLINK-200,1,88,200
VCG,1.0,0.7953418351215716,1.2874603271484375e-05,99.74841461994471,79.33408713429424,68,STARLINK-200,1,88,200
HoldBack,0.8285332346204045,0.6834815942083949,1.3113021850585938e-05,82.64487661332004,68.17620544419978,68,STARLINK-200,1,88,200
LIA,0.863669054166043,0.7080152789007021,9.489059448242188e-05,86.30084963647334,70.7473769379586,81,STARLINK-200,1,89,200
VCG,1.0,0.6314081620392581,1.3113021850585938e-05,99.92351725488794,63.092524374406885,81,STARLINK-200,1,89,200
HoldBack,0.8868296455232334,0.5418891169623975,1.3828277587890625e-05,88.61513738658697,54.147466529028115,81,STARLINK-200,1,89,200
LIA,0.917193956041136,0.6694784252178977,9.608268737792969e-05,90.81965141050041,66.2911010312123,42,STARLINK-200,1,90,200
VCG,1.0,0.587622486757608,1.3113021850585938e-05,99.01902516072312,58.18580580125827,42,STARLINK-200,1,90,200
HoldBack,0.9443301773763062,0.6341331552540468,1.5974044799804688e-05,93.50665359365459,62.7912468553492,42,STARLINK-200,1,90,200
LIA,0.8890911100894888,0.6942471628531203,9.608268737792969e-05,88.77898541871231,69.32310766409071,9,STARLINK-200,1,91,200
VCG,1.0,0.773627138091867,1.2874603271484375e-05,99.853642007259,77.24948729412561,63,STARLINK-200,1,91,200
HoldBack,0.8443577297093985,0.7407933721204429,1.4066696166992188e-05,84.31219446846423,73.97091618106491,63,STARLINK-200,1,91,200
LIA,0.947747298545807,0.6715574000758511,9.703636169433594e-05,93.82274088584181,66.48117703312121,61,STARLINK-200,1,92,200
VCG,1.0,0.7506074272139365,1.3828277587890625e-05,98.99552447134423,74.30677592912998,99,STARLINK-200,1,92,200
HoldBack,0.8986301353111079,0.7327045723534417,1.5020370483398438e-05,88.96036155087816,72.53447342268095,99,STARLINK-200,1,92,200
LIA,0.8556465700243645,0.7032217343082796,9.393692016601562e-05,84.92089305480404,69.79308955952077,43,STARLINK-200,1,93,200
VCG,1.0,0.5727954501313267,1.3113021850585938e-05,99.24762867031176,56.84859013867799,43,STARLINK-200,1,93,200
HoldBack,0.8397455978302324,0.5166422054845173,1.3113021850585938e-05,83.34275927098386,51.27551376533828,43,STARLINK-200,1,93,200
LIA,0.8856833450618335,0.7968356737394178,9.703636169433594e-05,88.46995206623174,79.59505420695037,48,STARLINK-200,1,94,200
VCG,1.0,0.6444342559638414,1.2159347534179688e-05,99.88891917128153,64.3718413051771,48,STARLINK-200,1,94,200
HoldBack,0.9444291746606156,0.74136541685596,1.2874603271484375e-05,94.33800949067435,74.05419020070843,48,STARLINK-200,1,94,200
LIA,0.8576594712218473,0.7421566434924655,9.274482727050781e-05,85.76061119115411,74.21104701941289,37,STARLINK-200,1,95,200
VCG,1.0,0.5711021260782058,1.2874603271484375e-05,99.99377849693303,57.10665949419163,37,STARLINK-200,1,95,200
HoldBack,0.8989125594345313,0.7411342824606089,1.2874603271484375e-05,89.88566335620767,74.10881727684952,37,STARLINK-200,1,95,200
LIA,0.8562205287372864,0.6834074556295072,9.512901306152344e-05,84.93672191411295,67.7937366188113,9,STARLINK-200,1,96,200
VCG,1.0,0.6287300435759793,1.3113021850585938e-05,99.1995859283748,62.36975998346619,9,STARLINK-200,1,96,200
HoldBack,0.8574394976692821,0.6491826947840209,1.2874603271484375e-05,85.05764312742647,64.39865451444139,9,STARLINK-200,1,96,200
LIA,0.9064162629973975,0.6730496187680931,9.298324584960938e-05,90.59786803912411,67.27246965240028,59,STARLINK-200,1,97,200
VCG,1.0,0.6802287405272556,1.1920928955078125e-05,99.95172387963237,67.99003524817034,174,STARLINK-200,1,97,200
HoldBack,0.883695110317434,0.617091805858612,1.3113021850585938e-05,88.32684966022943,61.67938978756369,174,STARLINK-200,1,97,200
LIA,0.8829627607309276,0.7778309218695761,9.489059448242188e-05,88.07086389797986,77.58451919184789,98,STARLINK-200,1,98,200
VCG,1.0,0.7080316800810305,1.3113021850585938e-05,99.74470930696296,70.62241410980297,98,STARLINK-200,1,98,200
HoldBack,0.8507342594737024,0.578298283191872,1.2874603271484375e-05,84.85624140867884,57.68219414968902,98,STARLINK-200,1,98,200
LIA,0.9683094801778311,0.7922762938000385,9.417533874511719e-05,95.05963883528294,77.7783341876987,132,STARLINK-200,1,99,200
VCG,1.0,0.6485347770211904,1.1920928955078125e-05,98.17071998285623,63.667125994091386,132,STARLINK-200,1,99,200
HoldBack,0.8527862025868895,0.6161695592834142,1.3113021850585938e-05,83.71863549940083,60.489809266371985,132,STARLINK-200,1,99,200
LIA,0.9426489248696659,0.839853989773093,9.512901306152344e-05,93.4863033953679,83.2917142578753,13,STARLINK-200,2,0,200
VCG,1.0,0.734705847458231,1.3113021850585938e-05,99.17404128827035,72.86374805055625,13,STARLINK-200,2,0,200
HoldBack,0.9266211188277934,0.621871752542298,1.2874603271484375e-05,91.89676109721084,61.6735348626389,13,STARLINK-200,2,0,200
LIA,0.8697201266577202,0.793450440250923,9.417533874511719e-05,85.77863128429364,78.25631564742429,179,STARLINK-200,2,1,200
VCG,1.0,0.5612326113076808,1.2159347534179688e-05,98.62785585281961,55.35316908795547,179,STARLINK-200,2,1,200
HoldBack,0.8635896024196122,0.5896137687603972,1.3113021850585938e-05,85.17399082343532,58.15234179413817,179,STARLINK-200,2,1,200
LIA,0.9027093938474303,0.7974689995164838,9.417533874511719e-05,89.59809833142361,79.15250059646127,48,STARLINK-200,2,2,200
VCG,1.0,0.7750946944568393,1.3113021850585938e-05,99.25464268134874,76.93174694252276,48,STARLINK-200,2,2,200
HoldBack,0.8141720769839554,0.5993574346214754,1.3113021850585938e-05,80.81035858217406,59.489008011764376,48,STARLINK-200,2,2,200
LIA,0.9261997335179822,0.8387935318244061,9.393692016601562e-05,90.46200458232752,81.9250336332049,143,STARLINK-200,2,3,200
VCG,1.0,0.5806203929661033,1.1682510375976562e-05,97.67008271393678,56.70924180639779,143,STARLINK-200,2,3,200
HoldBack,0.8979613088050826,0.6313081981076539,1.2874603271484375e-05,87.70395530490735,61.659923927160946,143,STARLINK-200,2,3,200
LIA,0.8872413863604859,0.7532276172757636,9.608268737792969e-05,88.52759600976745,75.15590596953497,34,STARLINK-200,2,4,200
VCG,1.0,0.773373393549774,1.3113021850585938e-05,99.77847896941849,77.16602088381393,34,STARLINK-200,2,4,200
HoldBack,0.8862452833833476,0.6747615829118583,1.3113021850585938e-05,88.42820636981168,67.32668440994237,34,STARLINK-200,2,4,200
LIA,0.9209917431135897,0.7136821824614993,9.393692016601562e-05,91.21044800534163,70.67953874990913,168,STARLINK-200,2,5,200
VCG,1.0,0.6452667713852218,1.1920928955078125e-05,99.03503336195737,63.90401623149796,168,STARLINK-200,2,5,200
HoldBack,0.81811611142703,0.5279081436721211,1.2636184692382812e-05,81.02215638913076,52.281400620617504,168,STARLINK-200,2,5,200
LIA,0.8807611858523887,0.6617659946882535,9.489059448242188e-05,87.06558287088136,65.41732648663482,6,STARLINK-200,2,6,200
VCG,1.0,0.7586895475357877,1.2636184692382812e-05,98.85265639473027,74.9984771528286,6,STARLINK-200,2,6,200
HoldBack,0.8791768031114722,0.5645631393547325,1.2874603271484375e-05,86.90896242819579,55.80856602776359,6,STARLINK-200,2,6,200
LIA,0.8922267557370777,0.8052957793699914,9.322166442871094e-05,88.34184856625173,79.73457121152444,33,STARLINK-200,2,7,200
VCG,1.0,0.7180193218837594,1.4066696166992188e-05,99.01277673888139,71.09308681187967,33,STARLINK-200,2,7,200
HoldBack,0.8846691819094574,0.6665186352339035,1.2874603271484375e-05,87.59355219616995,65.99386082271842,33,STARLINK-200,2,7,200
LIA,0.8838610535488517,0.7519720442209362,9.393692016601562e-05,88.29612701979842,75.12065257913244,21,STARLINK-200,2,8,200
VCG,1.0,0.6010497102948491,1.3113021850585938e-05,99.89819855199471,60.043783298653736,21,STARLINK-200,2,8,200
HoldBack,0.9306262071763286,0.7346189423930395,1.3113021850585938e-05,92.96788162219065,73.38710896723622,21,STARLINK-200,2,8,200
LIA,0.8700612104204044,0.7705635741813335,9.417533874511719e-05,85.91016790182373,76.0857342496179,10,STARLINK-200,2,9,200
VCG,1.0,0.7155164047713448,1.3113021850585938e-05,98.74037237025294,70.65035624414722,10,STARLINK-200,2,9,200
HoldBack,0.8591210684566288,0.6614473722904284,1.2874603271484375e-05,84.8299342105371,65.31155984328223,10,STARLINK-200,2,9,200
LIA,0.9658273718499767,0.8401477387649444,9.393692016601562e-05,96.51417980129624,83.9551376179133,73,STARLINK-200,2,10,200
VCG,1.0,0.5543497393573453,1.2159347534179688e-05,99.92901693853415,55.39562449411215,73,STARLINK-200,2,10,200
HoldBack,0.942405181755212,0.6600788832430822,1.3113021850585938e-05,94.17362337057894,65.96103390436666,73,STARLINK-200,2,10,200
LIA,0.918632954480621,0.6942049538849216,0.00010991096496582031,91.71063393655474,69.30513007633014,108,STARLINK-200,2,11,200
VCG,1.0,0.746059607121484,1.4066696166992188e-05,99.83381663942845,74.48197801945027,26,STARLINK-200,2,11,200
HoldBack,0.9309860113367714,0.5140408115070103,1.3828277587890625e-05,92.9438867496681,51.318656121173866,26,STARLINK-200,2,11,200
LIA,0.9546616284658143,0.7087343687677534,0.00010275840759277344,95.00934584457248,70.53429900854292,98,STARLINK-200,2,12,200
VCG,1.0,0.765284758599694,1.3113021850585938e-05,99.52148804520081,76.16227795415384,98,STARLINK-200,2,12,200
HoldBack,0.8462855282653096,0.7279151968973729,1.3828277587890625e-05,84.22359508408246,72.4432035659419,98,STARLINK-200,2,12,200
LIA,0.9265643768930072,0.7887934038127241,9.322166442871094e-05,92.32926177494076,78.60081229453664,156,STARLINK-200,2,13,200
VCG,1.0,0.6445112750486266,1.2159347534179688e-05,99.64689348898017,64.2235463772173,156,STARLINK-200,2,13,200
HoldBack,0.9019585431524297,0.6766064723074208,1.3113021850585938e-05,89.87736688098589,67.42173307997217,156,STARLINK-200,2,13,200
LIA,0.8647906935072811,0.8055220354187446,9.608268737792969e-05,86.2916187514256,80.37759991879632,144,STARLINK-200,2,14,200
VCG,1.0,0.73522728124817,1.2159347534179688e-05,99.78324165522379,73.36336147629933,144,STARLINK-200,2,14,200
HoldBack,0.8342917299735747,0.618050341224537,1.2159347534179688e-05,83.24833330290792,61.67106655350149,144,STARLINK-200,2,14,200
LIA,0.8698004528740855,0.7445171456427614,9.608268737792969e-05,86.51163189637457,74.05076995712963,197,STARLINK-200,2,15,200
VCG,1.0,0.6906379998043726,1.2159347534179688e-05,99.46147028380338,68.69187089440801,197,STARLINK-200,2,15,200
HoldBack,0.8988963288755601,0.7438071027260307,1.2874603271484375e-05,89.40555050267648,73.98014804466699,197,STARLINK-200,2,15,200
LIA,0.945076343541196,0.7461461154277468,9.608268737792969e-05,94.0535902746027,74.2561397341427,170,STARLINK-200,2,16,200
VCG,1.0,0.561478461967234,1.2159347534179688e-05,99.51956888708526,55.878094474362825,170,STARLINK-200,2,16,200
HoldBack,0.8288027449487481,0.7077006670945536,1.3113021850585938e-05,82.48209186973229,70.43006529035262,170,STARLINK-200,2,16,200
LIA,0.9501933322986517,0.8214067149180482,9.5367431640625e-05,94.20968899430191,81.44076423169228,110,STARLINK-200,2,17,200
VCG,1.0,0.7323713107803558,1.2159347534179688e-05,99.14791631550959,72.61308943313078,110,STARLINK-200,2,17,200
HoldBack,0.8937760873591779,0.5652325850529818,1.2159347534179688e-05,88.61603671429135,56.041633041632195,110,STARLINK-200,2,17,200
LIA,0.8564190314839513,0.7096567270830174,9.298324584960938e-05,85.33347718630613,70.71010090202806,138,STARLINK-200,2,18,200
VCG,1.0,0.7479261753125436,1.2159347534179688e-05,99.63986559061564,74.52326357984508,138,STARLINK-200,2,18,200
HoldBack,0.8874263827083746,0.7207225505444113,1.2636184692382812e-05,88.42304549462868,71.81269806437082,138,STARLINK-200,2,18,200
LIA,0.8788106817490977,0.706745437967529,9.489059448242188e-05,87.6917222943613,70.5222705710688,64,STARLINK-200,2,19,200
VCG,1.0,0.735621285825873,1.1682510375976562e-05,99.7845430369922,73.40363385441937,64,STARLINK-200,2,19,200
HoldBack,0.8473938001690802,0.7168882817764913,1.2159347534179688e-05,84.55680312225195,71.5343696056417,64,STARLINK-200,2,19,200
LIA,0.8818448719437639,0.7366739205744739,9.608268737792969e-05,87.67786207962209,73.24416851618565,12,STARLINK-200,2,20,200
VCG,1.0,0.710296378711592,1.2159347534179688e-05,99.42549406264891,70.62156838431041,12,STARLINK-200,2,20,200
HoldBack,0.8359853495087157,0.7124041762016942,1.5020370483398438e-05,83.1182564040403,70.83113719114783,12,STARLINK-200,2,20,200
LIA,0.9790725715702753,0.6871943671685794,9.894371032714844e-05,97.89694053446563,68.71219565514443,85,STARLINK-200,2,21,200
VCG,1.0,0.7047482485316152,1.3113021850585938e-05,99.98946286224181,70.4673988237819,85,STARLINK-200,2,21,200
HoldBack,0.8969208596904759,0.7085113403970642,1.4066696166992188e-05,89.68263499039084,70.84366835810941,85,STARLINK-200,2,21,200
LIA,0.8956624594579399,0.7180303850693712,9.894371032714844e-05,89.50597484421031,71.7547206592684,177,STARLINK-200,2,22,200
VCG,1.0,0.7525957399359413,1.3113021850585938e-05,99.93270779527798,75.20893016698943,177,STARLINK-200,2,22,200
HoldBack,0.8784828037827814,0.5849200749788067,1.3113021850585938e-05,87.78916533360122,58.45264693644918,177,STARLINK-200,2,22,200
LIA,0.8568221047481701,0.8400776997130985,9.894371032714844e-05,84.53621160891936,82.88416673348247,102,STARLINK-200,2,23,200
VCG,1.0,0.7828058396147504,1.3113021850585938e-05,98.66250081604224,77.23358178979294,102,STARLINK-200,2,23,200
HoldBack,0.8514476349203646,0.7112633938974472,1.3589859008789062e-05,84.00595297514771,70.17502518082786,102,STARLINK-200,2,23,200
LIA,0.9095695112139877,0.8497632942384298,0.00011420249938964844,90.75818204208032,84.79062985327475,134,STARLINK-200,2,24,200
VCG,1.0,0.7541391022915993,1.621246337890625e-05,99.78146906105817,75.2491075030434,134,STARLINK-200,2,24,200
HoldBack,0.8615001451380802,0.567331681495154,1.4781951904296875e-05,85.96175007819247,56.60918862446682,134,STARLINK-200,2,24,200
LIA,0.920928469659415,0.7409539092150731,0.00010180473327636719,91.10642533674643,73.30174300381758,144,STARLINK-200,2,25,200
VCG,1.0,0.7965035780328655,1.4066696166992188e-05,98.92888355426793,78.79720972177111,144,STARLINK-200,2,25,200
HoldBack,0.8690561013194538,0.5357476044245151,1.4781951904296875e-05,85.97474984955831,53.00091237259085,144,STARLINK-200,2,25,200
LIA,0.8950311971570948,0.7438298861238,0.00010013580322265625,88.95425973574106,73.92684981219674,68,STARLINK-200,2,26,200
VCG,1.0,0.6556117791945288,1.3828277587890625e-05,99.38677000118903,65.15913710887696,68,STARLINK-200,2,26,200
HoldBack,0.9045482651573813,0.7413802034778654,1.52587890625e-05,89.9001303841712,73.68338376648933,68,STARLINK-200,2,26,200
LIA,0.9660012577167781,0.7222044076802338,0.00010085105895996094,96.37825955710998,72.05456856361762,119,STARLINK-200,2,27,200
VCG,1.0,0.5698490039952777,1.2874603271484375e-05,99.770325128673,56.854020402859334,119,STARLINK-200,2,27,200
HoldBack,0.8753348775367001,0.6574737132189024,1.430511474609375e-05,87.33244532830373,65.5963661314058,119,STARLINK-200,2,27,200
LIA,0.916914574738906,0.8422585500636321,9.989738464355469e-05,90.74713923946987,83.35842402769399,158,STARLINK-200,2,28,200
VCG,1.0,0.6382638277056661,1.3113021850585938e-05,98.97011318127468,63.16904326754338,158,STARLINK-200,2,28,200
HoldBack,0.8884771882146102,0.6694575949154599,1.4066696166992188e-05,87.93268787658066,66.25629393884701,158,STARLINK-200,2,28,200
LIA,0.851445541190925,0.7293533276010131,0.00010013580322265625,84.96977872082688,72.78561911179267,185,STARLINK-200,2,29,200
VCG,1.0,0.5965423962278976,1.3113021850585938e-05,99.79473097243407,59.53178794521421,185,STARLINK-200,2,29,200
HoldBack,0.8928984586916164,0.6382336331610391,1.3113021850585938e-05,89.1065614708309,63.69235371886507,185,STARLINK-200,2,29,200
LIA,0.8793128702627824,0.8339090504854826,9.894371032714844e-05,87.7100025840737,83.18104675427487,179,STARLINK-200,2,30,200
VCG,1.0,0.7058744249276521,1.2874603271484375e-05,99.74834390614754,70.40980489223756,179,STARLINK-200,2,30,200
HoldBack,0.8727969830650248,0.5139570984131762,1.3113021850585938e-05,87.06005362701814,51.266369405523214,179,STARLINK-200,2,30,200
LIA,0.8581285024171653,0.732691723256325,9.918212890625e-05,84.69488303108807,72.31462377050103,96,STARLINK-200,2,31,200
VCG,1.0,0.718402266657588,1.3113021850585938e-05,98.69720303255353,70.90429437135063,15,STARLINK-200,2,31,200
HoldBack,0.835131820544607,0.7484745609599229,1.2874603271484375e-05,82.42517485123713,73.87234570776288,15,STARLINK-200,2,31,200
LIA,0.9395952301459658,0.8103684216386249,9.870529174804688e-05,93.77789497991216,80.88019425945618,92,STARLINK-200,2,32,200
VCG,1.0,0.6140331814494008,1.2874603271484375e-05,99.80669544836216,61.28462273610925,92,STARLINK-200,2,32,200
HoldBack,0.9269623334071272,0.547959317930592,1.2874603271484375e-05,92.51704730246828,54.69000876279085,92,STARLINK-200,2,32,200
LIA,0.8506210143968709,0.7245101576645767,0.0001010894775390625,85.02318032969306,72.41786499888788,64,STARLINK-200,2,33,200
VCG,1.0,0.726721489694943,1.3113021850585938e-05,99.95424388848232,72.63889701996952,64,STARLINK-200,2,33,200
HoldBack,0.8498350261262756,0.5036475558988839,1.4066696166992188e-05,84.9446174664005,50.34171063615507,64,STARLINK-200,2,33,200
LIA,0.8697363974441253,0.7822662963831722,0.00010204315185546875,86.7472422069091,78.02300108638642,171,STARLINK-200,2,34,200
VCG,1.0,0.6972834717491858,1.2874603271484375e-05,99.73969407493037,69.54684015576915,171,STARLINK-200,2,34,200
HoldBack,0.8105996369680876,0.6272140760996164,1.4066696166992188e-05,80.84895980844666,62.55814006966584,171,STARLINK-200,2,34,200
LIA,0.9436978294621289,0.8136697743088496,9.822845458984375e-05,94.1707694588593,81.19538515390398,166,STARLINK-200,2,35,200
VCG,1.0,0.5959821953823298,1.3113021850585938e-05,99.78911312377711,59.472534714764336,166,STARLINK-200,2,35,200
HoldBack,0.8364887827343057,0.7195552873319988,1.3828277587890625e-05,83.47247376704425,71.80378396638477,166,STARLINK-200,2,35,200
LIA,0.9491918662107762,0.7421644093902928,0.00010013580322265625,94.84917017518366,74.1616957225306,139,STARLINK-200,2,36,200
VCG,1.0,0.7875377104604562,1.3113021850585938e-05,99.92623572916456,78.6956789010781,139,STARLINK-200,2,36,200
HoldBack,0.8585003737987956,0.5134809495099735,1.4066696166992188e-05,85.78671072579434,51.310218403168854,139,STARLINK-200,2,36,200
LIA,0.9498599370014679,0.6958697800673761,9.965896606445312e-05,94.95274282133296,69.56261832924635,135,STARLINK-200,2,37,200
VCG,1.0,0.6120245137252041,1.4066696166992188e-05,99.96499391381977,61.18102678964853,135,STARLINK-200,2,37,200
HoldBack,0.845760366463194,0.5124652235557173,1.3828277587890625e-05,84.54642988604316,51.22858295379157,135,STARLINK-200,2,37,200
LIA,0.9709040593837479,0.7729531546612507,0.00010704994201660156,96.88292421364412,77.13013575334591,59,STARLINK-200,2,38,200
VCG,1.0,0.7693826526045349,1.4066696166992188e-05,99.78630048692725,76.77384856222527,59,STARLINK-200,2,38,200
HoldBack,0.8267837704349661,0.5993523954492901,1.3828277587890625e-05,82.5016937543382,59.80715822986251,59,STARLINK-200,2,38,200
LIA,0.8564601346625953,0.7239286503129277,9.918212890625e-05,84.33645142634478,71.28594896866714,169,STARLINK-200,2,39,200
VCG,1.0,0.5778083072117202,1.2874603271484375e-05,98.47095972490224,56.89733854815924,169,STARLINK-200,2,39,200
HoldBack,0.9214743287243818,0.5182103553763175,1.621246337890625e-05,90.73846151134994,51.028671033288646,169,STARLINK-200,2,39,200
LIA,0.9723770866843651,0.721143714660077,9.894371032714844e-05,97.14141545279678,72.04295755861116,167,STARLINK-200,2,40,200
VCG,1.0,0.6073386851509088,1.2159347534179688e-05,99.90097132382246,60.673724569108984,167,STARLINK-200,2,40,200
HoldBack,0.8683204632967425,0.6029664488158446,1.4066696166992188e-05,86.74605770369611,60.23693391237875,167,STARLINK-200,2,40,200
LIA,0.8927992169106738,0.8499321768871422,9.799003601074219e-05,89.26787480698421,84.98174922613094,112,STARLINK-200,2,41,200
VCG,1.0,0.7338058711672655,1.3113021850585938e-05,99.98650661441566,73.37068559116284,112,STARLINK-200,2,41,200
HoldBack,0.9118399236584483,0.7014683670035413,1.4066696166992188e-05,91.17168855816372,70.13737151720294,112,STARLINK-200,2,41,200
LIA,0.8530711797265551,0.7943458559631894,9.918212890625e-05,85.3002354417359,79.42817685805129,154,STARLINK-200,2,42,200
VCG,1.0,0.6849187474629057,1.3113021850585938e-05,99.99193205551519,68.48634885985943,154,STARLINK-200,2,42,200
HoldBack,0.8351621914057135,0.7236428964266832,1.3828277587890625e-05,83.50948109837528,72.35845133195312,154,STARLINK-200,2,42,200
LIA,0.9764481638753335,0.6670340772941554,9.799003601074219e-05,97.64253087639139,66.7018464444727,194,STARLINK-200,2,43,200
VCG,1.0,0.5505664091659859,1.1920928955078125e-05,99.99765936254835,55.055352240241675,194,STARLINK-200,2,43,200
HoldBack,0.8523857467207271,0.6422086296185495,1.3828277587890625e-05,85.23657954607069,64.21935978428469,194,STARLINK-200,2,43,200
LIA,0.9450641724985491,0.6759539074547547,0.0001010894775390625,93.91848635058577,67.17487518659686,100,STARLINK-200,2,44,200
VCG,1.0,0.5764984636539281,1.2874603271484375e-05,99.37789314590692,57.29120271977957,114,STARLINK-200,2,44,200
HoldBack,0.9481229581393842,0.5082028158671361,1.3828277587890625e-05,94.22246202315691,50.504125131693264,114,STARLINK-200,2,44,200
LIA,0.9070083818285731,0.8000712584302475,0.00017213821411132812,90.68013112262244,79.9888601642588,92,STARLINK-200,2,45,200
VCG,1.0,0.6308879559796099,2.4080276489257812e-05,99.9771699350858,63.074392384972384,92,STARLINK-200,2,45,200
HoldBack,0.8001524672403412,0.5365969160845373,1.52587890625e-05,79.99697919126577,53.64744106602676,92,STARLINK-200,2,45,200
LIA,0.9757307650455525,0.7106616606622789,0.0001049041748046875,96.50393788712067,70.28747192993225,3,STARLINK-200,2,46,200
VCG,1.0,0.765170518380977,1.4066696166992188e-05,98.90426882523822,75.67863064709904,3,STARLINK-200,2,46,200
HoldBack,0.9208579714573679,0.5609523766020432,1.4066696166992188e-05,91.07678435888306,55.48058465360475,3,STARLINK-200,2,46,200
LIA,0.8814834785276353,0.6736880590227303,0.0001010894775390625,87.84312096575911,67.13553129863438,27,STARLINK-200,2,47,200
VCG,1.0,0.7391755637068571,1.52587890625e-05,99.65373498830148,73.6616057354715,27,STARLINK-200,2,47,200
HoldBack,0.912880306784252,0.5540497524765864,1.4066696166992188e-05,90.97193216831721,55.21312720363577,27,STARLINK-200,2,47,200
LIA,0.8818073396580092,0.6733727076328067,0.00010085105895996094,88.12523886743779,67.29489315655806,151,STARLINK-200,2,48,200
VCG,1.0,0.7550406391503245,1.3113021850585938e-05,99.93706664044704,75.45654667101171,151,STARLINK-200,2,48,200
HoldBack,0.8530710510339574,0.6849242712671488,1.430511474609375e-05,85.25341847621681,68.44932254128469,151,STARLINK-200,2,48,200
LIA,0.8722231927331546,0.7863707001453508,0.00010085105895996094,87.10491828064754,78.53122474285325,103,STARLINK-200,2,49,200
VCG,1.0,0.610261356447974,1.3113021850585938e-05,99.86540028556219,60.94399464048707,103,STARLINK-200,2,49,200
HoldBack,0.8279379111552498,0.6886705113346729,1.3828277587890625e-05,82.68235090911125,68.77435627929991,103,STARLINK-200,2,49,200
LIA,0.9430499240463885,0.7831492846825819,0.00010609626770019531,93.84913761314758,77.93636701061689,90,STARLINK-200,2,50,200
VCG,1.0,0.5738873682938694,1.3828277587890625e-05,99.51661648034992,57.11132913341834,90,STARLINK-200,2,50,200
HoldBack,0.9066999301925563,0.6772291257332953,1.4066696166992188e-05,90.23170921573268,67.39555117492303,90,STARLINK-200,2,50,200
LIA,0.8947694034447387,0.752681879702304,9.870529174804688e-05,89.02118460942873,74.88480529977002,169,STARLINK-200,2,51,200
VCG,1.0,0.6832508087796724,1.4066696166992188e-05,99.49064447969438,67.97706330676203,128,STARLINK-200,2,51,200
HoldBack,0.8272956013703076,0.5561155221293292,1.3113021850585938e-05,82.30817255554824,55.32829170180871,128,STARLINK-200,2,51,200
LIA,0.9789341334252472,0.7954455379876363,0.00010228157043457031,97.54991493614847,79.26543974468339,12,STARLINK-200,2,52,200
VCG,1.0,0.5996976532765392,1.3113021850585938e-05,99.64910978721892,59.7593372904914,12,STARLINK-200,2,52,200
HoldBack,0.8750492508152983,0.6893775971130018,1.4066696166992188e-05,87.19787886371732,68.69586385956269,12,STARLINK-200,2,52,200
LIA,0.9015131596995769,0.6843499235932444,9.989738464355469e-05,88.27749916884714,67.01255457140012,41,STARLINK-200,2,53,200
VCG,1.0,0.6312534866493594,1.3828277587890625e-05,97.92147593082836,61.81327309918673,41,STARLINK-200,2,53,200
HoldBack,0.8825333311961535,0.5146397087295546,1.4066696166992188e-05,86.41896634887793,50.3942798514096,41,STARLINK-200,2,53,200
LIA,0.940980424640434,0.6956248939721612,0.00010180473327636719,94.08515245285903,69.55296038637952,101,STARLINK-200,2,54,200
VCG,1.0,0.5937060625213288,1.3113021850585938e-05,99.98630150973726,59.362473375416506,101,STARLINK-200,2,54,200
HoldBack,0.8319514462802217,0.5600593391864138,1.2874603271484375e-05,83.18374814923622,55.99826195123698,101,STARLINK-200,2,54,200
LIA,0.9715956666822856,0.8078776373341189,0.00010180473327636719,96.26598940409652,80.04475806379259,79,STARLINK-200,2,55,200
VCG,1.0,0.6813895299958614,1.3113021850585938e-05,99.08029924918938,67.51227853725446,15,STARLINK-200,2,55,200
HoldBack,0.8646631441115089,0.601175614211155,1.4066696166992188e-05,85.67108306831327,59.56465975735646,15,STARLINK-200,2,55,200
LIA,0.9091884668795673,0.7573535304283612,0.00010013580322265625,90.56481849968841,75.44044774209424,18,STARLINK-200,2,56,200
VCG,1.0,0.7928871939871582,1.4066696166992188e-05,99.61061077965124,78.97997767242465,18,STARLINK-200,2,56,200
HoldBack,0.8982232900589057,0.656406687313797,1.3828277587890625e-05,89.47257053927542,65.38507104317488,18,STARLINK-200,2,56,200
LIA,0.9686642203096367,0.6548461299704371,0.00010180473327636719,96.4976923638796,65.23534065846377,47,STARLINK-200,2,57,200
VCG,1.0,0.716838686634925,1.3113021850585938e-05,99.61934212149778,71.41099836980973,47,STARLINK-200,2,57,200
HoldBack,0.832088626685637,0.5223167774946711,1.4066696166992188e-05,82.89212157720372,52.03285375303987,47,STARLINK-200,2,57,200
LIA,0.8546689859759778,0.8114786712409889,0.00010228157043457031,85.4485652286118,81.13046022371029,49,STARLINK-200,2,58,200
VCG,1.0,0.7043971750049836,1.3113021850585938e-05,99.97854915846156,70.4246075883172,49,STARLINK-200,2,58,200
HoldBack,0.916440202385465,0.6269112832892413,1.4066696166992188e-05,91.62436182498567,62.67768055432763,49,STARLINK-200,2,58,200
LIA,0.9110046180062369,0.7472222228042631,0.00010395050048828125,90.77938221448196,74.45886708187753,76,STARLINK-200,2,59,200
VCG,1.0,0.7037135643336854,1.4066696166992188e-05,99.64755438139883,70.12333567086893,124,STARLINK-200,2,59,200
HoldBack,0.926085681824499,0.6584386401539547,1.3828277587890625e-05,92.28217334144158,65.6118002015555,124,STARLINK-200,2,59,200
LIA,0.9080590484956854,0.8267965332376653,0.00010204315185546875,90.7842968547023,82.65997903576157,27,STARLINK-200,2,60,200
VCG,1.0,0.7481184974940851,1.3113021850585938e-05,99.97620419629975,74.79404766849761,27,STARLINK-200,2,60,200
HoldBack,0.8825312638944666,0.6190051329522228,1.5735626220703125e-05,88.23212584873168,61.885783570589105,27,STARLINK-200,2,60,200
LIA,0.9370785270351069,0.6735109000100113,9.989738464355469e-05,93.58224294938707,67.26080990588733,47,STARLINK-200,2,61,200
VCG,1.0,0.6396057768113141,1.3113021850585938e-05,99.86595599995121,63.87484236435331,47,STARLINK-200,2,61,200
HoldBack,0.831188280941432,0.5698735220712405,1.4066696166992188e-05,83.00741229217213,56.910964080703735,47,STARLINK-200,2,61,200
LIA,0.9196199919517033,0.696401891964332,0.0001010894775390625,91.63263488448742,69.390771033374,39,STARLINK-200,2,62,200
VCG,1.0,0.5752794889337101,1.2874603271484375e-05,99.64184737873748,57.321911036450835,39,STARLINK-200,2,62,200
HoldBack,0.9274168818005712,0.6702255953705065,1.4066696166992188e-05,92.40953139283714,66.78251648323148,39,STARLINK-200,2,62,200
LIA,0.9690513727970654,0.6794333618453097,0.0001010894775390625,96.64124781561704,67.75831471840954,124,STARLINK-200,2,63,200
VCG,1.0,0.6211587333963744,1.3113021850585938e-05,99.72768268897053,61.94672106363647,124,STARLINK-200,2,63,200
HoldBack,0.9363287633377222,0.6404149273993265,1.4066696166992188e-05,93.37789780270055,63.86709666896013,124,STARLINK-200,2,63,200
LIA,0.9482772639721637,0.7416757777394678,0.00010085105895996094,94.28878543259715,73.74605605843578,197,STARLINK-200,2,64,200
VCG,1.0,0.7929688255542283,1.4066696166992188e-05,99.43166309570505,78.84620910790494,139,STARLINK-200,2,64,200
HoldBack,0.9394625956093237,0.5742450326752178,1.3828277587890625e-05,93.41232829764286,57.09813862334439,139,STARLINK-200,2,64,200
LIA,0.875021379848499,0.8435758755250075,0.00010013580322265625,87.31294123089286,84.17518993223526,60,STARLINK-200,2,65,200
VCG,1.0,0.6464970412529739,1.2636184692382812e-05,99.78378042146834,64.5099188075157,34,STARLINK-200,2,65,200
HoldBack,0.9495385531204751,0.7128829036444625,1.2874603271484375e-05,94.74854648629223,71.13415112347782,34,STARLINK-200,2,65,200
LIA,0.9267682541947287,0.6654007488540986,0.00010085105895996094,92.2808174230689,66.25574920186735,19,STARLINK-200,2,66,200
VCG,1.0,0.7709773024695585,1.3113021850585938e-05,99.57270008482534,76.76829171100903,19,STARLINK-200,2,66,200
HoldBack,0.9302231025375074,0.6655545996897236,1.3828277587890625e-05,92.62482600094296,66.27106854498084,19,STARLINK-200,2,66,200
LIA,0.8774006275391567,0.748897674641993,9.965896606445312e-05,86.87085690859773,74.14786437464996,183,STARLINK-200,2,67,200
VCG,1.0,0.603357520143988,1.4066696166992188e-05,99.00933984084807,59.738029757467444,183,STARLINK-200,2,67,200
HoldBack,0.8056347682832926,0.5464333712993942,1.4066696166992188e-05,79.76536656056341,54.102007359362034,183,STARLINK-200,2,67,200
LIA,0.9300303925517204,0.6758543940764125,9.894371032714844e-05,92.6859570245242,67.3550153047483,32,STARLINK-200,2,68,200
VCG,1.0,0.7322105178374427,1.2874603271484375e-05,99.65906250678769,72.97141376528909,32,STARLINK-200,2,68,200
HoldBack,0.8134763334548198,0.5972135875599804,1.4066696166992188e-05,81.07028876356635,59.51774625254301,32,STARLINK-200,2,68,200
LIA,0.9641979605044964,0.7064910982671694,0.00010085105895996094,95.8084172263228,70.20113781826272,19,STARLINK-200,2,69,200
VCG,1.0,0.7833551795283121,1.3113021850585938e-05,99.36591981193682,77.83880795327563,19,STARLINK-200,2,69,200
HoldBack,0.9038509266836088,0.5523119951990324,1.3828277587890625e-05,89.81197870278825,54.880989426117885,19,STARLINK-200,2,69,200
LIA,0.86742879568825,0.8220851134237077,0.00011205673217773438,86.49624956433235,81.97477359210832,5,STARLINK-200,2,70,200
VCG,1.0,0.6328981402539297,1.3828277587890625e-05,99.71567694579821,63.109866493157334,5,STARLINK-200,2,70,200
HoldBack,0.868441908170875,0.7487991698382421,1.4066696166992188e-05,86.59727276135952,74.66701611687203,5,STARLINK-200,2,70,200
LIA,0.9728863923127857,0.8071544239280406,0.00010085105895996094,96.30002955630405,79.89524315988356,52,STARLINK-200,2,71,200
VCG,1.0,0.7192420362850189,1.3113021850585938e-05,98.98383852134641,71.1933375774007,52,STARLINK-200,2,71,200
HoldBack,0.8113313579523255,0.570282057508966,1.3828277587890625e-05,80.30869212285769,56.448707092088675,52,STARLINK-200,2,71,200
LIA,0.9448559244314225,0.8171947520992195,9.989738464355469e-05,94.46730063960594,81.70365484464743,48,STARLINK-200,2,72,200
VCG,1.0,0.5828087697412733,1.3113021850585938e-05,99.98064064259604,58.26959417085575,48,STARLINK-200,2,72,200
HoldBack,0.889821704889377,0.5323891123379934,1.3113021850585938e-05,88.96494411252695,53.22860452269561,48,STARLINK-200,2,72,200
LIA,0.9053648604709895,0.6867515089237562,0.00010013580322265625,89.6813599207758,68.02650725353698,70,STARLINK-200,2,73,200
VCG,1.0,0.6021521164495958,1.1920928955078125e-05,99.05549004201654,59.64647297475212,70,STARLINK-200,2,73,200
HoldBack,0.8480359415247916,0.5211827199071677,1.4066696166992188e-05,84.00261576098112,51.626009721835544,70,STARLINK-200,2,73,200
LIA,0.920100378024624,0.6727735325919159,0.00010609626770019531,91.94184338036975,67.2274897841294,155,STARLINK-200,2,74,200
VCG,1.0,0.6554246867920666,1.3113021850585938e-05,99.92588371473224,65.49389103614884,155,STARLINK-200,2,74,200
HoldBack,0.8550697508828349,0.5361601603767998,1.4066696166992188e-05,85.44360049470322,53.576277838284284,155,STARLINK-200,2,74,200
LIA,0.9164321327954769,0.653120080227541,9.870529174804688e-05,90.89854790410055,64.78130215556553,45,STARLINK-200,2,75,200
VCG,1.0,0.7428716275177553,1.2874603271484375e-05,99.18742987200197,73.68352745831731,45,STARLINK-200,2,75,200
HoldBack,0.889507863666208,0.5219273197926693,1.2874603271484375e-05,88.2279988479863,51.76862943021733,45,STARLINK-200,2,75,200
LIA,0.9473837806296193,0.7214006243161597,0.0001010894775390625,94.11706352318357,71.66695247759614,40,STARLINK-200,2,76,200
VCG,1.0,0.6457927159616679,1.2874603271484375e-05,99.34417861854735,64.15574692505274,40,STARLINK-200,2,76,200
HoldBack,0.8502976899243374,0.6977624090219174,1.6927719116210938e-05,84.47212558678156,69.31863339518125,40,STARLINK-200,2,76,200
LIA,0.8760625751071032,0.7747707104779491,0.00010085105895996094,87.47560516810358,77.36152495419006,32,STARLINK-200,2,77,200
VCG,1.0,0.5700606327198013,1.2874603271484375e-05,99.8508641433624,56.9210467911841,32,STARLINK-200,2,77,200
HoldBack,0.9405233261251249,0.542456874581464,1.3828277587890625e-05,93.91206686058318,54.164787687466735,32,STARLINK-200,2,77,200
LIA,0.9508511038935545,0.8128527174545269,0.0001010894775390625,94.80662306355894,81.04720168524727,123,STARLINK-200,2,78,200
VCG,1.0,0.5850496122351128,1.4066696166992188e-05,99.70711783931664,58.33361062897289,123,STARLINK-200,2,78,200
HoldBack,0.8717209042240263,0.6325596451533682,1.5974044799804688e-05,86.91677892046064,63.070699079703196,123,STARLINK-200,2,78,200
LIA,0.9755448587084989,0.8149201079362179,0.00010323524475097656,97.22121287238566,81.2136116349811,18,STARLINK-200,2,79,200
VCG,1.0,0.5726142668470041,1.2636184692382812e-05,99.65837245156985,57.06580587652134,18,STARLINK-200,2,79,200
HoldBack,0.9041319669132416,0.599576306249331,1.2874603271484375e-05,90.10432030401026,59.752798841332336,18,STARLINK-200,2,79,200
LIA,0.9651500768471556,0.7851640717922995,9.989738464355469e-05,96.36671699291037,78.39577047600655,156,STARLINK-200,2,80,200
VCG,1.0,0.7483350298768814,1.2874603271484375e-05,99.84635478423252,74.71852489055634,156,STARLINK-200,2,80,200
HoldBack,0.8220477719396788,0.7082357224007186,1.3828277587890625e-05,82.07847348667703,70.71475520968937,156,STARLINK-200,2,80,200
LIA,0.9514735142577982,0.8351163216707406,0.00010395050048828125,94.84116760496197,83.24289204728632,153,STARLINK-200,2,81,200
VCG,1.0,0.710423206354524,1.3113021850585938e-05,99.67820037423039,70.81370671350948,153,STARLINK-200,2,81,200
HoldBack,0.9165806478583253,0.7118798624284395,1.2874603271484375e-05,91.36310947636404,70.95890356952155,153,STARLINK-200,2,81,200
LIA,0.9640229124708534,0.7495640836707049,0.00010013580322265625,96.12214536909156,74.73858440706282,188,STARLINK-200,2,82,200
VCG,1.0,0.7645101688773976,1.2636184692382812e-05,99.70939914978187,76.22884958266359,188,STARLINK-200,2,82,200
HoldBack,0.8362977545947603,0.6281040114378007,1.4066696166992188e-05,83.38674662095528,62.62787358403083,188,STARLINK-200,2,82,200
LIA,0.9611106547596974,0.800091824628301,0.00010919570922851562,95.82503370399327,79.77107077276717,171,STARLINK-200,2,83,200
VCG,1.0,0.7706321675019036,1.4066696166992188e-05,99.70239454680899,76.83387241473739,48,STARLINK-200,2,83,200
HoldBack,0.8897249019257627,0.7240623768262933,1.4066696166992188e-05,88.70770320992332,72.19075277083537,48,STARLINK-200,2,83,200
LIA,0.973143832892557,0.6877526923240789,0.00010180473327636719,97.30745975220545,68.77037614149391,165,STARLINK-200,2,84,200
VCG,1.0,0.5782788350126882,1.4066696166992188e-05,99.99288539184421,57.82376927395292,165,STARLINK-200,2,84,200
HoldBack,0.9289071188388263,0.615077579609902,1.4066696166992188e-05,92.88410307371896,61.503381925025856,165,STARLINK-200,2,84,200
LIA,0.9281629174190899,0.7220132223480651,0.0001010894775390625,91.82255844246887,71.4283021451024,173,STARLINK-200,2,85,200
VCG,1.0,0.7602854935885963,1.3828277587890625e-05,98.92935466307645,75.21455324041838,173,STARLINK-200,2,85,200
HoldBack,0.8107650585501328,0.5158063000822053,1.4066696166992188e-05,80.20846402573603,51.02838439828173,173,STARLINK-200,2,85,200
LIA,0.9361942504867695,0.6981499664193551,0.00010228157043457031,93.40250850150704,69.65323504166534,190,STARLINK-200,2,86,200
VCG,1.0,0.6247335982846607,1.4066696166992188e-05,99.7682996375409,62.328608827303135,190,STARLINK-200,2,86,200
HoldBack,0.8717539944609565,0.5796864658185827,1.4066696166992188e-05,86.97341372960388,57.83433301761548,190,STARLINK-200,2,86,200
LIA,0.9548143864655689,0.7042837145735142,0.0001010894775390625,94.5119958816466,69.71329765744271,181,STARLINK-200,2,87,200
VCG,1.0,0.6422245585141149,1.5020370483398438e-05,98.98467934851833,63.5703919942634,181,STARLINK-200,2,87,200
HoldBack,0.8583762852084106,0.5069269494169779,1.4066696166992188e-05,84.96610135172683,50.178001541162125,181,STARLINK-200,2,87,200
LIA,0.8653791294975727,0.7456211883042616,0.0001010894775390625,86.53445525602889,74.559139639435,81,STARLINK-200,2,88,200
VCG,1.0,0.6835985261847629,1.3113021850585938e-05,99.99600441747378,68.35712124415012,81,STARLINK-200,2,88,200
HoldBack,0.8606831973887439,0.5774591092806496,1.4066696166992188e-05,86.0648808081303,57.74360364253831,81,STARLINK-200,2,88,200
LIA,0.9774411941863538,0.7372679542261926,0.00010204315185546875,97.60105194458916,73.61888195986188,104,STARLINK-200,2,89,200
VCG,1.0,0.77826583408284,1.3113021850585938e-05,99.85363060724558,77.71266911074778,23,STARLINK-200,2,89,200
HoldBack,0.8106888081622341,0.7261777654259761,1.3113021850585938e-05,80.9502207876599,72.51148634404045,23,STARLINK-200,2,89,200
LIA,0.9276807920850003,0.757004562547198,0.00010228157043457031,92.44523922706267,75.43701290113752,97,STARLINK-200,2,90,200
VCG,1.0,0.665620044352538,1.2874603271484375e-05,99.65199238338032,66.33036359004439,81,STARLINK-200,2,90,200
HoldBack,0.805356922138304,0.7254095212061231,1.4066696166992188e-05,80.25542187082888,72.28850408206415,81,STARLINK-200,2,90,200
LIA,0.9043409713887864,0.8355372039875301,0.00010180473327636719,89.90544774531959,83.06529153159055,147,STARLINK-200,2,91,200
VCG,1.0,0.5984788296833747,1.4066696166992188e-05,99.41543133587412,59.49803099836184,147,STARLINK-200,2,91,200
HoldBack,0.9127485647248592,0.5459668994735147,1.4066696166992188e-05,90.7412922633219,54.277534806269294,147,STARLINK-200,2,91,200
LIA,0.9713613288009778,0.7879279980361179,0.00010204315185546875,96.84122823784925,78.55358539648147,101,STARLINK-200,2,92,200
VCG,1.0,0.7253179014964293,1.4066696166992188e-05,99.69640067655097,72.31158412546314,101,STARLINK-200,2,92,200
HoldBack,0.8292424432860843,0.5910047898095835,1.3828277587890625e-05,82.67248688385155,58.92105032661702,101,STARLINK-200,2,92,200
LIA,0.9208511114938106,0.8006860749612622,0.00010085105895996094,91.7404780683095,79.7689467740608,88,STARLINK-200,2,93,200
VCG,1.0,0.7423591174041824,1.3113021850585938e-05,99.62574505610088,73.95808017058114,88,STARLINK-200,2,93,200
HoldBack,0.9194113934081343,0.5623177396561004,1.3828277587890625e-05,91.59704508135326,56.02132377150157,88,STARLINK-200,2,93,200
LIA,0.9321833284554691,0.7754662044205104,0.00010204315185546875,93.008118226514,77.37174675813174,172,STARLINK-200,2,94,200
VCG,1.0,0.7042644390888517,1.3828277587890625e-05,99.77449219202276,70.26762677898992,87,STARLINK-200,2,94,200
HoldBack,0.8888531235800081,0.6479326464255079,1.4066696166992188e-05,88.68486903848856,64.64715077173848,87,STARLINK-200,2,94,200
LIA,0.9508135769540967,0.6871033854560559,0.00010395050048828125,94.608156956408,68.36838104978403,190,STARLINK-200,2,95,200
VCG,1.0,0.7417354630633555,1.3113021850585938e-05,99.50232017035604,73.8043995274373,190,STARLINK-200,2,95,200
HoldBack,0.8392234953502717,0.6092983471665793,1.3113021850585938e-05,83.50468492882804,60.62659921903772,190,STARLINK-200,2,95,200
LIA,0.9203711619076297,0.8053151360367824,0.00010228157043457031,91.81225563169626,80.33476296740365,154,STARLINK-200,2,96,200
VCG,1.0,0.711872979702078,1.2874603271484375e-05,99.75568491455051,71.01337666234271,154,STARLINK-200,2,96,200
HoldBack,0.8546524559356736,0.6948010440487224,1.4066696166992188e-05,85.25644110576583,69.3103540284251,154,STARLINK-200,2,96,200
LIA,0.8975138676006644,0.7894702733412519,0.0001010894775390625,88.84195509681439,78.14707394099027,160,STARLINK-200,2,97,200
VCG,1.0,0.6920815711380656,1.3828277587890625e-05,98.98672132422504,68.50688561587553,160,STARLINK-200,2,97,200
HoldBack,0.9266678442380035,0.5688709383297526,1.4066696166992188e-05,91.72781165770763,56.310669041897626,160,STARLINK-200,2,97,200
LIA,0.9727116796546995,0.7588182021508911,0.00010204315185546875,97.17056269444724,75.8033374411273,47,STARLINK-200,2,98,200
VCG,1.0,0.7209981885614642,1.3113021850585938e-05,99.89657236247186,72.02524771684145,47,STARLINK-200,2,98,200
HoldBack,0.8734558198097151,0.7426296186105927,1.3828277587890625e-05,87.25524250904338,74.18615343404795,47,STARLINK-200,2,98,200
LIA,0.941856890461147,0.6698721881596347,0.0001010894775390625,93.27037232754473,66.33622266215569,16,STARLINK-200,2,99,200
VCG,1.0,0.5539571819107796,1.3828277587890625e-05,99.02817856105314,54.85737072543848,16,STARLINK-200,2,99,200
HoldBack,0.810704814324483,0.5525055052190776,1.4066696166992188e-05,80.28262111323033,54.713613826799694,16,STARLINK-200,2,99,200
LIA,0.972846263722678,0.7436755989205256,0.00010204315185546875,96.47724500230599,73.75037108611932,27,STARLINK-200,3,0,200
VCG,1.0,0.6919402657801575,1.3113021850585938e-05,99.17008329057842,68.6197737895232,27,STARLINK-200,3,0,200
HoldBack,0.9120013589392005,0.6804762954347501,1.5735626220703125e-05,90.44325072712122,67.48289089552841,27,STARLINK-200,3,0,200
LIA,0.8807056160441107,0.7526716384093244,0.0001010894775390625,87.57723319892406,74.84555383587808,54,STARLINK-200,3,1,200
VCG,1.0,0.7290696530904437,1.4066696166992188e-05,99.43984868893774,72.49857598701006,54,STARLINK-200,3,1,200
HoldBack,0.8309176425031373,0.5285729404170605,1.3828277587890625e-05,82.62632464348083,52.5612132161394,54,STARLINK-200,3,1,200
LIA,0.9015638217911974,0.847174232056512,0.00010085105895996094,90.13665449826476,84.69888565736608,84,STARLINK-200,3,2,200
VCG,1.0,0.6324894561468055,1.3113021850585938e-05,99.9781183756733,63.23510571801055,84,STARLINK-200,3,2,200
HoldBack,0.9380154043011748,0.5521412946265097,1.4066696166992188e-05,93.78101512942791,55.2020477142667,84,STARLINK-200,3,2,200
LIA,0.8913564896028845,0.7179965055042034,9.989738464355469e-05,88.97721982478501,71.67203430822278,169,STARLINK-200,3,3,200
VCG,1.0,0.7062723144644268,1.2874603271484375e-05,99.82226063606265,70.50169905450322,177,STARLINK-200,3,3,200
HoldBack,0.8324720826911374,0.7166065586867632,1.3828277587890625e-05,83.09924521064062,71.533286674742,177,STARLINK-200,3,3,200
LIA,0.8937106952050791,0.8019805867750978,0.00010013580322265625,88.92626698594174,79.7989104972493,82,STARLINK-200,3,4,200
VCG,1.0,0.7820839712357713,1.2636184692382812e-05,99.50229695476106,77.81915154946053,82,STARLINK-200,3,4,200
HoldBack,0.9436580735362188,0.5044416586337149,1.4066696166992188e-05,93.8961458567586,50.19310371372411,82,STARLINK-200,3,4,200
LIA,0.8929151997560574,0.8407985521602606,9.989738464355469e-05,88.98453366229207,83.7907867268373,194,STARLINK-200,3,5,200
VCG,1.0,0.5807165979693105,1.2874603271484375e-05,99.65619768439652,57.87200808583982,194,STARLINK-200,3,5,200
HoldBack,0.9369039709496431,0.6950496122866044,1.4066696166992188e-05,93.36828734025372,69.26600156249701,194,STARLINK-200,3,5,200
LIA,0.9218209590571952,0.8132586985146427,0.0001010894775390625,91.93762998477061,81.1101945245489,17,STARLINK-200,3,6,200
VCG,1.0,0.603049596172307,1.2874603271484375e-05,99.73480108198132,60.1450315168142,17,STARLINK-200,3,6,200
HoldBack,0.8039249117449486,0.6562902447551759,1.430511474609375e-05,80.17929115773184,65.4549770127023,17,STARLINK-200,3,6,200
LIA,0.9123935671105592,0.8067426059971667,0.00010180473327636719,91.23610577941976,80.67138611094931,32,STARLINK-200,3,7,200
VCG,1.0,0.7722514959007394,1.2874603271484375e-05,99.99643691959989,77.22239799590494,32,STARLINK-200,3,7,200
HoldBack,0.8389262835345238,0.5610116945924615,1.3828277587890625e-05,83.88963919165438,56.09917052947291,32,STARLINK-200,3,7,200
LIA,0.9640968600193366,0.6976336116338481,0.00010275840759277344,95.77734319831916,69.30578930295222,171,STARLINK-200,3,8,200
VCG,1.0,0.60795930342475,1.3113021850585938e-05,99.3441086369664,60.39717508628278,171,STARLINK-200,3,8,200
HoldBack,0.8471477700002016,0.6622944935729744,1.4066696166992188e-05,84.15914009446385,65.79505611917821,171,STARLINK-200,3,8,200
LIA,0.8719662782724441,0.7286257366721898,0.00010180473327636719,86.97742977740448,72.6794090833108,108,STARLINK-200,3,9,200
VCG,1.0,0.7956827357167129,1.3113021850585938e-05,99.74861636819922,79.36825195580565,108,STARLINK-200,3,9,200
HoldBack,0.8862205480473183,0.7435201535657885,1.3828277587890625e-05,88.39927346478721,74.1651065600584,108,STARLINK-200,3,9,200
LIA,0.9109442333084558,0.654401820360311,0.0001010894775390625,90.84266566158368,65.25932499667503,45,STARLINK-200,3,10,200
VCG,1.0,0.7020615881787168,1.3113021850585938e-05,99.72362998737306,70.01213004788184,45,STARLINK-200,3,10,200
HoldBack,0.8993800805453681,0.5018436095993148,1.4066696166992188e-05,89.68944637032007,50.045666435209775,45,STARLINK-200,3,10,200
LIA,0.8541074121054679,0.7450046721590171,0.00010180473327636719,85.22709628961711,74.34028089487025,54,STARLINK-200,3,11,200
VCG,1.0,0.5925294180264222,1.4066696166992188e-05,99.78498615241264,59.125539772663664,54,STARLINK-200,3,11,200
HoldBack,0.9084681194058389,0.52316773529557,1.3828277587890625e-05,90.65147871481999,52.20428522185754,54,STARLINK-200,3,11,200
LIA,0.9608534964616301,0.8379954070661272,0.0001010894775390625,95.17158054464477,83.00260931903796,116,STARLINK-200,3,12,200
VCG,1.0,0.6294735291242586,1.3113021850585938e-05,99.04900267846949,62.348725272254335,116,STARLINK-200,3,12,200
HoldBack,0.8650189086995723,0.7194066782453614,1.4066696166992188e-05,85.6792602047107,71.25651400043364,116,STARLINK-200,3,12,200
LIA,0.8695447013385668,0.8338392955409827,0.00010085105895996094,86.8155010887697,83.25066688171472,16,STARLINK-200,3,13,200
VCG,1.0,0.7504868532499304,1.3113021850585938e-05,99.8401818274862,74.928743887611,126,STARLINK-200,3,13,200
HoldBack,0.8116331798966959,0.6050865241413582,1.3113021850585938e-05,81.03360425810695,60.411948591634825,126,STARLINK-200,3,13,200
LIA,0.903620557880224,0.7361803314879194,0.00010204315185546875,90.1169014765186,73.41830575134104,158,STARLINK-200,3,14,200
VCG,1.0,0.554484901983443,1.3828277587890625e-05,99.72869772675503,55.29805718395618,158,STARLINK-200,3,14,200
HoldBack,0.9100742051615308,0.711436504041365,1.4066696166992188e-05,90.76051531547115,70.95063606332063,158,STARLINK-200,3,14,200
LIA,0.8596870724505664,0.7874062470852988,0.00010180473327636719,84.84119529181982,77.70791177833391,163,STARLINK-200,3,15,200
VCG,1.0,0.6400836883499417,1.3113021850585938e-05,98.68846236105097,63.16887498564589,163,STARLINK-200,3,15,200
HoldBack,0.9318167876575235,0.7392283079329134,1.4066696166992188e-05,91.95956597613493,72.95330504366072,163,STARLINK-200,3,15,200
LIA,0.8983575025827539,0.7770154556334261,0.00011396408081054688,89.63086802022649,77.52433697423295,10,STARLINK-200,3,16,200
VCG,1.0,0.7482904757415323,1.4781951904296875e-05,99.77193685424803,74.65839009431937,10,STARLINK-200,3,16,200
HoldBack,0.8706366021895077,0.5962557722810129,1.5020370483398438e-05,86.86510009664862,59.489593261002106,10,STARLINK-200,3,16,200
LIA,0.8568856605535045,0.6787531436419185,0.00010275840759277344,85.62755548743323,67.82698689569105,113,STARLINK-200,3,17,200
VCG,1.0,0.7059251875245773,1.3113021850585938e-05,99.92879963952505,70.54225662463764,162,STARLINK-200,3,17,200
HoldBack,0.8656560231737037,0.5969922238217698,1.2874603271484375e-05,86.50396729647309,59.65671632064012,162,STARLINK-200,3,17,200
LIA,0.9220623783044802,0.7197596984184497,0.0001010894775390625,91.6747954508218,71.56112718489813,82,STARLINK-200,3,18,200
VCG,1.0,0.6343368621645475,1.2874603271484375e-05,99.42363728080582,63.06807809769249,82,STARLINK-200,3,18,200
HoldBack,0.9011837648402472,0.5029989340690222,1.4066696166992188e-05,89.59896775882775,50.009983573510425,82,STARLINK-200,3,18,200
LIA,0.8657816696917011,0.7892647141338287,0.0001010894775390625,86.35000320114274,78.71847254085887,78,STARLINK-200,3,19,200
VCG,1.0,0.6055555856516114,1.1682510375976562e-05,99.73646500496064,60.39597347690038,78,STARLINK-200,3,19,200
HoldBack,0.9203322956078571,0.5684872328551247,1.4066696166992188e-05,91.79068979382812,56.69890700542205,78,STARLINK-200,3,19,200
LIA,0.9287410125181,0.7631366663875265,0.00010013580322265625,90.43880238572989,74.31260731945024,183,STARLINK-200,3,20,200
VCG,1.0,0.7702817057113949,1.2874603271484375e-05,97.3778493323157,75.00837588220335,23,STARLINK-200,3,20,200
HoldBack,0.8422828325482524,0.6292829878127854,1.3113021850585938e-05,82.01969076307982,61.278223974622875,23,STARLINK-200,3,20,200
LIA,0.9142750444624835,0.6590238160471122,0.0001010894775390625,91.28107513475074,65.79683305646113,104,STARLINK-200,3,21,200
VCG,1.0,0.6582354792970325,1.2874603271484375e-05,99.8398410714757,65.71812564062236,164,STARLINK-200,3,21,200
HoldBack,0.8326591186220325,0.552257443055048,1.4066696166992188e-05,83.13255406993875,55.137295345155536,164,STARLINK-200,3,21,200
LIA,0.9258311912189802,0.6771631945973973,0.00011205673217773438,91.8911078088013,67.21017471551575,126,STARLINK-200,3,22,200
VCG,1.0,0.7068172910493618,1.5020370483398438e-05,99.2525513077761,70.15341944510008,126,STARLINK-200,3,22,200
HoldBack,0.824098992221581,0.697210787220693,1.4781951904296875e-05,81.79392750815904,69.19994943095679,126,STARLINK-200,3,22,200
LIA,0.9690895705240162,0.6578674191609346,9.965896606445312e-05,96.73544869232,65.66895559321722,144,STARLINK-200,3,23,200
VCG,1.0,0.6676854121490021,1.4066696166992188e-05,99.82095735486267,66.64899705258945,144,STARLINK-200,3,23,200
HoldBack,0.8278491517480842,0.5678626582854709,1.3828277587890625e-05,82.63669487290474,56.68459419613294,144,STARLINK-200,3,23,200
LIA,0.8649843738439824,0.8382326193811902,9.894371032714844e-05,84.9071512041532,82.28119016967285,135,STARLINK-200,3,24,200
VCG,1.0,0.6356955136754312,1.2636184692382812e-05,98.16032956390485,62.40008112467611,135,STARLINK-200,3,24,200
HoldBack,0.866807216386193,0.5946961975132556,1.2874603271484375e-05,85.08608202883968,58.37557473830223,135,STARLINK-200,3,24,200
LIA,0.9129166789566654,0.8382352233305058,9.894371032714844e-05,90.7398984604113,83.31689058181922,193,STARLINK-200,3,25,200
VCG,1.0,0.6872355845927496,1.3113021850585938e-05,99.39559715801683,68.30819131883513,193,STARLINK-200,3,25,200
HoldBack,0.8553815149579875,0.7172975744787324,1.3113021850585938e-05,85.02115647717828,71.29622075531066,193,STARLINK-200,3,25,200
LIA,0.9240448262436491,0.7872673169652437,9.894371032714844e-05,91.98347330877974,78.36804035938925,145,STARLINK-200,3,26,200
VCG,1.0,0.6600201948925477,1.2159347534179688e-05,99.54438431596806,65.70130393668391,145,STARLINK-200,3,26,200
HoldBack,0.8114065827625458,0.569129157472313,1.3113021850585938e-05,80.77096871102121,56.65361157684703,145,STARLINK-200,3,26,200
LIA,0.9394462293106761,0.8089359929905184,9.870529174804688e-05,93.68418363884032,80.66934088925842,33,STARLINK-200,3,27,200
VCG,1.0,0.5910547658700963,1.3828277587890625e-05,99.72277360417063,58.94162060452969,33,STARLINK-200,3,27,200
HoldBack,0.8242587814645185,0.6960863321681919,1.71661376953125e-05,82.19737185523573,69.41565971176611,33,STARLINK-200,3,27,200
LIA,0.9508132176785149,0.7008790812926236,9.799003601074219e-05,94.95072952130863,69.99164382405594,55,STARLINK-200,3,28,200
VCG,1.0,0.7267702930071945,1.3113021850585938e-05,99.86265204972464,72.57720889065389,55,STARLINK-200,3,28,200
HoldBack,0.9223937705099546,0.6897755073370587,1.3113021850585938e-05,92.11268815726916,68.88281148162298,55,STARLINK-200,3,28,200
LIA,0.9001827596503157,0.7789746434962606,0.00010895729064941406,89.58544320561177,77.52291180365916,107,STARLINK-200,3,29,200
VCG,1.0,0.7704135912755824,1.4066696166992188e-05,99.51917235163675,76.67092297219811,107,STARLINK-200,3,29,200
HoldBack,0.9325724508912173,0.5485487847651338,1.3828277587890625e-05,92.80883847063136,54.591121054322244,107,STARLINK-200,3,29,200
LIA,0.9597565955000931,0.6777077993076422,0.00010085105895996094,94.48111792451205,66.71544723418437,55,STARLINK-200,3,30,200
VCG,1.0,0.5887516682638604,1.4066696166992188e-05,98.44279098210468,57.958357419264644,55,STARLINK-200,3,30,200
HoldBack,0.8222306957938432,0.5984861313873778,1.3828277587890625e-05,80.94268452510381,58.91664513785608,55,STARLINK-200,3,30,200
LIA,0.9343862718333114,0.793908320531637,0.00010204315185546875,93.07819369098782,79.08458702667353,59,STARLINK-200,3,31,200
VCG,1.0,0.6942781474185835,1.3113021850585938e-05,99.61425643418741,69.16000141360735,198,STARLINK-200,3,31,200
HoldBack,0.9315870190297256,0.5792323922631526,1.4066696166992188e-05,92.79934820438731,57.699804057889516,198,STARLINK-200,3,31,200
LIA,0.9606276895936803,0.773253049258362,0.00010204315185546875,95.21756879594261,76.64496475796243,80,STARLINK-200,3,32,200
VCG,1.0,0.5609089679433016,1.3828277587890625e-05,99.12015844163007,55.59738577387125,144,STARLINK-200,3,32,200
HoldBack,0.8779805801875932,0.7386917086692715,1.4066696166992188e-05,87.02557421686853,73.21923920281662,144,STARLINK-200,3,32,200
LIA,0.8625462159166316,0.733748443931959,0.00010085105895996094,86.10569518388787,73.24815608600836,64,STARLINK-200,3,33,200
VCG,1.0,0.7386878633668833,1.3113021850585938e-05,99.82734095283575,73.74124519404761,64,STARLINK-200,3,33,200
HoldBack,0.9414769951721476,0.6223324355298596,1.3828277587890625e-05,93.98514499630127,62.12579222764797,64,STARLINK-200,3,33,200
LIA,0.9262561643691734,0.743988084407693,0.0001010894775390625,92.25857806948983,74.10399564233305,76,STARLINK-200,3,34,200
VCG,1.0,0.6275314000458345,1.3113021850585938e-05,99.60373989232507,62.50447434443189,76,STARLINK-200,3,34,200
HoldBack,0.9450018657439552,0.6996984331199105,1.3589859008789062e-05,94.1257200333228,69.69258073554298,76,STARLINK-200,3,34,200
LIA,0.8595203504900636,0.7097625400760785,0.00010228157043457031,85.92530754964321,70.95418335177399,51,STARLINK-200,3,35,200
VCG,1.0,0.732663470933715,1.4066696166992188e-05,99.9689041692289,73.24356431406719,51,STARLINK-200,3,35,200
HoldBack,0.9358523624746042,0.5299619128065397,1.4066696166992188e-05,93.55613514077018,52.979711674698216,51,STARLINK-200,3,35,200
LIA,0.9253409025561505,0.66631240223231,0.00010180473327636719,92.44403141786874,66.56639134390963,32,STARLINK-200,3,36,200
VCG,1.0,0.7331369337180194,1.2874603271484375e-05,99.90267496281908,73.24234079246912,56,STARLINK-200,3,36,200
HoldBack,0.8890548974665687,0.5321992448789538,1.3828277587890625e-05,88.81896244570505,53.16812817659987,56,STARLINK-200,3,36,200
LIA,0.9479696476363393,0.6877570898141221,0.00010204315185546875,93.41934358414139,67.77623738900785,129,STARLINK-200,3,37,200
VCG,1.0,0.5600476224512696,1.3113021850585938e-05,98.54676657324684,55.19088231960714,129,STARLINK-200,3,37,200
HoldBack,0.8447236539275763,0.5411965402450412,1.52587890625e-05,83.24478474250101,53.33316912177686,129,STARLINK-200,3,37,200
LIA,0.8975093365208575,0.8141250232634794,0.00010228157043457031,89.51185498562344,81.19563558527321,149,STARLINK-200,3,38,200
VCG,1.0,0.6912304357010313,1.3113021850585938e-05,99.73361985582336,68.9389135069818,149,STARLINK-200,3,38,200
HoldBack,0.8343637437577898,0.5973047610578391,1.4066696166992188e-05,83.21411644142101,59.57136597741594,149,STARLINK-200,3,38,200
LIA,0.9312045886042724,0.7123636687776581,0.00010228157043457031,93.02079375242083,71.16012390940267,6,STARLINK-200,3,39,200
VCG,1.0,0.657106658191416,1.4066696166992188e-05,99.89297184611624,65.64033690661064,6,STARLINK-200,3,39,200
HoldBack,0.8335287963362413,0.5833572716451649,1.4066696166992188e-05,83.26366858534331,58.273291512677645,6,STARLINK-200,3,39,200
LIA,0.8799444115053381,0.7547143416767438,0.00010180473327636719,87.9545677338966,75.4372353717115,127,STARLINK-200,3,40,200
VCG,1.0,0.6344379328197637,1.3113021850585938e-05,99.95468643687504,63.41504463865867,127,STARLINK-200,3,40,200
HoldBack,0.8988946502907934,0.5761071790249752,1.5974044799804688e-05,89.8487329096007,57.58461243347403,127,STARLINK-200,3,40,200
LIA,0.9278337552557829,0.6681862238784589,0.00011110305786132812,91.68757925162268,66.02947673509624,199,STARLINK-200,3,41,200
VCG,1.0,0.5984290893926404,1.2874603271484375e-05,98.81897347693119,59.13614831251542,199,STARLINK-200,3,41,200
HoldBack,0.8312043260677455,0.5161300612354419,1.4066696166992188e-05,82.13875825159901,51.00344283187201,199,STARLINK-200,3,41,200
LIA,0.9784799293016615,0.699740430116611,0.00011491775512695312,97.84446735743424,69.9715217685513,34,STARLINK-200,3,42,200
VCG,1.0,0.6490773495686326,1.5974044799804688e-05,99.99639688804406,64.9053962585047,34,STARLINK-200,3,42,200
HoldBack,0.8384150788692154,0.5894438641711565,1.5974044799804688e-05,83.83848698352682,58.9422625848813,34,STARLINK-200,3,42,200
LIA,0.9220877294925235,0.8213322231756063,0.00010395050048828125,92.09941963622535,82.03581792009672,137,STARLINK-200,3,43,200
VCG,1.0,0.6677540399071951,1.4066696166992188e-05,99.88140682331043,66.69621291787962,137,STARLINK-200,3,43,200
HoldBack,0.8242512534234541,0.5249681230615297,1.3828277587890625e-05,82.32737476781156,52.43455466877835,137,STARLINK-200,3,43,200
LIA,0.9709889794747698,0.6639150804436064,0.0001049041748046875,96.93380940348243,66.27862852020192,27,STARLINK-200,3,44,200
VCG,1.0,0.68268845242534,1.3113021850585938e-05,99.82997897248653,68.15277385038107,27,STARLINK-200,3,44,200
HoldBack,0.8821380403473525,0.6055041019679199,1.4066696166992188e-05,88.06382201870667,60.447461767211784,27,STARLINK-200,3,44,200
LIA,0.9622770562518148,0.6703159549305588,0.00010204315185546875,95.94871439211958,66.83725200996841,3,STARLINK-200,3,45,200
VCG,1.0,0.6895390634601946,1.3113021850585938e-05,99.71007182261145,68.75398954211224,92,STARLINK-200,3,45,200
HoldBack,0.9165383371170828,0.7329220429979011,1.4066696166992188e-05,91.38810342212119,73.07970954769584,92,STARLINK-200,3,45,200
LIA,0.9794910555134148,0.7185916451197303,0.0001010894775390625,97.94368086444653,71.85518475671324,38,STARLINK-200,3,46,200
VCG,1.0,0.6521043214594,1.2636184692382812e-05,99.99446172901283,65.20682061549586,38,STARLINK-200,3,46,200
HoldBack,0.8567306152849985,0.7227940837174409,1.4066696166992188e-05,85.66831672218939,72.27540534224053,38,STARLINK-200,3,46,200
LIA,0.90129813066962,0.6727372500570589,0.00010085105895996094,89.89212678173371,67.0963137668942,146,STARLINK-200,3,47,200
VCG,1.0,0.5557382867173062,1.4066696166992188e-05,99.7362845021639,55.427271872782384,146,STARLINK-200,3,47,200
HoldBack,0.8614688870495647,0.6986142568043588,1.4066696166992188e-05,85.91970600853789,69.67719027390733,146,STARLINK-200,3,47,200
LIA,0.8515216087387675,0.7333160174298727,0.00010180473327636719,84.35924725281592,72.64875793398113,54,STARLINK-200,3,48,200
VCG,1.0,0.7350558746129228,1.4066696166992188e-05,99.06882736395234,72.82112354488665,59,STARLINK-200,3,48,200
HoldBack,0.815664429253312,0.7337420531810644,1.3828277587890625e-05,80.80691852861308,72.69096479626681,59,STARLINK-200,3,48,200
LIA,0.8875631158925007,0.8047703470133101,0.0001010894775390625,88.42292327056906,80.17474517610067,148,STARLINK-200,3,49,200
VCG,1.0,0.6618288920107664,1.2874603271484375e-05,99.6243779031469,65.93429164490159,146,STARLINK-200,3,49,200
HoldBack,0.9127390189961537,0.5453803782250761,1.4066696166992188e-05,90.93105695542039,54.33318090125617,146,STARLINK-200,3,49,200
LIA,0.9406634223659247,0.7325784101362631,0.00010013580322265625,94.01854722991405,73.22061878389735,78,STARLINK-200,3,50,200
VCG,1.0,0.6393850749141038,1.3113021850585938e-05,99.94919010823423,63.906020404957346,78,STARLINK-200,3,50,200
HoldBack,0.8708163923855462,0.553929035282857,1.4066696166992188e-05,87.03739315190965,55.36475845395706,78,STARLINK-200,3,50,200
LIA,0.9174476286862616,0.8440778136270274,0.00010013580322265625,91.54702529593219,84.22585719306872,195,STARLINK-200,3,51,200
VCG,1.0,0.5550790621716495,1.3113021850585938e-05,99.78446990704295,55.38826997529658,195,STARLINK-200,3,51,200
HoldBack,0.8781549954183575,0.5404602025485403,1.3828277587890625e-05,87.62623071404253,53.92953481715916,195,STARLINK-200,3,51,200
LIA,0.9651548726981691,0.7619618790530541,0.00010132789611816406,96.03124991092601,75.81389650490382,134,STARLINK-200,3,52,200
VCG,1.0,0.6363000847974362,1.3113021850585938e-05,99.49828014903227,63.310764096028294,134,STARLINK-200,3,52,200
HoldBack,0.9204029722870394,0.6191397049261633,1.4066696166992188e-05,91.57851278661782,61.60333581213257,134,STARLINK-200,3,52,200
LIA,0.9657057647605782,0.7051035832886574,0.00010013580322265625,95.97970099962873,70.0789345651163,29,STARLINK-200,3,53,200
VCG,1.0,0.6702234657084588,1.3589859008789062e-05,99.38814129728678,66.61226451058954,29,STARLINK-200,3,53,200
HoldBack,0.8079102828534795,0.5016450098979903,1.430511474609375e-05,80.29670134777255,49.85756512482029,29,STARLINK-200,3,53,200
LIA,0.944261514989832,0.8120658474660887,0.00010180473327636719,93.35849850798517,80.28840210634331,49,STARLINK-200,3,54,200
VCG,1.0,0.7795947987704642,1.3113021850585938e-05,98.86932489141049,77.0780114432908,126,STARLINK-200,3,54,200
HoldBack,0.9228561612054129,0.5528651693062696,1.3828277587890625e-05,91.24216563025786,54.661406045286235,126,STARLINK-200,3,54,200
LIA,0.9201015518793606,0.7231566639164416,9.989738464355469e-05,91.97698166436845,72.28959355806998,184,STARLINK-200,3,55,200
VCG,1.0,0.6581977648436566,1.3113021850585938e-05,99.96394580196083,65.79604569180304,184,STARLINK-200,3,55,200
HoldBack,0.8911621498082389,0.7092980218236887,1.3828277587890625e-05,89.0840848441897,70.90422901102126,184,STARLINK-200,3,55,200
LIA,0.9565631958480393,0.7252952290364248,9.989738464355469e-05,95.58470814226017,72.47522493582724,53,STARLINK-200,3,56,200
VCG,1.0,0.7523425201874607,1.4066696166992188e-05,99.9251367365433,75.1779292024476,53,STARLINK-200,3,56,200
HoldBack,0.9087055440134166,0.611751634391857,1.52587890625e-05,90.80252573879562,61.12936571541015,53,STARLINK-200,3,56,200
LIA,0.9699103221951667,0.8031553517999112,9.918212890625e-05,96.7891299420457,80.14834560485144,83,STARLINK-200,3,57,200
VCG,1.0,0.782000439031292,1.3113021850585938e-05,99.79183407697528,78.03725805993251,83,STARLINK-200,3,57,200
HoldBack,0.920956976077639,0.638458702700254,1.3113021850585938e-05,91.90398574877264,63.71296492486463,83,STARLINK-200,3,57,200
LIA,0.9147823176107422,0.8423964166866907,0.00010013580322265625,91.11022131087034,83.90075155395337,25,STARLINK-200,3,58,200
VCG,1.0,0.6308257885200255,1.2874603271484375e-05,99.59770707946666,62.82880210319108,25,STARLINK-200,3,58,200
HoldBack,0.8121061406966698,0.7158671815545476,1.3113021850585938e-05,80.88390951854305,71.29872985627321,25,STARLINK-200,3,58,200
LIA,0.9318019567853508,0.8434405283428082,9.918212890625e-05,92.83564587546464,84.0321761894359,14,STARLINK-200,3,59,200
VCG,1.0,0.7149063669998975,1.3113021850585938e-05,99.63023279725756,71.22628777244144,14,STARLINK-200,3,59,200
HoldBack,0.911657126566253,0.719552652990424,1.2874603271484375e-05,90.82861175107469,71.68919832732024,14,STARLINK-200,3,59,200
LIA,0.8594002016270348,0.7912255201585934,9.989738464355469e-05,85.91365833084697,79.09828142099154,48,STARLINK-200,3,60,200
VCG,1.0,0.6536946901522329,1.3113021850585938e-05,99.96932531339114,65.34941713546499,48,STARLINK-200,3,60,200
HoldBack,0.8270141914155634,0.6657480759109425,1.3113021850585938e-05,82.67605074041359,66.55438597750523,48,STARLINK-200,3,60,200
LIA,0.9700542783443045,0.8277404155120205,0.00010085105895996094,96.81085111455216,82.60801062019486,58,STARLINK-200,3,61,200
VCG,1.0,0.66370734179074,1.3113021850585938e-05,99.79941666747722,66.23760554863777,58,STARLINK-200,3,61,200
HoldBack,0.881670410575804,0.5911914938955142,1.3828277587890625e-05,87.99019266844037,59.000566229546735,58,STARLINK-200,3,61,200
LIA,0.9448390529862677,0.7770160831460567,9.918212890625e-05,94.1601192818388,77.43533339535156,194,STARLINK-200,3,62,200
VCG,1.0,0.6486056574879967,1.3113021850585938e-05,99.65731092955504,64.63829567894976,194,STARLINK-200,3,62,200
HoldBack,0.8338685852138256,0.739169769998088,1.3828277587890625e-05,83.10110087104238,73.66367159842714,194,STARLINK-200,3,62,200
LIA,0.8512729922158814,0.8060876472334679,9.894371032714844e-05,84.37879676552238,79.89999257942154,72,STARLINK-200,3,63,200
VCG,1.0,0.7784913507319189,1.3113021850585938e-05,99.1207257097193,77.16462764328742,65,STARLINK-200,3,63,200
HoldBack,0.8813081440278138,0.5120262636894063,1.4066696166992188e-05,87.35590280992271,50.752414839330044,65,STARLINK-200,3,63,200
LIA,0.9550827750497358,0.720765315496074,0.00010204315185546875,95.07220892800204,71.74744687373473,183,STARLINK-200,3,64,200
VCG,1.0,0.6277655291244082,1.3113021850585938e-05,99.54342326302678,62.48992977556893,183,STARLINK-200,3,64,200
HoldBack,0.8213200550723807,0.661502416331997,1.3828277587890625e-05,81.75700987648246,65.84821501845094,183,STARLINK-200,3,64,200
LIA,0.8803462558868098,0.6617540399791102,0.00010013580322265625,87.66778522867806,65.89965103294296,27,STARLINK-200,3,65,200
VCG,1.0,0.601917692232915,1.3113021850585938e-05,99.5832999146076,59.94095006953884,27,STARLINK-200,3,65,200
HoldBack,0.8307890289508449,0.649170355525121,1.2874603271484375e-05,82.7327130357776,64.64652620993057,27,STARLINK-200,3,65,200
LIA,0.8550398446286603,0.6802197430950293,0.0001049041748046875,85.26456665253538,67.83150748803426,79,STARLINK-200,3,66,200
VCG,1.0,0.5692611026309446,1.3113021850585938e-05,99.71999221809993,56.766712724424785,79,STARLINK-200,3,66,200
HoldBack,0.9079254708531473,0.5731444736813702,1.3828277587890625e-05,90.53832088809057,57.15396245535322,79,STARLINK-200,3,66,200
LIA,0.9278098544853901,0.7590543465441234,9.918212890625e-05,90.86231055267625,74.33573962232249,15,STARLINK-200,3,67,200
VCG,1.0,0.7444334467241303,1.4066696166992188e-05,97.9320386751799,72.903885095685,17,STARLINK-200,3,67,200
HoldBack,0.8738179938462841,0.5977659099937872,1.4066696166992188e-05,85.5747775684224,58.54043421621567,17,STARLINK-200,3,67,200
LIA,0.9751519704368121,0.6575295186797003,0.0001010894775390625,97.32108982273539,65.62206844525225,168,STARLINK-200,3,68,200
VCG,1.0,0.7791163219773145,1.2874603271484375e-05,99.80094669668885,77.75654652017823,168,STARLINK-200,3,68,200
HoldBack,0.9334734675878272,0.5672065678997165,1.3828277587890625e-05,93.16153578150606,56.60775244897143,168,STARLINK-200,3,68,200
LIA,0.8560655425395491,0.6508106739091843,0.00010013580322265625,85.58933920817401,65.06797991690003,72,STARLINK-200,3,69,200
VCG,1.0,0.6602515440045236,1.2636184692382812e-05,99.97989050496084,66.0118770753036,72,STARLINK-200,3,69,200
HoldBack,0.9044274838643732,0.5619172631681875,1.4066696166992188e-05,90.42456080643727,56.18042644440264,72,STARLINK-200,3,69,200
LIA,0.9666683031313662,0.7812478478777453,9.918212890625e-05,96.58226317578483,78.05643880617644,174,STARLINK-200,3,70,200
VCG,1.0,0.6210721738048722,1.2874603271484375e-05,99.91251690256333,62.05288406299105,174,STARLINK-200,3,70,200
HoldBack,0.9079611460494978,0.5824106444214084,1.3113021850585938e-05,90.71668335154122,58.19011335498677,174,STARLINK-200,3,70,200
LIA,0.8622401216289496,0.8030199445937471,9.894371032714844e-05,86.03640235860979,80.12727002836854,24,STARLINK-200,3,71,200
VCG,1.0,0.7034202675659036,1.2874603271484375e-05,99.7824158264281,70.1889736389983,24,STARLINK-200,3,71,200
HoldBack,0.8012865877495651,0.5928291034200371,1.4066696166992188e-05,79.95431149496677,59.1539201114667,24,STARLINK-200,3,71,200
LIA,0.9795571667325998,0.8142034337790236,0.00010013580322265625,97.41265622572513,80.96895401937485,45,STARLINK-200,3,72,200
VCG,1.0,0.6373579524237738,1.2636184692382812e-05,99.44560617187226,63.3824479272455,59,STARLINK-200,3,72,200
HoldBack,0.8465994934263644,0.6309299253908636,1.4066696166992188e-05,84.19059980858479,62.743208882468565,59,STARLINK-200,3,72,200
LIA,0.8856375338374716,0.8257563204229627,0.00010013580322265625,88.39815003464804,82.42122574516331,65,STARLINK-200,3,73,200
VCG,1.0,0.6878003149339721,1.3113021850585938e-05,99.81301227333765,68.65142127611006,65,STARLINK-200,3,73,200
HoldBack,0.9452297147091505,0.538484151973067,1.3113021850585938e-05,94.34622511538788,53.74772526988555,65,STARLINK-200,3,73,200
LIA,0.8539103340793777,0.8383980801398587,9.918212890625e-05,85.06898381880522,83.52360882249857,41,STARLINK-200,3,74,200
VCG,1.0,0.5502077753328782,1.3113021850585938e-05,99.62285315415494,54.8132684062616,41,STARLINK-200,3,74,200
HoldBack,0.823085295106437,0.7495404866098883,1.3828277587890625e-05,81.99810548773286,74.67136183063073,41,STARLINK-200,3,74,200
LIA,0.8677584134855244,0.7516243261021425,9.870529174804688e-05,86.66441539415794,75.06591904540115,147,STARLINK-200,3,75,200
VCG,1.0,0.5924435129578827,1.3113021850585938e-05,99.87159334595566,59.16827760657907,147,STARLINK-200,3,75,200
HoldBack,0.8271021130080658,0.5815020637270552,1.4066696166992188e-05,82.6040058859222,58.07553763838244,147,STARLINK-200,3,75,200
LIA,0.9090260658763513,0.7011487864698664,9.894371032714844e-05,90.13798028126966,69.525108092614,105,STARLINK-200,3,76,200
VCG,1.0,0.6980174406700891,1.2874603271484375e-05,99.1588510659171,69.21460744081799,105,STARLINK-200,3,76,200
HoldBack,0.9329837530867787,0.7155420690951881,1.3113021850585938e-05,92.51359701925227,70.95232946080793,105,STARLINK-200,3,76,200
LIA,0.9489306397763382,0.8451312545273608,0.00010704994201660156,94.64891958179359,84.2956869478619,36,STARLINK-200,3,77,200
VCG,1.0,0.7880399397202524,1.4066696166992188e-05,99.74271628967765,78.60124413245181,36,STARLINK-200,3,77,200
HoldBack,0.8521888023425311,0.5482014880973234,1.3828277587890625e-05,84.99962593729127,54.67910549687042,36,STARLINK-200,3,77,200
LIA,0.9762235213769028,0.8155580032709308,9.584426879882812e-05,97.07409920674435,81.09777810589209,130,STARLINK-200,3,78,200
VCG,1.0,0.7203413871044859,1.3113021850585938e-05,99.43839405736439,71.62959070672433,130,STARLINK-200,3,78,200
HoldBack,0.8562931949108236,0.6972581707486012,1.2874603271484375e-05,85.14842014418201,69.33423274261646,130,STARLINK-200,3,78,200
LIA,0.883738390936944,0.7709240343058221,9.894371032714844e-05,87.01054931978645,75.90314554249305,112,STARLINK-200,3,79,200
VCG,1.0,0.7239117344521974,1.1920928955078125e-05,98.45736047241019,71.27443858916767,138,STARLINK-200,3,79,200
HoldBack,0.8781193697952011,0.6815974140835144,1.2874603271484375e-05,86.45731532973178,67.1082822954832,138,STARLINK-200,3,79,200
LIA,0.9202178462617732,0.7268025489797717,9.608268737792969e-05,91.9610324754062,72.63227189241407,53,STARLINK-200,3,80,200
VCG,1.0,0.7851349857761121,1.2159347534179688e-05,99.93398068618436,78.46166450459761,53,STARLINK-200,3,80,200
HoldBack,0.8739058467884776,0.703754188126747,1.5020370483398438e-05,87.3328900145033,70.32895744407968,53,STARLINK-200,3,80,200
LIA,0.9385453635498875,0.672415233700655,9.608268737792969e-05,93.32594573505665,66.86281776984896,126,STARLINK-200,3,81,200
VCG,1.0,0.6327446539647941,1.4066696166992188e-05,99.4367980062969,62.918102345861456,126,STARLINK-200,3,81,200
HoldBack,0.8049723953067914,0.6896530008022803,1.3828277587890625e-05,80.0438774727664,68.57688613521286,126,STARLINK-200,3,81,200
LIA,0.9745236728940193,0.788265701097281,9.989738464355469e-05,97.36221849227698,78.75365119893577,20,STARLINK-200,3,82,200
VCG,1.0,0.7534806131570517,1.2159347534179688e-05,99.90749450256325,75.27836021677614,20,STARLINK-200,3,82,200
HoldBack,0.8024922881945107,0.5573661875277238,1.3113021850585938e-05,80.17499387114248,55.685059316340705,20,STARLINK-200,3,82,200
LIA,0.9753629677255208,0.7312929960364624,9.799003601074219e-05,96.80821099341465,72.5834063839779,72,STARLINK-200,3,83,200
VCG,1.0,0.6725616209667507,1.2159347534179688e-05,99.25352324905745,66.75411048304716,72,STARLINK-200,3,83,200
HoldBack,0.9073487721985791,0.7286853021471733,1.3113021850585938e-05,90.05756245641541,72.32458357791091,72,STARLINK-200,3,83,200
LIA,0.890456589972506,0.7160123778730006,9.608268737792969e-05,88.89511508415929,71.4801860634983,116,STARLINK-200,3,84,200
VCG,1.0,0.6901422559358387,1.1920928955078125e-05,99.83093626934026,68.89754756910942,116,STARLINK-200,3,84,200
HoldBack,0.9195101092815456,0.742846535200691,1.3113021850585938e-05,91.79555511870008,74.15906511352041,116,STARLINK-200,3,84,200
LIA,0.9731390451157126,0.8345327662448874,9.489059448242188e-05,96.979544797834,83.16654048105013,72,STARLINK-200,3,85,200
VCG,1.0,0.6417303610410611,1.3113021850585938e-05,99.6564111619861,63.95254471503777,116,STARLINK-200,3,85,200
HoldBack,0.8716895948393258,0.6998115709036925,1.3589859008789062e-05,86.86945666893293,69.74070964589377,116,STARLINK-200,3,85,200
LIA,0.9793249231123872,0.7867061502139979,9.512901306152344e-05,97.62379595704431,78.4226346885583,78,STARLINK-200,3,86,200
VCG,1.0,0.7679931253184152,1.2159347534179688e-05,99.68478658419788,76.55723079549736,78,STARLINK-200,3,86,200
HoldBack,0.8658810785095679,0.5465352617025186,1.2874603271484375e-05,86.31517051852136,54.481250923554306,78,STARLINK-200,3,86,200
LIA,0.9312305548431755,0.7568711913746012,9.989738464355469e-05,93.06192703985884,75.6374361042481,129,STARLINK-200,3,87,200
VCG,1.0,0.6093549091524861,1.1920928955078125e-05,99.93435734669488,60.89549124220734,129,STARLINK-200,3,87,200
HoldBack,0.8953449117663826,0.5735184297461217,1.2636184692382812e-05,89.47571836100668,57.314195703164245,129,STARLINK-200,3,87,200
LIA,0.948241191135448,0.8074685397466647,0.00010228157043457031,94.75769570518455,80.69029155884331,35,STARLINK-200,3,88,200
VCG,1.0,0.6504507829834824,1.1920928955078125e-05,99.92995093549911,64.99951482949636,139,STARLINK-200,3,88,200
HoldBack,0.8168496604355162,0.5148334258780072,1.3113021850585938e-05,81.62774648900024,51.44727898794417,139,STARLINK-200,3,88,200
LIA,0.9225880976753635,0.7014018353382726,9.608268737792969e-05,91.47769063630109,69.54633412947581,59,STARLINK-200,3,89,200
VCG,1.0,0.6046749213502453,1.5020370483398438e-05,99.15333924944031,59.9555376122695,59,STARLINK-200,3,89,200
HoldBack,0.8139639015452299,0.5212643136666593,1.3113021850585938e-05,80.70723886671222,51.68509733161693,59,STARLINK-200,3,89,200
LIA,0.8508537510172846,0.8160620983308023,0.00010895729064941406,84.95242480991432,81.47869591663829,157,STARLINK-200,3,90,200
VCG,1.0,0.7940880614456575,1.430511474609375e-05,99.8437448366947,79.28472578484576,154,STARLINK-200,3,90,200
HoldBack,0.9025792005277676,0.6389703609991992,1.4066696166992188e-05,90.11688739240233,63.79719368181475,154,STARLINK-200,3,90,200
LIA,0.9696198681949049,0.6741412591484293,0.00010085105895996094,96.66676659742501,67.20887008340064,188,STARLINK-200,3,91,200
VCG,1.0,0.7418582562107322,1.3113021850585938e-05,99.69552993729896,73.95995199128946,188,STARLINK-200,3,91,200
HoldBack,0.8381208920176362,0.7077666282456588,1.4066696166992188e-05,83.55690648121995,70.56116907488622,188,STARLINK-200,3,91,200
LIA,0.8844798549151002,0.7712113024081569,9.989738464355469e-05,87.72708963846767,76.49255399158186,69,STARLINK-200,3,92,200
VCG,1.0,0.7692022679724598,1.2874603271484375e-05,99.18494938122527,76.2932880127721,130,STARLINK-200,3,92,200
HoldBack,0.9178854005285527,0.5742296202974212,1.3828277587890625e-05,91.04041698919018,56.954935822399925,130,STARLINK-200,3,92,200
LIA,0.8516785531073239,0.825898406526353,9.894371032714844e-05,84.74373357959688,82.17855700501963,21,STARLINK-200,3,93,200
VCG,1.0,0.7173636378962424,1.3113021850585938e-05,99.50201665923356,71.3791286486803,21,STARLINK-200,3,93,200
HoldBack,0.9352184883976995,0.6847522272937138,1.4066696166992188e-05,93.05612561257112,68.1342275276264,21,STARLINK-200,3,93,200
LIA,0.9298299486220565,0.762076196770055,9.894371032714844e-05,92.49292069909602,75.80596144378629,181,STARLINK-200,3,94,200
VCG,1.0,0.5914121721767038,1.3113021850585938e-05,99.47294216126735,58.82950879640275,181,STARLINK-200,3,94,200
HoldBack,0.9369919664389533,0.6857145400527258,1.3113021850585938e-05,93.20534768315417,68.21004278180484,181,STARLINK-200,3,94,200
LIA,0.9587841009179974,0.8354367585929151,9.894371032714844e-05,95.76360047990869,83.44363647615852,52,STARLINK-200,3,95,200
VCG,1.0,0.5703636931121474,1.2636184692382812e-05,99.88025498985526,56.96807110499684,52,STARLINK-200,3,95,200
HoldBack,0.8990640832119761,0.671287796482668,1.4066696166992188e-05,89.79874988343262,67.04839628426694,52,STARLINK-200,3,95,200
LIA,0.9045944612031193,0.7307275801463858,9.799003601074219e-05,90.44002183273275,73.05706715727923,0,STARLINK-200,3,96,200
VCG,1.0,0.6513619277840474,1.3113021850585938e-05,99.9785270765937,65.12220613361966,0,STARLINK-200,3,96,200
HoldBack,0.8519023766888293,0.5744044037158629,1.2636184692382812e-05,85.17194483439864,57.42810622982106,0,STARLINK-200,3,96,200
LIA,0.9150671280226351,0.6778245766752325,9.918212890625e-05,91.04425431157487,67.43989730109608,42,STARLINK-200,3,97,200
VCG,1.0,0.5830002476060195,1.2874603271484375e-05,99.49461796132054,58.00538690691619,42,STARLINK-200,3,97,200
HoldBack,0.8465327730434831,0.518139970454715,1.2874603271484375e-05,84.22545484569862,51.55213841088179,42,STARLINK-200,3,97,200
LIA,0.8954609013554724,0.8155545300077323,0.0001010894775390625,89.29983787787896,81.33117504071713,26,STARLINK-200,3,98,200
VCG,1.0,0.6285189852084723,1.2874603271484375e-05,99.72499943068924,62.67905544209228,26,STARLINK-200,3,98,200
HoldBack,0.9288309106645447,0.7094545745266465,1.2874603271484375e-05,92.62766203722829,70.7503570407697,26,STARLINK-200,3,98,200
LIA,0.9138486198104633,0.6675144943332804,0.00010204315185546875,91.22956743135315,66.63801558819878,42,STARLINK-200,3,99,200
VCG,1.0,0.738518143136506,1.2874603271484375e-05,99.83006534525883,73.72631448797661,190,STARLINK-200,3,99,200
HoldBack,0.9207928245507088,0.5680367605641331,1.4066696166992188e-05,91.9228078443427,56.70714692562655,190,STARLINK-200,3,99,200
LIA,0.8826547737096622,0.6831843932341308,9.965896606445312e-05,87.98966520010049,68.10495770385809,23,STARLINK-200,4,0,200
VCG,1.0,0.587459872673727,1.3113021850585938e-05,99.68751976527977,58.5624176684709,23,STARLINK-200,4,0,200
HoldBack,0.8987099486128333,0.6877251506398677,1.3113021850585938e-05,89.59016576559539,68.55761454749182,23,STARLINK-200,4,0,200
LIA,0.8948216672017363,0.7870233677075819,9.965896606445312e-05,88.91053671602637,78.19957047951095,29,STARLINK-200,4,1,200
VCG,1.0,0.578774437065471,1.3113021850585938e-05,99.36117997015556,57.50771100338774,29,STARLINK-200,4,1,200
HoldBack,0.8768341494181218,0.7230783695440843,1.3828277587890625e-05,87.12327572431226,71.84592000879641,29,STARLINK-200,4,1,200
LIA,0.9574033049080041,0.7281829953131387,0.00010085105895996094,95.39961340223321,72.55915650471749,67,STARLINK-200,4,2,200
VCG,1.0,0.6873685536393291,1.6927719116210938e-05,99.64412375973579,68.4922372273879,67,STARLINK-200,4,2,200
HoldBack,0.9052641329566896,0.5324149189014936,1.4066696166992188e-05,90.20425129958629,53.052018070550126,67,STARLINK-200,4,2,200
LIA,0.9194745817345195,0.7370658471286344,0.00010013580322265625,91.16718342624661,73.08110372734552,73,STARLINK-200,4,3,200
VCG,1.0,0.7495583518825437,1.3113021850585938e-05,99.15139062818527,74.31975294612484,73,STARLINK-200,4,3,200
HoldBack,0.8936012182702047,0.5814810007254574,1.3113021850585938e-05,88.60180345853131,57.654649845797906,73,STARLINK-200,4,3,200
LIA,0.9004169553703666,0.8037423124997085,9.799003601074219e-05,89.89691823715621,80.2449981862115,81,STARLINK-200,4,4,200
VCG,1.0,0.6965884064852985,1.2636184692382812e-05,99.83921082447753,69.54683677297257,158,STARLINK-200,4,4,200
HoldBack,0.9445538263545544,0.609969750352831,1.2874603271484375e-05,94.3035086044793,60.89889850203022,158,STARLINK-200,4,4,200
LIA,0.9624830309268011,0.7845572613197151,9.775161743164062e-05,95.57597546886514,77.90768580055712,61,STARLINK-200,4,5,200
VCG,1.0,0.5552008018626591,1.3113021850585938e-05,99.30146547813153,55.132253259595785,180,STARLINK-200,4,5,200
HoldBack,0.9170159035182848,0.7085014567364736,1.4066696166992188e-05,91.06102308611855,70.35523294732283,180,STARLINK-200,4,5,200
LIA,0.8691911720738604,0.766044675292556,9.918212890625e-05,86.74567585019146,76.45160837418916,123,STARLINK-200,4,6,200
VCG,1.0,0.7401001470794979,1.3113021850585938e-05,99.80045660521291,73.86233261211912,123,STARLINK-200,4,6,200
HoldBack,0.8880543942440785,0.50040343395838,1.4066696166992188e-05,88.6282340358248,49.94049119586283,123,STARLINK-200,4,6,200
LIA,0.9655926355388429,0.7145268517853951,9.870529174804688e-05,95.26192101306056,70.49266741611659,193,STARLINK-200,4,7,200
VCG,1.0,0.7783511222306685,1.5974044799804688e-05,98.6564287121973,76.7893420034087,88,STARLINK-200,4,7,200
HoldBack,0.8520960000157433,0.5019779402357741,1.3828277587890625e-05,84.06474828150164,49.52335087596629,88,STARLINK-200,4,7,200
LIA,0.9518424404860613,0.8019768772515775,9.775161743164062e-05,95.11657728940509,80.14067495294928,96,STARLINK-200,4,8,200
VCG,1.0,0.5663257145705964,1.3113021850585938e-05,99.92890970572137,56.59231119535326,96,STARLINK-200,4,8,200
HoldBack,0.817399127465088,0.6681935873405573,1.3113021850585938e-05,81.68180360199422,66.7718566552966,96,STARLINK-200,4,8,200
LIA,0.9190753553487145,0.8182007771346378,9.894371032714844e-05,91.35871144301025,81.33149068318629,10,STARLINK-200,4,9,200
VCG,1.0,0.740596086626766,1.3113021850585938e-05,99.40285191125272,73.61736312501371,97,STARLINK-200,4,9,200
HoldBack,0.8119017934486308,0.7227667141602896,1.3828277587890625e-05,80.70535374065474,71.845072654058,97,STARLINK-200,4,9,200
LIA,0.9335540594896173,0.7434582314330687,9.918212890625e-05,92.57298200681427,73.72272101617577,156,STARLINK-200,4,10,200
VCG,1.0,0.7548791489147766,1.2159347534179688e-05,99.16188684073076,74.85524074311422,156,STARLINK-200,4,10,200
HoldBack,0.8192247505895704,0.6299956273643197,1.3113021850585938e-05,81.23587201508886,62.47155511085585,156,STARLINK-200,4,10,200
LIA,0.8572035674392934,0.6693214163338687,9.894371032714844e-05,85.66198167903416,66.88656123381978,87,STARLINK-200,4,11,200
VCG,1.0,0.5563254500773065,1.3113021850585938e-05,99.93190058101419,55.594659567813366,132,STARLINK-200,4,11,200
HoldBack,0.8743709346967754,0.701359415688445,1.2874603271484375e-05,87.37754931704661,70.08817940013589,132,STARLINK-200,4,11,200
LIA,0.9278779897443378,0.7641742198705365,9.989738464355469e-05,92.41248413881043,76.10832324251145,102,STARLINK-200,4,12,200
VCG,1.0,0.5512200359208304,1.3113021850585938e-05,99.59551272929023,54.89904210419288,102,STARLINK-200,4,12,200
HoldBack,0.8573908921193921,0.5164770801877419,1.3113021850585938e-05,85.39228551005444,51.4387996142249,102,STARLINK-200,4,12,200
LIA,0.927436408084956,0.7391095650347256,9.918212890625e-05,92.52466224201746,73.73644410390462,117,STARLINK-200,4,13,200
VCG,1.0,0.5767078345627958,1.2874603271484375e-05,99.76388832207881,57.53461600179067,117,STARLINK-200,4,13,200
HoldBack,0.9230550252635927,0.7236931552089028,1.3113021850585938e-05,92.0875584555307,72.19844311571383,117,STARLINK-200,4,13,200
LIA,0.9354597002126728,0.7401282158127547,9.870529174804688e-05,93.37734727433488,73.87940861564569,80,STARLINK-200,4,14,200
VCG,1.0,0.7984226989018146,1.3113021850585938e-05,99.81974344069118,79.69834896160336,80,STARLINK-200,4,14,200
HoldBack,0.9425389235483241,0.5281742504643281,1.3113021850585938e-05,94.08399353145896,52.7222181733286,80,STARLINK-200,4,14,200
LIA,0.8805882133257982,0.7275149267330471,0.00011110305786132812,86.47393207236357,71.44210586051571,170,STARLINK-200,4,15,200
VCG,1.0,0.5662993359348429,1.3828277587890625e-05,98.20019251196827,55.610703808201364,170,STARLINK-200,4,15,200
HoldBack,0.8172299605559005,0.636413341631284,1.4066696166992188e-05,80.25213945313766,62.495912665377126,170,STARLINK-200,4,15,200
LIA,0.9106798179031731,0.7111471519702673,0.00010085105895996094,91.05825448740299,71.10711917521108,69,STARLINK-200,4,16,200
VCG,1.0,0.6663508567790368,1.3113021850585938e-05,99.98931863567954,66.62796814163717,69,STARLINK-200,4,16,200
HoldBack,0.8140500407967841,0.5763590146737463,1.4066696166992188e-05,81.39630891461758,57.62974516675951,69,STARLINK-200,4,16,200
LIA,0.9148968606599517,0.8291774729291114,0.00010085105895996094,91.24977533505746,82.70031450659246,154,STARLINK-200,4,17,200
VCG,1.0,0.6964400802347793,1.4066696166992188e-05,99.73777292145844,69.46138257585872,154,STARLINK-200,4,17,200
HoldBack,0.9408175667099186,0.6413114112893816,1.4066696166992188e-05,93.83504882903294,63.962971911120384,154,STARLINK-200,4,17,200
LIA,0.8695372408655744,0.769452528906828,0.0001010894775390625,86.70513930490007,76.72528049628183,115,STARLINK-200,4,18,200
VCG,1.0,0.567816224693319,1.3113021850585938e-05,99.71411830342089,56.61929420367143,115,STARLINK-200,4,18,200
HoldBack,0.8080934055736303,0.7014157007482261,1.4066696166992188e-05,80.57832144358325,69.94104816428549,115,STARLINK-200,4,18,200
LIA,0.8711324072246476,0.7740608858716136,0.00010180473327636719,85.85771007965752,76.2904635070354,183,STARLINK-200,4,19,200
VCG,1.0,0.7669382129107879,1.3113021850585938e-05,98.55873730285475,75.58846185379524,183,STARLINK-200,4,19,200
HoldBack,0.8531280347933292,0.5758036768935879,1.4066696166992188e-05,84.08322186689647,56.75048332897299,183,STARLINK-200,4,19,200
LIA,0.9524543539865571,0.6992415750385091,0.0001010894775390625,92.84972807893303,68.16535599009583,123,STARLINK-200,4,20,200
VCG,1.0,0.6759362487851022,1.2636184692382812e-05,97.48470117261232,65.89344322455221,123,STARLINK-200,4,20,200
HoldBack,0.8801719718767419,0.6904622876518074,1.7881393432617188e-05,85.80330165891311,67.30950978269473,123,STARLINK-200,4,20,200
LIA,0.8708703730627004,0.6854143842012639,0.0001010894775390625,86.12638416554813,67.78536093575488,153,STARLINK-200,4,21,200
VCG,1.0,0.7490767536257112,1.2874603271484375e-05,98.89690455613565,74.08137220854191,153,STARLINK-200,4,21,200
HoldBack,0.8182032113852836,0.5397955947625322,1.4066696166992188e-05,80.91776490389408,53.38411341505263,153,STARLINK-200,4,21,200
LIA,0.8952929826380505,0.7625606113444104,0.00010180473327636719,88.79252532692335,75.62851905373019,78,STARLINK-200,4,22,200
VCG,1.0,0.7514634424537457,1.2874603271484375e-05,99.17705940829478,74.52793447539685,48,STARLINK-200,4,22,200
HoldBack,0.9051224067108441,0.5483456548934051,1.430511474609375e-05,89.76737870214014,54.38330959164355,48,STARLINK-200,4,22,200
LIA,0.9141801906046649,0.7383416112713898,0.0001010894775390625,90.4006569880607,73.01248421977824,184,STARLINK-200,4,23,200
VCG,1.0,0.6388095537209635,1.3113021850585938e-05,98.8871317899233,63.170044527467006,184,STARLINK-200,4,23,200
HoldBack,0.8791928655638521,0.612711156352334,1.4066696166992188e-05,86.94086076577297,60.58924886736955,184,STARLINK-200,4,23,200
LIA,0.921414891097097,0.6729734635442873,0.0001010894775390625,90.91205803467581,66.39940722109282,27,STARLINK-200,4,24,200
VCG,1.0,0.7321478345443262,1.2874603271484375e-05,98.6657139070435,72.2378887808119,27,STARLINK-200,4,24,200
HoldBack,0.8152701947391949,0.5156988927866925,1.3113021850585938e-05,80.43921579107705,50.881799417870894,27,STARLINK-200,4,24,200
LIA,0.9334510038150462,0.6867238239188291,0.00010132789611816406,92.03911817026002,67.71159377586514,136,STARLINK-200,4,25,200
VCG,1.0,0.7376231897155194,1.2159347534179688e-05,98.60090973612219,72.73031754841047,136,STARLINK-200,4,25,200
HoldBack,0.890418720521694,0.5583327092114148,1.3828277587890625e-05,87.79609588951297,55.052113063679265,136,STARLINK-200,4,25,200
LIA,0.8694073232639802,0.7283555625938303,9.989738464355469e-05,86.56683661525354,72.52232100847709,9,STARLINK-200,4,26,200
VCG,1.0,0.6172558729252318,1.3113021850585938e-05,99.56994184297784,61.46013136940185,9,STARLINK-200,4,26,200
HoldBack,0.8605182037333776,0.6168283187135533,1.3113021850585938e-05,85.68174750055617,61.4175598214103,9,STARLINK-200,4,26,200
LIA,0.8812768947349442,0.6888026516585696,0.00015211105346679688,87.9825706338828,68.76684083562967,15,STARLINK-200,4,27,200
VCG,1.0,0.5833170438910642,1.8835067749023438e-05,99.83533116495099,58.235650251024644,15,STARLINK-200,4,27,200
HoldBack,0.8931877930082684,0.6539673773852022,1.52587890625e-05,89.17169910747218,65.28904969232613,15,STARLINK-200,4,27,200
LIA,0.8612720078471081,0.7880738935593214,0.00010323524475097656,86.04701681749908,78.73402009434481,163,STARLINK-200,4,28,200
VCG,1.0,0.7095461779100269,1.4066696166992188e-05,99.90690053028409,70.88855941810031,163,STARLINK-200,4,28,200
HoldBack,0.889897008219671,0.6217563638285344,1.5020370483398438e-05,88.90685188240008,62.11775119508851,163,STARLINK-200,4,28,200
LIA,0.9628166087304347,0.6978175526300262,0.0001010894775390625,96.04944280598384,69.61345130795796,100,STARLINK-200,4,29,200
VCG,1.0,0.5573165758616582,1.2874603271484375e-05,99.75881381256413,55.59724052603893,100,STARLINK-200,4,29,200
HoldBack,0.8657616990480509,0.6502930552211256,1.4066696166992188e-05,86.36736014138368,64.87246381940776,100,STARLINK-200,4,29,200
LIA,0.9186374218209474,0.6970386789656295,0.0001010894775390625,90.85392871621654,68.93764715752296,147,STARLINK-200,4,30,200
VCG,1.0,0.5866223630922662,1.3828277587890625e-05,98.90074860669564,58.01739085925396,147,STARLINK-200,4,30,200
HoldBack,0.9073593590765492,0.7020919189203825,1.5020370483398438e-05,89.73851986796227,69.43741637193729,147,STARLINK-200,4,30,200
LIA,0.8612275134141243,0.8271950617447368,0.00010013580322265625,85.8836455603374,82.48984894887505,90,STARLINK-200,4,31,200
VCG,1.0,0.6239186336781299,1.4066696166992188e-05,99.72236630001849,62.218642529057526,90,STARLINK-200,4,31,200
HoldBack,0.876226179836657,0.6033251765257375,1.4066696166992188e-05,87.37934806733698,60.16501425152291,90,STARLINK-200,4,31,200
LIA,0.9330327926695706,0.6972850971428244,9.989738464355469e-05,91.96701886529968,68.72987979334272,45,STARLINK-200,4,32,200
VCG,1.0,0.6454320892927892,1.4066696166992188e-05,98.56783125721219,63.61884126540156,45,STARLINK-200,4,32,200
HoldBack,0.8520201470516491,0.6741920143443616,1.430511474609375e-05,83.98177808233207,66.45364470485501,45,STARLINK-200,4,32,200
LIA,0.9570328308880541,0.7361584533788141,9.989738464355469e-05,95.27234667664905,73.28436508721617,114,STARLINK-200,4,33,200
VCG,1.0,0.7229824566205214,1.430511474609375e-05,99.54971616620875,71.97269834972124,114,STARLINK-200,4,33,200
HoldBack,0.8474451243808779,0.5363728672774484,1.4066696166992188e-05,84.36292159855387,53.395766696725545,114,STARLINK-200,4,33,200
LIA,0.8873277161533861,0.7732623526832351,0.0001010894775390625,88.291336277429,76.94154613742465,42,STARLINK-200,4,34,200
VCG,1.0,0.6789437567207787,1.4066696166992188e-05,99.50251149617723,67.55660895836704,42,STARLINK-200,4,34,200
HoldBack,0.8500565919457764,0.6900010563393351,1.3113021850585938e-05,84.58276581248586,68.65683804077912,42,STARLINK-200,4,34,200
LIA,0.8567439474804809,0.6530990741318912,0.00010013580322265625,85.634743903116,65.27968142771255,120,STARLINK-200,4,35,200
VCG,1.0,0.6945308594040824,1.2636184692382812e-05,99.95371914205091,69.42094245636291,120,STARLINK-200,4,35,200
HoldBack,0.9328806654001605,0.6192790015603468,1.4066696166992188e-05,93.24489202245721,61.899239392532614,120,STARLINK-200,4,35,200
LIA,0.9311140187743915,0.6713144550420624,9.965896606445312e-05,92.94258987883404,67.00973545305986,62,STARLINK-200,4,36,200
VCG,1.0,0.5782674817434674,1.3113021850585938e-05,99.81869889701875,57.72190764208846,62,STARLINK-200,4,36,200
HoldBack,0.8831962752093778,0.608239181287151,1.3113021850585938e-05,88.15950306209339,60.71364369427133,62,STARLINK-200,4,36,200
LIA,0.9402694873016638,0.7685410192903777,0.00010013580322265625,93.66030292543707,76.55441939728418,121,STARLINK-200,4,37,200
VCG,1.0,0.7836803195033192,1.3113021850585938e-05,99.61006306204672,78.06244604621054,121,STARLINK-200,4,37,200
HoldBack,0.896419714296766,0.630261475627004,1.4066696166992188e-05,89.29242427116277,62.78038533278448,121,STARLINK-200,4,37,200
LIA,0.9737638207451783,0.6808483511467701,0.00010180473327636719,97.22910529989976,67.98186029981463,66,STARLINK-200,4,38,200
VCG,1.0,0.6934455672681901,1.3113021850585938e-05,99.84875513807305,69.23967664774366,66,STARLINK-200,4,38,200
HoldBack,0.8996989739956163,0.6836648846128761,1.3828277587890625e-05,89.83382255246384,68.26308766021003,66,STARLINK-200,4,38,200
LIA,0.9276295053546785,0.7630247471698066,9.989738464355469e-05,92.29380493629216,75.91657743780777,178,STARLINK-200,4,39,200
VCG,1.0,0.6414119160128054,1.2874603271484375e-05,99.49425325901389,63.81679961512741,151,STARLINK-200,4,39,200
HoldBack,0.8801710020879704,0.6762681253706735,1.4066696166992188e-05,87.57195659298057,67.28479213662834,151,STARLINK-200,4,39,200
LIA,0.9477090220452645,0.6966504365601607,0.00010204315185546875,94.67742508663314,69.59632965891997,98,STARLINK-200,4,40,200
VCG,1.0,0.5573383122413963,1.3828277587890625e-05,99.90136517040686,55.67885825468597,98,STARLINK-200,4,40,200
HoldBack,0.9328843426680588,0.6242041239851239,1.4066696166992188e-05,93.1964193786367,62.35884413111179,98,STARLINK-200,4,40,200
LIA,0.9310267693038764,0.7047782638221464,9.989738464355469e-05,93.08370752558385,70.46346672616161,31,STARLINK-200,4,41,200
VCG,1.0,0.7100643061533926,1.2874603271484375e-05,99.97962528529875,70.99196325768185,31,STARLINK-200,4,41,200
HoldBack,0.9077165789822825,0.5273447787636137,1.2874603271484375e-05,90.7531634319019,52.72373337694487,31,STARLINK-200,4,41,200
LIA,0.9504068149627846,0.6549770525385009,0.00010013580322265625,93.31588500091169,64.30905413416268,109,STARLINK-200,4,42,200
VCG,1.0,0.7252240987027858,1.3113021850585938e-05,98.18520188595838,71.20627454369523,109,STARLINK-200,4,42,200
HoldBack,0.82525986235869,0.6954619621454431,1.4066696166992188e-05,81.0283061940662,68.28407315725508,109,STARLINK-200,4,42,200
LIA,0.9545782271130003,0.8278482796696985,9.989738464355469e-05,95.39664894133568,82.73177563580674,79,STARLINK-200,4,43,200
VCG,1.0,0.7322391465588933,1.3113021850585938e-05,99.93591539359811,73.17698939839005,79,STARLINK-200,4,43,200
HoldBack,0.9088647328634202,0.715982211990491,1.3828277587890625e-05,90.82822904766391,71.55233776080293,79,STARLINK-200,4,43,200
LIA,0.8921155830882485,0.6966811418484092,0.0001010894775390625,89.20783752834112,69.66520851023428,19,STARLINK-200,4,44,200
VCG,1.0,0.7729037600979293,1.2874603271484375e-05,99.99582926186443,77.28715243060556,19,STARLINK-200,4,44,200
HoldBack,0.8513313038751826,0.6903391246583862,1.4066696166992188e-05,85.12957970758319,69.03103324212493,19,STARLINK-200,4,44,200
LIA,0.9558844178612562,0.6586772027333647,0.00010085105895996094,95.094151764195,65.52711678310202,119,STARLINK-200,4,45,200
VCG,1.0,0.7525281017253955,1.2874603271484375e-05,99.48289770949863,74.8636761674707,119,STARLINK-200,4,45,200
HoldBack,0.9162814423526022,0.5696100409004621,1.3828277587890625e-05,91.1543330026758,56.666457433204,119,STARLINK-200,4,45,200
LIA,0.9668928365049941,0.6907369573827302,0.00010013580322265625,95.44286626096266,68.18326970265403,42,STARLINK-200,4,46,200
VCG,1.0,0.6538244130482863,1.3113021850585938e-05,98.71090430864898,64.53959907106797,42,STARLINK-200,4,46,200
HoldBack,0.8318191785224753,0.6846556317021963,1.4066696166992188e-05,82.10962333323107,67.58297654533312,42,STARLINK-200,4,46,200
LIA,0.870078897088124,0.7801960754711896,9.894371032714844e-05,86.77082040289866,77.80702850088812,27,STARLINK-200,4,47,200
VCG,1.0,0.5523193414773088,1.52587890625e-05,99.7275312541114,55.08144438942853,27,STARLINK-200,4,47,200
HoldBack,0.8864029478654641,0.6506432012258967,1.3828277587890625e-05,88.39877768698955,64.88704018553071,27,STARLINK-200,4,47,200
LIA,0.9020446594254495,0.779184600823811,0.00010180473327636719,90.05621931072862,77.79040490082407,152,STARLINK-200,4,48,200
VCG,1.0,0.5955910252601768,1.2874603271484375e-05,99.83565488663194,59.461220051450304,152,STARLINK-200,4,48,200
HoldBack,0.877227222874634,0.6002097379699647,1.4066696166992188e-05,87.57855428007052,59.92233225956518,152,STARLINK-200,4,48,200
LIA,0.9300455056803759,0.770825887046049,0.00011587142944335938,92.89781588609665,76.9941265214287,85,STARLINK-200,4,49,200
VCG,1.0,0.7870678372879212,1.4781951904296875e-05,99.88523714023772,78.61645757295804,85,STARLINK-200,4,49,200
HoldBack,0.8319145789480045,0.5931025789282975,1.4066696166992188e-05,83.09598499864244,59.24219174473956,85,STARLINK-200,4,49,200
LIA,0.9598028649511389,0.7172968514391096,0.00010180473327636719,94.4860025039814,70.61295040479371,113,STARLINK-200,4,50,200
VCG,1.0,0.7798593259114429,1.4066696166992188e-05,98.44313447511061,76.77179649236929,113,STARLINK-200,4,50,200
HoldBack,0.811792623909404,0.5834215013666805,1.3828277587890625e-05,79.91541044141636,57.43384131471105,113,STARLINK-200,4,50,200
LIA,0.9789400612708208,0.8254774898567225,0.00010275840759277344,97.73921448715427,82.41722310422804,30,STARLINK-200,4,51,200
VCG,1.0,0.7441644324213211,1.2874603271484375e-05,99.84187832733409,74.29877471733917,30,STARLINK-200,4,51,200
HoldBack,0.8721950720308221,0.5222701869039851,1.4066696166992188e-05,87.08159425940174,52.14443645486171,30,STARLINK-200,4,51,200
LIA,0.9650903178368401,0.7836266212799856,0.00010013580322265625,94.81978402870962,76.99103971476949,7,STARLINK-200,4,52,200
VCG,1.0,0.6917238198491504,1.2874603271484375e-05,98.24964801350336,67.96162182273504,7,STARLINK-200,4,52,200
HoldBack,0.8074295202193064,0.5592015801658311,1.3113021850585938e-05,79.32966615725874,54.94135841988779,7,STARLINK-200,4,52,200
LIA,0.969879701188463,0.7481850429964284,0.00010013580322265625,96.60347608231244,74.52189773400026,82,STARLINK-200,4,53,200
VCG,1.0,0.6073479108631437,1.2874603271484375e-05,99.60356522972621,60.494017256795075,82,STARLINK-200,4,53,200
HoldBack,0.9072857657478742,0.7153790685362577,1.4066696166992188e-05,90.36889695067049,71.25430571693192,82,STARLINK-200,4,53,200
LIA,0.9694063115447669,0.6535722379041272,0.00010013580322265625,96.68496649559073,65.18485507228996,17,STARLINK-200,4,54,200
VCG,1.0,0.5755504474211524,1.2874603271484375e-05,99.73626676880353,57.40325296290028,124,STARLINK-200,4,54,200
HoldBack,0.8523648292371825,0.6033196271266675,1.4066696166992188e-05,85.0116859931453,60.172847277960386,124,STARLINK-200,4,54,200
LIA,0.8867680740917925,0.8387345844485906,0.00010085105895996094,88.47112020077827,83.67891267770199,158,STARLINK-200,4,55,200
VCG,1.0,0.721665184847924,1.1920928955078125e-05,99.76804847354069,71.99912714357438,158,STARLINK-200,4,55,200
HoldBack,0.8089605466019757,0.7357301702957276,1.3828277587890625e-05,80.70841502656788,73.4023632935105,158,STARLINK-200,4,55,200
LIA,0.8872988487387863,0.8059569695562914,0.00010776519775390625,88.29398777968957,80.19976011702018,45,STARLINK-200,4,56,200
VCG,1.0,0.5936669087013061,1.3113021850585938e-05,99.50873700015654,59.075044283654215,45,STARLINK-200,4,56,200
HoldBack,0.893841899591847,0.7437271769625898,1.5020370483398438e-05,88.94507850620543,74.00735205223924,45,STARLINK-200,4,56,200
LIA,0.8946407635905503,0.848777285425646,0.00010013580322265625,88.79510852900412,84.24305513851708,10,STARLINK-200,4,57,200
VCG,1.0,0.599962378719968,1.3113021850585938e-05,99.25224977747932,59.547615869804915,58,STARLINK-200,4,57,200
HoldBack,0.870231316682102,0.6305525409806145,1.3113021850585938e-05,86.37241600751669,62.58375829523222,58,STARLINK-200,4,57,200
LIA,0.9511053789424635,0.7239442503311357,0.0001010894775390625,95.05766287994072,72.35417863829737,7,STARLINK-200,4,58,200
VCG,1.0,0.5713014285441237,1.2874603271484375e-05,99.9444067760773,57.09838236616796,7,STARLINK-200,4,58,200
HoldBack,0.8796361291325658,0.5421453970447683,1.3113021850585938e-05,87.91471110495922,54.184400094020255,7,STARLINK-200,4,58,200
LIA,0.9289839443946538,0.809925647558924,9.989738464355469e-05,91.47729137267956,79.75358982143916,1,STARLINK-200,4,59,200
VCG,1.0,0.7931126066895143,1.2874603271484375e-05,98.47026089593847,78.09800530057431,1,STARLINK-200,4,59,200
HoldBack,0.9161769719960303,0.6820315994140849,1.430511474609375e-05,90.21618545930002,67.15982953357913,1,STARLINK-200,4,59,200
LIA,0.9748247593809053,0.7888583847025463,0.000102996826171875,97.00534823270752,78.4997319548597,123,STARLINK-200,4,60,200
VCG,1.0,0.6886330278276442,1.3113021850585938e-05,99.51055028014879,68.52625154021389,123,STARLINK-200,4,60,200
HoldBack,0.8600317908812363,0.5756928460874473,1.4781951904296875e-05,85.58223676901368,57.287511906506886,123,STARLINK-200,4,60,200
LIA,0.8563360277756881,0.7249115753660975,0.00015497207641601562,85.42259629471029,72.31253485002405,188,STARLINK-200,4,61,200
VCG,1.0,0.6024418845508248,2.09808349609375e-05,99.7535938276396,60.09574305624073,188,STARLINK-200,4,61,200
HoldBack,0.8826404309610634,0.6461895331690329,1.3828277587890625e-05,88.0465550459427,64.45972822741577,188,STARLINK-200,4,61,200
LIA,0.9024719779240606,0.8014849287746958,0.00011277198791503906,90.14478666247408,80.05754160231965,171,STARLINK-200,4,62,200
VCG,1.0,0.6466608407548442,1.5974044799804688e-05,99.88652154035013,64.59270199935968,24,STARLINK-200,4,62,200
HoldBack,0.8168168566519816,0.7060775542438431,1.52587890625e-05,81.58899454648925,70.52763083113537,24,STARLINK-200,4,62,200
LIA,0.8580737028253889,0.818069854741382,0.00010228157043457031,85.71975716528605,81.72345692656886,181,STARLINK-200,4,63,200
VCG,1.0,0.7559312166138392,1.4066696166992188e-05,99.8978955805727,75.51593774338458,199,STARLINK-200,4,63,200
HoldBack,0.8571064980315896,0.6079133524839526,1.4066696166992188e-05,85.62313544179007,60.72926460847778,199,STARLINK-200,4,63,200
LIA,0.974788826645104,0.7871126737679988,9.989738464355469e-05,97.2433659293625,78.52109469318657,39,STARLINK-200,4,64,200
VCG,1.0,0.5683228374054097,1.3828277587890625e-05,99.75839204480988,56.6949724219076,30,STARLINK-200,4,64,200
HoldBack,0.8290659700441787,0.660755102338758,1.5020370483398438e-05,82.70628807067779,65.9158665447183,30,STARLINK-200,4,64,200
LIA,0.8979538024223872,0.7735810777386455,0.0001010894775390625,89.69887941666963,77.27497297066529,68,STARLINK-200,4,65,200
VCG,1.0,0.7535129444133356,1.3113021850585938e-05,99.89253252749889,75.27031630970059,68,STARLINK-200,4,65,200
HoldBack,0.9486815783066118,0.7304456692406467,1.4066696166992188e-05,94.76620541923221,72.966067774192,68,STARLINK-200,4,65,200
LIA,0.8522672562136792,0.7620479494004969,9.989738464355469e-05,85.17015295361936,76.15421094173745,93,STARLINK-200,4,66,200
VCG,1.0,0.6005193054376846,1.2874603271484375e-05,99.93362097706313,60.01206865901878,163,STARLINK-200,4,66,200
HoldBack,0.8738283830987188,0.6868642899816896,1.3828277587890625e-05,87.32483443558728,68.64083561770974,163,STARLINK-200,4,66,200
LIA,0.9338033692395554,0.8412867692610552,9.822845458984375e-05,92.84590131896914,83.64719054652302,98,STARLINK-200,4,67,200
VCG,1.0,0.742091512251679,1.2874603271484375e-05,99.42767864992646,73.7844364089979,98,STARLINK-200,4,67,200
HoldBack,0.9090757489482122,0.582668396938647,1.4066696166992188e-05,90.38729143486407,57.933366130283595,98,STARLINK-200,4,67,200
LIA,0.9386378244207676,0.7610506967662666,9.989738464355469e-05,93.787188394336,76.04296696577838,26,STARLINK-200,4,68,200
VCG,1.0,0.5998365914066768,1.4066696166992188e-05,99.9183987202007,59.93471170713844,26,STARLINK-200,4,68,200
HoldBack,0.8282249162235973,0.5406206887199838,1.4066696166992188e-05,82.75490740923422,54.01795353191285,26,STARLINK-200,4,68,200
LIA,0.8878990346332195,0.6740667698915653,9.989738464355469e-05,88.51320530130684,67.19661590222056,157,STARLINK-200,4,69,200
VCG,1.0,0.7138945225132118,1.3113021850585938e-05,99.68836753817465,71.16697954378675,157,STARLINK-200,4,69,200
HoldBack,0.8071496548528588,0.5536953717104272,1.3828277587890625e-05,80.4634314512826,55.19698771925529,157,STARLINK-200,4,69,200
LIA,0.9554905374228465,0.7492943887763198,0.00010085105895996094,95.42153708210682,74.82944048496924,191,STARLINK-200,4,70,200
VCG,1.0,0.5506198551291475,1.3113021850585938e-05,99.86654325167703,54.98850157748714,191,STARLINK-200,4,70,200
HoldBack,0.9326877525097642,0.6033993836536038,1.4066696166992188e-05,93.1443017763258,60.25941064567788,191,STARLINK-200,4,70,200
LIA,0.9350682799516243,0.6642334234949658,9.894371032714844e-05,93.40089580095871,66.34809254632935,88,STARLINK-200,4,71,200
VCG,1.0,0.7807720152185964,1.3113021850585938e-05,99.88671180867219,77.98874927241616,88,STARLINK-200,4,71,200
HoldBack,0.8323317089552892,0.5524817923646566,1.4066696166992188e-05,83.13887754163659,55.18558957346712,88,STARLINK-200,4,71,200
LIA,0.9711940373634117,0.6888789085260805,0.0001010894775390625,97.09936863285172,68.87367972723759,12,STARLINK-200,4,72,200
VCG,1.0,0.7237565469584778,1.4066696166992188e-05,99.97937064817259,72.36072406740318,13,STARLINK-200,4,72,200
HoldBack,0.8263064435490064,0.6607528511409214,1.4066696166992188e-05,82.61359818855941,66.06165421105499,13,STARLINK-200,4,72,200
LIA,0.9701943722885027,0.6748413495286122,9.989738464355469e-05,96.51581186289677,67.13382657000055,131,STARLINK-200,4,73,200
VCG,1.0,0.5751799187444204,1.3113021850585938e-05,99.48090261050933,57.21941748013436,131,STARLINK-200,4,73,200
HoldBack,0.8677762937962956,0.7345256136142547,1.3113021850585938e-05,86.32716897085801,73.07127103288428,131,STARLINK-200,4,73,200
LIA,0.9630433796684531,0.7270585816944549,0.00010180473327636719,94.91391510467962,71.65614546131208,60,STARLINK-200,4,74,200
VCG,1.0,0.7273683357848881,1.2874603271484375e-05,98.55621990502196,71.6866736535653,60,STARLINK-200,4,74,200
HoldBack,0.8304257214587017,0.573184202681898,1.4066696166992188e-05,81.84362001887033,56.49086832560182,60,STARLINK-200,4,74,200
LIA,0.8804999373092685,0.6525952777997859,9.870529174804688e-05,87.96751616727232,65.19839833943614,1,STARLINK-200,4,75,200
VCG,1.0,0.6011908375606763,1.4066696166992188e-05,99.90632871149705,60.062769435677154,38,STARLINK-200,4,75,200
HoldBack,0.8491066689401546,0.599213095493348,1.4066696166992188e-05,84.8311299782594,59.8651804865921,38,STARLINK-200,4,75,200
LIA,0.8705543757307578,0.813760116270684,9.989738464355469e-05,86.46055924474945,80.81994267707388,186,STARLINK-200,4,76,200
VCG,1.0,0.7047035633996541,1.3113021850585938e-05,99.31666723537289,69.98880930574495,186,STARLINK-200,4,76,200
HoldBack,0.8179842653864223,0.5416320149636286,1.4066696166992188e-05,81.23947108915425,53.79308659416721,186,STARLINK-200,4,76,200
LIA,0.9363335395221039,0.732223527372802,9.894371032714844e-05,92.70820794779563,72.49887799020111,62,STARLINK-200,4,77,200
VCG,1.0,0.7116314525544793,1.2874603271484375e-05,99.01194823707058,70.46001654419545,62,STARLINK-200,4,77,200
HoldBack,0.8668505381776944,0.6882795053069559,1.3828277587890625e-05,85.82856061532665,68.14789475208887,62,STARLINK-200,4,77,200
LIA,0.882104824790903,0.8070464021052858,0.00010013580322265625,87.0722219183488,79.66323439980474,194,STARLINK-200,4,78,200
VCG,1.0,0.6339280491440812,1.2874603271484375e-05,98.70960850825034,62.57478955341114,194,STARLINK-200,4,78,200
HoldBack,0.9283644496792262,0.687998844751949,1.3113021850585938e-05,91.63849138081369,67.91209661959338,194,STARLINK-200,4,78,200
LIA,0.8807398333581035,0.6649010773960315,9.918212890625e-05,87.93236655307848,66.38319631372072,165,STARLINK-200,4,79,200
VCG,1.0,0.7909403489287203,1.2874603271484375e-05,99.83920701963496,78.96685723687682,165,STARLINK-200,4,79,200
HoldBack,0.843814635089941,0.5201009189657846,1.4066696166992188e-05,84.24578403894235,51.926463319727354,165,STARLINK-200,4,79,200
LIA,0.9323082664485242,0.8181943865682321,0.0001239776611328125,93.09293931517146,81.69842863987505,45,STARLINK-200,4,80,200
VCG,1.0,0.6942791658254688,1.4781951904296875e-05,99.85210114010228,69.32523348547055,45,STARLINK-200,4,80,200
HoldBack,0.8777034132931112,0.5185102561961755,1.71661376953125e-05,87.64052999515673,51.77433854388086,45,STARLINK-200,4,80,200
LIA,0.9568286971560364,0.7811697606566584,0.0001010894775390625,95.44846559102038,77.92560490963562,85,STARLINK-200,4,81,200
VCG,1.0,0.622863352555383,1.3113021850585938e-05,99.75501975925265,62.133746041476584,5,STARLINK-200,4,81,200
HoldBack,0.8686180215409937,0.6038857985362529,1.4066696166992188e-05,86.64900790206477,60.24063976531597,5,STARLINK-200,4,81,200
LIA,0.9483337158933164,0.8394702182143993,9.918212890625e-05,94.23435425637524,83.41676838556221,118,STARLINK-200,4,82,200
VCG,1.0,0.6702247640993809,1.3828277587890625e-05,99.3683475311303,66.5991272829971,118,STARLINK-200,4,82,200
HoldBack,0.9018619803108916,0.5464994935306402,1.4066696166992188e-05,89.61653468464607,54.30475159873935,118,STARLINK-200,4,82,200
LIA,0.8946957048709462,0.71696846488173,9.799003601074219e-05,89.05869623222154,71.36759053872339,88,STARLINK-200,4,83,200
VCG,1.0,0.5963932477465528,1.2874603271484375e-05,99.54076648335722,59.365441006190615,88,STARLINK-200,4,83,200
HoldBack,0.9230458924912844,0.616253396197243,1.3828277587890625e-05,91.88069563789699,61.342335405445574,88,STARLINK-200,4,83,200
LIA,0.9171043115434255,0.7127428509755738,9.870529174804688e-05,91.65385767887987,71.23031808128307,183,STARLINK-200,4,84,200
VCG,1.0,0.664043907705786,1.4066696166992188e-05,99.9383129326178,66.36342784929921,183,STARLINK-200,4,84,200
HoldBack,0.9234045856133146,0.724205896049023,1.430511474609375e-05,92.2834964404377,72.37591546699414,183,STARLINK-200,4,84,200
LIA,0.8590914784201434,0.833932675325529,9.894371032714844e-05,85.59246085726781,83.08585484011633,175,STARLINK-200,4,85,200
VCG,1.0,0.7098512036444247,1.2636184692382812e-05,99.63136989168032,70.72344783835217,175,STARLINK-200,4,85,200
HoldBack,0.925195109186996,0.5275947816320627,1.4066696166992188e-05,92.17845614538317,52.56499084170435,175,STARLINK-200,4,85,200
LIA,0.8681198700821916,0.8213250515736595,9.870529174804688e-05,86.63265528594026,81.96284006718024,43,STARLINK-200,4,86,200
VCG,1.0,0.7467083714664621,1.4066696166992188e-05,99.79342516113365,74.51658598513038,43,STARLINK-200,4,86,200
HoldBack,0.8111656658308399,0.7337355604153413,1.4066696166992188e-05,80.94900016637108,73.22198473637081,43,STARLINK-200,4,86,200
LIA,0.8979728153961718,0.8182253760141154,0.00010013580322265625,89.65215146444945,81.69029628153073,80,STARLINK-200,4,87,200
VCG,1.0,0.7681679382386255,1.4066696166992188e-05,99.83838032434902,76.69264277083894,80,STARLINK-200,4,87,200
HoldBack,0.883152908509622,0.5883529932957507,1.3828277587890625e-05,88.17255596433866,58.74020990963033,80,STARLINK-200,4,87,200
LIA,0.9350629321987117,0.658718180443584,9.870529174804688e-05,93.49187739484728,65.86166261449124,158,STARLINK-200,4,88,200
VCG,1.0,0.6869446301331114,1.3113021850585938e-05,99.9845830429937,68.68387241748268,158,STARLINK-200,4,88,200
HoldBack,0.8581684488127875,0.7051050430984982,1.3113021850585938e-05,85.80361453519924,70.49963373571545,158,STARLINK-200,4,88,200
LIA,0.864199252989086,0.797181887136109,9.989738464355469e-05,86.17629143454748,79.49344829282266,44,STARLINK-200,4,89,200
VCG,1.0,0.7221818835248244,1.3113021850585938e-05,99.71808137588822,72.01459182952067,44,STARLINK-200,4,89,200
HoldBack,0.8546733330421482,0.5166789453280173,1.430511474609375e-05,85.22638497409855,51.522233115427326,44,STARLINK-200,4,89,200
LIA,0.8847586875204372,0.8331931249094352,9.799003601074219e-05,87.9969587883102,82.86831438845337,5,STARLINK-200,4,90,200
VCG,1.0,0.5842184718259948,1.3113021850585938e-05,99.45871120511325,58.10561627003421,77,STARLINK-200,4,90,200
HoldBack,0.806446817535833,0.6521114429011237,1.4066696166992188e-05,80.20816112757907,64.85816367305256,77,STARLINK-200,4,90,200
LIA,0.954738129532414,0.8072470498553588,9.822845458984375e-05,95.27151543609304,80.55365905277203,97,STARLINK-200,4,91,200
VCG,1.0,0.7969973777248784,1.3113021850585938e-05,99.7881120373317,79.53086362186974,97,STARLINK-200,4,91,200
HoldBack,0.8314250969945141,0.5351530645018535,1.3113021850585938e-05,82.96634072953795,53.40191395763236,97,STARLINK-200,4,91,200
LIA,0.9537063176527213,0.6964289607965639,9.799003601074219e-05,94.44479529794897,68.96681863645316,5,STARLINK-200,4,92,200
VCG,1.0,0.6442168885129045,1.3113021850585938e-05,99.0292226755907,63.79629770392061,5,STARLINK-200,4,92,200
HoldBack,0.8622880988079763,0.6945521723808766,6.699562072753906e-05,85.39172014736684,68.78096173852109,5,STARLINK-200,4,92,200
LIA,0.927179561524924,0.6793939589881616,0.00010919570922851562,91.89562462151767,67.33682968875988,193,STARLINK-200,4,93,200
VCG,1.0,0.7006350317158601,1.430511474609375e-05,99.11308276724495,69.44209788808533,193,STARLINK-200,4,93,200
HoldBack,0.8709383834543536,0.7016906336042349,1.3828277587890625e-05,86.32138808448187,69.54672184541708,193,STARLINK-200,4,93,200
LIA,0.8820384140242482,0.8310718549496775,0.000102996826171875,87.9515499041086,82.86947208004167,26,STARLINK-200,4,94,200
VCG,1.0,0.7686407096472037,1.3113021850585938e-05,99.71396767498464,76.64421487543852,26,STARLINK-200,4,94,200
HoldBack,0.9172346664341273,0.7080104401753072,1.4066696166992188e-05,91.46110787918789,70.59853014519223,26,STARLINK-200,4,94,200
LIA,0.8630552463350031,0.8473615702940142,0.00010323524475097656,86.24558578917967,84.67730810465318,124,STARLINK-200,4,95,200
VCG,1.0,0.7803470263194657,1.3113021850585938e-05,99.93055039688923,77.98050784068002,124,STARLINK-200,4,95,200
HoldBack,0.8415974741494903,0.6673564829963786,1.4066696166992188e-05,84.10129880439032,66.68930065676037,124,STARLINK-200,4,95,200
LIA,0.9411486792532178,0.698263341424582,0.000102996826171875,94.02789187179168,69.76180428537968,25,STARLINK-200,4,96,200
VCG,1.0,0.658525186521705,1.2874603271484375e-05,99.90758521427337,65.79166118816251,25,STARLINK-200,4,96,200
HoldBack,0.8335788089524186,0.5997674887915748,1.4066696166992188e-05,83.28084588822627,59.92132149519501,25,STARLINK-200,4,96,200
LIA,0.8595585105767158,0.7740916976738867,0.00010180473327636719,85.42003265696647,76.9266283576498,41,STARLINK-200,4,97,200
VCG,1.0,0.593965549217794,1.3113021850585938e-05,99.37663533766234,59.02629778775104,12,STARLINK-200,4,97,200
HoldBack,0.9375782489685506,0.5359296018312169,1.4066696166992188e-05,93.17337174827163,53.25888060783941,12,STARLINK-200,4,97,200
LIA,0.9736995677006177,0.7721004743344401,0.000102996826171875,97.24163963793868,77.10829765161814,35,STARLINK-200,4,98,200
VCG,1.0,0.7241228326472566,1.2874603271484375e-05,99.8682169157925,72.31685612449434,35,STARLINK-200,4,98,200
HoldBack,0.8392594052510435,0.6429269699406347,1.3113021850585938e-05,83.81534033223022,64.20797009504452,35,STARLINK-200,4,98,200
LIA,0.8597645673477132,0.8334457094282672,0.00010204315185546875,85.97224153650794,83.3404847789623,40,STARLINK-200,4,99,200
VCG,1.0,0.7601679027293835,1.3113021850585938e-05,99.99509726450302,76.01306337077797,40,STARLINK-200,4,99,200
HoldBack,0.9019501919700329,0.7284257217075275,1.3113021850585938e-05,90.1905971737806,72.83900089211002,40,STARLINK-200,4,99,200
LIA,0.9603270733402076,0.6773242662884058,5.602836608886719e-05,95.56171105247378,67.4002302140152,90,INTERNET-100,0,0,100
VCG,1.0,0.7272277492275296,7.867813110351562e-06,99.50954597176069,72.36610314369692,90,INTERNET-100,0,0,100
HoldBack,0.8829229965361861,0.5741275359119496,1.0967254638671875e-05,87.85926651334232,57.13117042848384,90,INTERNET-100,0,0,100
LIA,0.9728195448847157,0.8199294781354822,5.3882598876953125e-05,96.91697570226653,81.68532974884427,80,INTERNET-100,0,1,100
VCG,1.0,0.6118370254357994,8.106231689453125e-06,99.62482375264337,60.95415582438309,80,INTERNET-100,0,1,100
HoldBack,0.867581620296514,0.5322898537878737,7.867813110351562e-06,86.43266601307296,53.02928286893723,80,INTERNET-100,0,1,100
LIA,0.8600517385135423,0.670849393210362,5.3882598876953125e-05,85.8265715796037,66.94562767237083,83,INTERNET-100,0,2,100
VCG,1.0,0.7601099079951058,7.867813110351562e-06,99.7923354331459,75.85314290470527,83,INTERNET-100,0,2,100
HoldBack,0.9366029297383569,0.5307026954614334,9.059906005859375e-06,93.46579373211729,52.96006140076204,83,INTERNET-100,0,2,100
LIA,0.8860445339405806,0.8320678204115068,5.2928924560546875e-05,88.55289885822866,83.15836814250711,78,INTERNET-100,0,3,100
VCG,1.0,0.5612751693050808,8.106231689453125e-06,99.94181496092514,56.094859112850315,78,INTERNET-100,0,3,100
HoldBack,0.8164201398018673,0.597907535135089,9.059906005859375e-06,81.59451054245086,59.75596424021391,78,INTERNET-100,0,3,100
LIA,0.9043919725267948,0.6907156560684485,5.316734313964844e-05,89.72036512615036,68.52256846958429,82,INTERNET-100,0,4,100
VCG,1.0,0.7601131015692334,7.867813110351562e-06,99.20517635232788,75.40715428889071,4,INTERNET-100,0,4,100
HoldBack,0.8261290004867381,0.7401951378717442,9.059906005859375e-06,81.95627318305922,73.43118918770203,4,INTERNET-100,0,4,100
LIA,0.9202015488985864,0.8260158175122916,5.412101745605469e-05,91.46833243918879,82.10624018909283,93,INTERNET-100,0,5,100
VCG,1.0,0.7127193422617986,8.344650268554688e-06,99.40032436227656,70.84453380009118,46,INTERNET-100,0,5,100
HoldBack,0.8799436679827003,0.5810834382788439,9.059906005859375e-06,87.4666860180118,57.759882246463995,46,INTERNET-100,0,5,100
LIA,0.8886812986714466,0.7630043985718032,5.2928924560546875e-05,88.60393988845723,76.07361150364295,43,INTERNET-100,0,6,100
VCG,1.0,0.7222213255125227,8.106231689453125e-06,99.70271684676791,72.00742831827245,43,INTERNET-100,0,6,100
HoldBack,0.9309984373791211,0.659072838494812,8.821487426757812e-06,92.8230735867939,65.71135259784384,43,INTERNET-100,0,6,100
LIA,0.9425618226430015,0.8151956425416164,5.2928924560546875e-05,93.50343247067283,80.8685317839854,28,INTERNET-100,0,7,100
VCG,1.0,0.5751593696308834,8.344650268554688e-06,99.20137886391733,57.05660253388513,28,INTERNET-100,0,7,100
HoldBack,0.8359811169133917,0.5354929974402485,8.821487426757812e-06,82.93047950200614,53.1216437180448,28,INTERNET-100,0,7,100
LIA,0.86290928635798,0.691772814141148,5.2928924560546875e-05,84.66817976348061,67.87636418933288,3,INTERNET-100,0,8,100
VCG,1.0,0.781409332506334,6.9141387939453125e-06,98.11944442136391,76.67144957119031,3,INTERNET-100,0,8,100
HoldBack,0.8621225336492341,0.5988585669982286,9.059906005859375e-06,84.59098402480146,58.75966988084033,3,INTERNET-100,0,8,100
LIA,0.9684389313597599,0.8176530719091409,5.2928924560546875e-05,96.3774713895697,81.37150727085218,41,INTERNET-100,0,9,100
VCG,1.0,0.7273457417718477,8.344650268554688e-06,99.51837774039981,72.38426827752204,41,INTERNET-100,0,9,100
HoldBack,0.9423268933746696,0.5078554553778183,7.867813110351562e-06,93.77884372979783,50.540951045812484,41,INTERNET-100,0,9,100
LIA,0.9697292877425548,0.788919085450657,5.4836273193359375e-05,95.3314947974426,77.556527002832,41,INTERNET-100,0,10,100
VCG,1.0,0.7322452654139542,8.344650268554688e-06,98.30732762477042,71.98507520873657,35,INTERNET-100,0,10,100
HoldBack,0.9292536355681018,0.5685178973355478,8.821487426757812e-06,91.3524415983024,55.889475193911295,35,INTERNET-100,0,10,100
LIA,0.9169413354887237,0.6822725602110767,5.412101745605469e-05,89.95760770525558,66.93515162212162,32,INTERNET-100,0,11,100
VCG,1.0,0.5708885843776725,8.106231689453125e-06,98.10617563369937,56.00769572622994,32,INTERNET-100,0,11,100
HoldBack,0.8028693449655931,0.5414370442413052,8.821487426757812e-06,78.76644096810764,53.11831775692855,32,INTERNET-100,0,11,100
LIA,0.9356759033171902,0.6922463662945862,5.2928924560546875e-05,93.4743362704724,69.15564395281565,76,INTERNET-100,0,12,100
VCG,1.0,0.7657492078397181,7.867813110351562e-06,99.90033508299615,76.4986024527267,65,INTERNET-100,0,12,100
HoldBack,0.9329140152969811,0.5491633962382396,9.298324584960938e-06,93.19842273179181,54.86160729951633,65,INTERNET-100,0,12,100
LIA,0.9580233922371588,0.6739782186945424,5.2928924560546875e-05,95.76420346680075,67.3709930156679,85,INTERNET-100,0,13,100
VCG,1.0,0.7337314618487236,8.106231689453125e-06,99.96019329253947,73.34393875121596,57,INTERNET-100,0,13,100
HoldBack,0.8797182371283958,0.5719863356689981,8.821487426757812e-06,87.93680502632652,57.17586467416442,57,INTERNET-100,0,13,100
LIA,0.8851837124576295,0.6662459269613346,5.364418029785156e-05,87.20922754277727,65.63924734053526,44,INTERNET-100,0,14,100
VCG,1.0,0.7981454488719408,8.344650268554688e-06,98.52104858622967,78.63412654719058,14,INTERNET-100,0,14,100
HoldBack,0.8234302261895899,0.7471052484908702,8.821487426757812e-06,81.12520932179467,73.60559248559622,14,INTERNET-100,0,14,100
LIA,0.8914860536766601,0.7439830744067191,5.2928924560546875e-05,88.70052137003582,74.02436226365596,50,INTERNET-100,0,15,100
VCG,1.0,0.675622719206733,8.106231689453125e-06,99.49737408029861,67.22268643006086,32,INTERNET-100,0,15,100
HoldBack,0.8301156462135019,0.5787525930941829,8.821487426757812e-06,82.59432698121361,57.584363255034766,32,INTERNET-100,0,15,100
LIA,0.9488007208450728,0.71251960498166,5.2928924560546875e-05,93.90147791483382,70.517066946871,43,INTERNET-100,0,16,100
VCG,1.0,0.6526706582525708,6.9141387939453125e-06,98.9685988341136,64.59390054739553,43,INTERNET-100,0,16,100
HoldBack,0.8314535416145301,0.7441402558307261,8.821487426757812e-06,82.28779200925142,73.6465184556258,43,INTERNET-100,0,16,100
LIA,0.8958025170528301,0.6586200217896648,5.2928924560546875e-05,88.52377364585453,65.08524883291616,41,INTERNET-100,0,17,100
VCG,1.0,0.5947737348320454,6.9141387939453125e-06,98.82063508494677,58.77591820794846,68,INTERNET-100,0,17,100
HoldBack,0.8588326690150311,0.7369449244923074,7.867813110351562e-06,84.87038978376526,72.82536546095797,68,INTERNET-100,0,17,100
LIA,0.8800764934937232,0.7308483284214078,5.2928924560546875e-05,86.52312044815669,71.85202470106701,1,INTERNET-100,0,18,100
VCG,1.0,0.7983162991074366,8.106231689453125e-06,98.31318196521491,78.48501557994635,1,INTERNET-100,0,18,100
HoldBack,0.930283554237419,0.6411599644740504,7.867813110351562e-06,91.45913634699025,63.03447625614805,1,INTERNET-100,0,18,100
LIA,0.8542105879108793,0.7171686974078632,5.2928924560546875e-05,85.06906949887596,71.42135045576487,91,INTERNET-100,0,19,100
VCG,1.0,0.678466631428318,8.344650268554688e-06,99.58793616329105,67.56709157960644,91,INTERNET-100,0,19,100
HoldBack,0.9194967303522706,0.584495387617459,8.106231689453125e-06,91.57078168467677,58.208689349785566,91,INTERNET-100,0,19,100
LIA,0.9203771429914971,0.7068116778080858,5.412101745605469e-05,90.58667738145704,69.56683128715959,72,INTERNET-100,0,20,100
VCG,1.0,0.7986937386434766,7.867813110351562e-06,98.4234322541123,78.6101790771599,75,INTERNET-100,0,20,100
HoldBack,0.9449838377832714,0.6101847602710659,8.106231689453125e-06,93.00855273929287,60.056478415031016,75,INTERNET-100,0,20,100
LIA,0.8662799033317371,0.7264107765022114,5.2928924560546875e-05,84.86895404856742,71.16605449837145,56,INTERNET-100,0,21,100
VCG,1.0,0.5570571899126766,7.152557373046875e-06,97.96943657836111,54.574579037670034,56,INTERNET-100,0,21,100
HoldBack,0.9282748017457209,0.5896889405053185,8.344650268554688e-06,90.94255931691814,57.77149325779676,56,INTERNET-100,0,21,100
LIA,0.8643184967794656,0.7279032051890817,5.3882598876953125e-05,86.27451864650669,72.657821026548,12,INTERNET-100,0,22,100
VCG,1.0,0.6102660864641842,7.867813110351562e-06,99.81797100024343,60.91552252111399,11,INTERNET-100,0,22,100
HoldBack,0.802354385839442,0.5900249076955283,9.059906005859375e-06,80.08938681763955,58.89508912577355,11,INTERNET-100,0,22,100
LIA,0.9391918500126533,0.8397580995383837,5.3882598876953125e-05,93.1282411524969,83.26860460141287,84,INTERNET-100,0,23,100
VCG,1.0,0.6170117968446595,8.106231689453125e-06,99.15784634549611,61.181560944881205,75,INTERNET-100,0,23,100
HoldBack,0.9217198908727522,0.5138399542346024,8.106231689453125e-06,91.3957593127478,50.951263228171456,75,INTERNET-100,0,23,100
LIA,0.9549440144124125,0.741926550871292,5.2928924560546875e-05,93.32599661048845,72.507952012716,60,INTERNET-100,0,24,100
VCG,1.0,0.6059006370809178,6.9141387939453125e-06,97.72928590783718,59.21423659302171,41,INTERNET-100,0,24,100
HoldBack,0.9400182657874778,0.586149148931743,8.106231689453125e-06,91.8673138557337,57.283937760585744,41,INTERNET-100,0,24,100
LIA,0.936714791426296,0.8323153774526105,5.316734313964844e-05,93.60465101019236,83.17215779014231,4,INTERNET-100,0,25,100
VCG,1.0,0.6364050422251974,6.9141387939453125e-06,99.92865690490967,63.59510111707631,9,INTERNET-100,0,25,100
HoldBack,0.8932260966707126,0.5096998636822219,8.106231689453125e-06,89.25888415271932,50.93362280237998,9,INTERNET-100,0,25,100
LIA,0.8748936499380555,0.7272472790598179,5.3882598876953125e-05,87.18729255019598,72.47363297266097,67,INTERNET-100,0,26,100
VCG,1.0,0.6712146849290259,8.106231689453125e-06,99.65473238532368,66.88971979970142,38,INTERNET-100,0,26,100
HoldBack,0.8532492673720913,0.5801780412460735,9.059906005859375e-06,85.03032739793925,57.81748743621874,38,INTERNET-100,0,26,100
LIA,0.9026049864143115,0.7287363771981226,5.2928924560546875e-05,89.95967157557769,72.6307589085572,90,INTERNET-100,0,27,100
VCG,1.0,0.5979682961011255,1.1920928955078125e-05,99.66671238207033,59.597534181107534,70,INTERNET-100,0,27,100
HoldBack,0.8091824987215358,0.6477290232068067,9.059906005859375e-06,80.6485593646843,64.55702225747216,70,INTERNET-100,0,27,100
LIA,0.9435297957970963,0.8209137328065281,5.3882598876953125e-05,94.07133123133897,81.84632643843366,59,INTERNET-100,0,28,100
VCG,1.0,0.6142380748771175,7.152557373046875e-06,99.70149501412118,61.240454359844314,59,INTERNET-100,0,28,100
HoldBack,0.8031364268502853,0.555772504611339,8.344650268554688e-06,80.07390245727282,55.41134959749305,59,INTERNET-100,0,28,100
LIA,0.868439771690208,0.6927602421325466,5.1975250244140625e-05,86.22590583280737,68.78298455467585,58,INTERNET-100,0,29,100
VCG,1.0,0.5763784116003003,6.9141387939453125e-06,99.2882968325938,57.22763081886955,34,INTERNET-100,0,29,100
HoldBack,0.9024604362785186,0.6651818482772879,8.106231689453125e-06,89.60375967689366,66.04477279940873,34,INTERNET-100,0,29,100
LIA,0.8564055749657603,0.8204877771283746,6.222724914550781e-05,85.11289974998382,81.54325002333904,83,INTERNET-100,0,30,100
VCG,1.0,0.6871002341854779,1.1205673217773438e-05,99.38386932311445,68.28667988617087,83,INTERNET-100,0,30,100
HoldBack,0.829597095586409,0.5793138041124251,8.821487426757812e-06,82.44856933859496,57.57444740498558,83,INTERNET-100,0,30,100
LIA,0.9745825992425803,0.6695414550773517,5.2928924560546875e-05,97.43261612602122,66.93652813389889,54,INTERNET-100,0,31,100
VCG,1.0,0.5537496250942842,7.867813110351562e-06,99.97368740396479,55.36039191923866,1,INTERNET-100,0,31,100
HoldBack,0.8241650034884633,0.7490031958455621,9.298324584960938e-06,82.39481442804318,74.88061136603484,1,INTERNET-100,0,31,100
LIA,0.8579185894932985,0.7357678030594781,5.1975250244140625e-05,82.78218120660293,70.99562166478692,16,INTERNET-100,0,32,100
VCG,1.0,0.6498315365978776,7.867813110351562e-06,96.4918842188692,62.70346939117227,16,INTERNET-100,0,32,100
HoldBack,0.8277070864354825,0.5988700070079143,9.059906005859375e-06,79.86701635147014,57.786095378361054,16,INTERNET-100,0,32,100
LIA,0.9022331771433373,0.8317961783829728,5.2928924560546875e-05,89.99353934013205,82.96777817380925,51,INTERNET-100,0,33,100
VCG,1.0,0.7094826223949164,8.106231689453125e-06,99.74532262831521,70.76757306996407,61,INTERNET-100,0,33,100
HoldBack,0.9153754804285381,0.5921406172569285,7.867813110351562e-06,91.30442262139357,59.06325690962204,61,INTERNET-100,0,33,100
LIA,0.9226319092974925,0.6619024885127949,5.1975250244140625e-05,92.14678718035931,66.10673999946438,68,INTERNET-100,0,34,100
VCG,1.0,0.6183322191664727,6.9141387939453125e-06,99.8738351142889,61.75521010288464,99,INTERNET-100,0,34,100
HoldBack,0.9386994032437393,0.5885615007973111,7.867813110351562e-06,93.7515094214466,58.78189428524906,99,INTERNET-100,0,34,100
LIA,0.9600516008565821,0.7353810641272607,5.1975250244140625e-05,91.7311089631781,70.26426544440788,26,INTERNET-100,0,35,100
VCG,1.0,0.6880045430739128,6.9141387939453125e-06,95.548102707535,65.7375287448769,26,INTERNET-100,0,35,100
HoldBack,0.8346412496898117,0.6858756339447688,8.821487426757812e-06,79.74838784930749,65.53411551675045,26,INTERNET-100,0,35,100
LIA,0.9139327822410769,0.7630912732148216,5.316734313964844e-05,90.9951205907935,75.97668425646715,46,INTERNET-100,0,36,100
VCG,1.0,0.7288764886552822,8.106231689453125e-06,99.56434691801091,72.57011157685616,29,INTERNET-100,0,36,100
HoldBack,0.816444229160516,0.687406438037256,9.059906005859375e-06,81.28873647134562,68.44117307041553,29,INTERNET-100,0,36,100
LIA,0.9166368202847485,0.7161201619940004,5.3882598876953125e-05,90.8695983246916,70.99164034496577,39,INTERNET-100,0,37,100
VCG,1.0,0.7651278716468612,8.106231689453125e-06,99.13369866209763,75.84995586581205,39,INTERNET-100,0,37,100
HoldBack,0.871064023060808,0.6998946610255008,7.867813110351562e-06,86.3517983775046,69.38314642131296,39,INTERNET-100,0,37,100
LIA,0.946086206727751,0.7136019409628597,5.1975250244140625e-05,92.53143842702728,69.7934433374666,56,INTERNET-100,0,38,100
VCG,1.0,0.7490750464919159,7.867813110351562e-06,97.80444717302008,73.26287081324615,56,INTERNET-100,0,38,100
HoldBack,0.8647599235764274,0.613249525207491,8.344650268554688e-06,84.57736626277557,59.9785307920357,56,INTERNET-100,0,38,100
LIA,0.9127186911495453,0.7694698601955706,5.2928924560546875e-05,91.04409872039933,76.7549635975835,22,INTERNET-100,0,39,100
VCG,1.0,0.6681155284787227,8.344650268554688e-06,99.75044841662185,66.64482355986087,22,INTERNET-100,0,39,100
HoldBack,0.904746998591084,0.6084242332767399,8.821487426757812e-06,90.24891881305336,60.69059009689414,22,INTERNET-100,0,39,100
LIA,0.9319595786415151,0.7559821217121898,5.1975250244140625e-05,90.3436997770168,73.28453229732793,40,INTERNET-100,0,40,100
VCG,1.0,0.5672468270646702,7.867813110351562e-06,96.93950451017162,54.98862635061614,64,INTERNET-100,0,40,100
HoldBack,0.9452646913838705,0.7217921720736478,9.059906005859375e-06,91.6334908137127,69.97017552013995,64,INTERNET-100,0,40,100
LIA,0.8588304065489674,0.6716320704470364,5.221366882324219e-05,84.79892923491226,66.31539821999601,36,INTERNET-100,0,41,100
VCG,1.0,0.6772190628523337,7.152557373046875e-06,98.73768859169675,66.86704493627444,36,INTERNET-100,0,41,100
HoldBack,0.8697306395231515,0.7378950773599674,7.867813110351562e-06,85.8751930438942,72.85805436171445,36,INTERNET-100,0,41,100
LIA,0.8530273203275356,0.7210919703768277,5.1975250244140625e-05,84.58068553818578,71.49882745506301,30,INTERNET-100,0,42,100
VCG,1.0,0.7349664498857293,7.152557373046875e-06,99.1535482189591,72.87453132806185,30,INTERNET-100,0,42,100
HoldBack,0.8765103783426061,0.561057529252396,8.106231689453125e-06,86.90911406341168,55.63084478033751,30,INTERNET-100,0,42,100
LIA,0.8539738877551919,0.8439782683763526,5.1975250244140625e-05,85.29066632090606,84.29235355123532,28,INTERNET-100,0,43,100
VCG,1.0,0.7811772480113927,7.867813110351562e-06,99.87502843337087,78.02009985664026,28,INTERNET-100,0,43,100
HoldBack,0.94029052438729,0.5912508738959296,9.059906005859375e-06,93.9115428588098,59.05119784161134,28,INTERNET-100,0,43,100
LIA,0.9794291324968754,0.6653239627859298,5.1975250244140625e-05,97.35873365880377,66.13556442267848,81,INTERNET-100,0,44,100
VCG,1.0,0.6682587812709251,8.106231689453125e-06,99.40355093441573,66.42729580143498,37,INTERNET-100,0,44,100
HoldBack,0.9203093838966204,0.6972377241353084,7.867813110351562e-06,91.48202071758847,69.30790562448023,37,INTERNET-100,0,44,100
LIA,0.8767318318191966,0.8011419844984785,5.1975250244140625e-05,87.04497206978441,79.54015028734904,45,INTERNET-100,0,45,100
VCG,1.0,0.6628340081848222,6.67572021484375e-06,99.28346264007351,65.80845548818797,45,INTERNET-100,0,45,100
HoldBack,0.9437774412503909,0.565202106798194,7.867813110351562e-06,93.70149232892736,56.11522225438934,45,INTERNET-100,0,45,100
LIA,0.8870629349197892,0.7410103409616278,5.316734313964844e-05,88.0447934442888,73.54844830254115,15,INTERNET-100,0,46,100
VCG,1.0,0.6226625823413421,7.867813110351562e-06,99.25428059086931,61.801926661142836,62,INTERNET-100,0,46,100
HoldBack,0.83503686246828,0.6839961221892699,1.0013580322265625e-05,82.88098305114582,67.88954303484033,62,INTERNET-100,0,46,100
LIA,0.8777499970980659,0.735277978953885,5.1975250244140625e-05,86.38652126062803,72.36469036897631,59,INTERNET-100,0,47,100
VCG,1.0,0.7848702219287189,8.106231689453125e-06,98.41813904441013,77.24546663359769,59,INTERNET-100,0,47,100
HoldBack,0.8642845756708546,0.5895919080830996,8.106231689453125e-06,85.06127954231317,58.02653838918157,59,INTERNET-100,0,47,100
LIA,0.8911459163537534,0.8432636983814199,5.1975250244140625e-05,88.03081215445728,83.30082298151916,97,INTERNET-100,0,48,100
VCG,1.0,0.5882756261997,8.106231689453125e-06,98.78383611367205,58.112123048178965,97,INTERNET-100,0,48,100
HoldBack,0.9113901982298884,0.5890983752995727,7.867813110351562e-06,90.03061997754838,58.193397360423454,97,INTERNET-100,0,48,100
LIA,0.9185261098311006,0.7431263843118274,5.507469177246094e-05,90.54444027436094,73.25427312348982,53,INTERNET-100,0,49,100
VCG,1.0,0.7999174107807585,8.106231689453125e-06,98.57579366035695,78.85249363045104,53,INTERNET-100,0,49,100
HoldBack,0.8583146978175366,0.5967497648135772,8.821487426757812e-06,84.6090525477131,58.825081683129724,53,INTERNET-100,0,49,100
LIA,0.9682383227171029,0.8155740759012348,5.1975250244140625e-05,96.63529270939881,81.39859547156212,75,INTERNET-100,0,50,100
VCG,1.0,0.590910460331981,6.9141387939453125e-06,99.80527566624053,58.97598138749846,75,INTERNET-100,0,50,100
HoldBack,0.9306755497941458,0.5680618840926178,7.867813110351562e-06,92.88632980303468,56.6955729373477,75,INTERNET-100,0,50,100
LIA,0.8762172865327744,0.664879137152837,5.2928924560546875e-05,87.44005348026818,66.35005746189879,79,INTERNET-100,0,51,100
VCG,1.0,0.5552265886000672,6.9141387939453125e-06,99.79265967950921,55.40753800118138,79,INTERNET-100,0,51,100
HoldBack,0.9427293568064384,0.681152706035779,8.106231689453125e-06,94.07746987366752,67.97404018320528,79,INTERNET-100,0,51,100
LIA,0.919982812803777,0.7985263493626287,5.221366882324219e-05,91.62976728542345,79.53277229210865,90,INTERNET-100,0,52,100
VCG,1.0,0.6118254497069308,7.3909759521484375e-06,99.59943382656122,60.937468391491514,90,INTERNET-100,0,52,100
HoldBack,0.8347275602369084,0.7374812059785136,7.867813110351562e-06,83.13839239902286,73.45271057318953,90,INTERNET-100,0,52,100
LIA,0.8936103136537441,0.7550881140304763,5.1975250244140625e-05,88.30028139565205,74.61249263651435,77,INTERNET-100,0,53,100
VCG,1.0,0.7199174933128807,8.106231689453125e-06,98.81296136188801,71.13717945047296,24,INTERNET-100,0,53,100
HoldBack,0.9131794008240113,0.5434730437661862,8.821487426757812e-06,90.23396085009507,53.70218087489583,24,INTERNET-100,0,53,100
LIA,0.8971557642364228,0.653385870485107,6.818771362304688e-05,88.75364521143125,64.63802613423933,62,INTERNET-100,0,54,100
VCG,1.0,0.6805238092286973,8.106231689453125e-06,98.92779910629038,67.32272268642404,62,INTERNET-100,0,54,100
HoldBack,0.8502871753550497,0.5003299672460824,7.867813110351562e-06,84.11703886617946,49.49654248657728,62,INTERNET-100,0,54,100
LIA,0.899883882713529,0.673831409108093,5.1975250244140625e-05,89.8481934340432,67.27816327248422,47,INTERNET-100,0,55,100
VCG,1.0,0.6112347614234142,8.106231689453125e-06,99.84420785836618,61.02825056981822,47,INTERNET-100,0,55,100
HoldBack,0.8150214931607527,0.7018746829141652,8.821487426757812e-06,81.37517537217816,70.07812173140677,47,INTERNET-100,0,55,100
LIA,0.9370559510122739,0.6775605975362536,5.1975250244140625e-05,93.65997551314021,67.7230734251886,22,INTERNET-100,0,56,100
VCG,1.0,0.7177965305397954,7.867813110351562e-06,99.95131604677618,71.74470788126253,22,INTERNET-100,0,56,100
HoldBack,0.9468764745800087,0.6329931646542382,8.344650268554688e-06,94.64154976800369,63.2684998558048,22,INTERNET-100,0,56,100
LIA,0.9799902274883129,0.7370582662990663,5.1975250244140625e-05,97.76672227802712,73.53111164044168,98,INTERNET-100,0,57,100
VCG,1.0,0.657023219156236,7.867813110351562e-06,99.76295633947335,65.5465787267038,98,INTERNET-100,0,57,100
HoldBack,0.9263882569150501,0.7013757778149659,8.344650268554688e-06,92.41923122801697,69.9713210997186,98,INTERNET-100,0,57,100
LIA,0.8765786724102289,0.7875210201987587,5.1975250244140625e-05,86.85114961952395,78.02734438625887,20,INTERNET-100,0,58,100
VCG,1.0,0.6373162264619098,7.867813110351562e-06,99.07969741120806,63.14509887309897,20,INTERNET-100,0,58,100
HoldBack,0.8767741640993831,0.73346675996283,9.059906005859375e-06,86.87051887693175,72.67166463829636,20,INTERNET-100,0,58,100
LIA,0.8703555789032653,0.6872619235004901,5.1975250244140625e-05,85.7051010740317,67.67561907532684,13,INTERNET-100,0,59,100
VCG,1.0,0.7817040884820996,6.9141387939453125e-06,98.47136406252335,76.97546788608379,13,INTERNET-100,0,59,100
HoldBack,0.9058531469678573,0.5379916717105402,7.867813110351562e-06,89.20059502225435,52.97677376761415,13,INTERNET-100,0,59,100
LIA,0.8948477699404641,0.783989836200616,5.221366882324219e-05,86.88782953026589,76.123758173742,91,INTERNET-100,0,60,100
VCG,1.0,0.6144494155410315,8.106231689453125e-06,97.09788910358094,59.661741209963196,21,INTERNET-100,0,60,100
HoldBack,0.8367645376292955,0.6786805504523565,7.867813110351562e-06,81.24807028053851,65.89844882458019,21,INTERNET-100,0,60,100
LIA,0.920809452146417,0.7482827509245763,5.1975250244140625e-05,91.81699320211531,74.6137782303925,55,INTERNET-100,0,61,100
VCG,1.0,0.7293842158781568,8.344650268554688e-06,99.71334784638547,72.72934203152177,55,INTERNET-100,0,61,100
HoldBack,0.8474806597002439,0.6955161303931078,1.0013580322265625e-05,84.50513381377465,69.35224184265995,55,INTERNET-100,0,61,100
LIA,0.9259293482913901,0.739710971209141,5.1021575927734375e-05,91.56925344085745,73.1532935213935,63,INTERNET-100,0,62,100
VCG,1.0,0.6058568291874173,7.152557373046875e-06,98.89442818702038,59.91586468569092,70,INTERNET-100,0,62,100
HoldBack,0.846450530013524,0.6751560895405753,7.867813110351562e-06,83.70924115428778,66.76917541209993,70,INTERNET-100,0,62,100
LIA,0.941383407853227,0.6685894932907412,5.1021575927734375e-05,91.63197631923128,65.07887870704415,1,INTERNET-100,0,63,100
VCG,1.0,0.5540200216014766,7.152557373046875e-06,97.33757314481774,53.92696437632723,1,INTERNET-100,0,63,100
HoldBack,0.8252839508084333,0.5295241892416696,8.344650268554688e-06,80.33113692706004,51.54259950226132,1,INTERNET-100,0,63,100
LIA,0.9714688383532547,0.6981097696429174,5.1975250244140625e-05,96.28570647073664,69.19212403985425,36,INTERNET-100,0,64,100
VCG,1.0,0.6185061735096216,6.9141387939453125e-06,99.11353063465359,61.30233057586824,84,INTERNET-100,0,64,100
HoldBack,0.9381106903539584,0.519184878436314,8.106231689453125e-06,92.97946264709309,51.45824635394651,84,INTERNET-100,0,64,100
LIA,0.9514096116310278,0.7484790250961039,5.1975250244140625e-05,94.58297555566345,74.40893225077741,15,INTERNET-100,0,65,100
VCG,1.0,0.7878824591045752,6.9141387939453125e-06,99.41351695356245,78.32616620560717,15,INTERNET-100,0,65,100
HoldBack,0.8286047794681153,0.7289042730184748,7.867813110351562e-06,82.37451529145635,72.46293730324626,15,INTERNET-100,0,65,100
LIA,0.941138733804284,0.7974051811580708,5.1975250244140625e-05,93.84497998624182,79.51269093369032,32,INTERNET-100,0,66,100
VCG,1.0,0.7155618868803701,7.867813110351562e-06,99.71428931301163,71.35174500975373,27,INTERNET-100,0,66,100
HoldBack,0.8820672662492953,0.7204119886437026,7.867813110351562e-06,87.9547105803195,71.83536946018022,27,INTERNET-100,0,66,100
LIA,0.9082570117837198,0.7149206406891863,5.1975250244140625e-05,89.87384244813926,70.74282300120902,18,INTERNET-100,0,67,100
VCG,1.0,0.5773165278387244,8.344650268554688e-06,98.95199407449289,57.12662164180427,52,INTERNET-100,0,67,100
HoldBack,0.8625482904925258,0.6910718079593041,8.821487426757812e-06,85.35087332978038,68.38293344623814,52,INTERNET-100,0,67,100
LIA,0.9431089672515102,0.7812466864587264,5.1975250244140625e-05,92.46462102902191,76.59526237366457,8,INTERNET-100,0,68,100
VCG,1.0,0.7621441768489501,7.152557373046875e-06,98.04235166853553,74.7224074087513,8,INTERNET-100,0,68,100
HoldBack,0.844320551433127,0.6603924964164731,7.867813110351562e-06,82.77917242457848,64.74643337292595,8,INTERNET-100,0,68,100
LIA,0.8852807888896216,0.7962503314873405,5.1975250244140625e-05,87.21232578139765,78.44160201456498,49,INTERNET-100,0,69,100
VCG,1.0,0.7187873548622437,7.867813110351562e-06,98.51374487724419,70.81043409788826,49,INTERNET-100,0,69,100
HoldBack,0.8364586160907063,0.6489219337420156,9.059906005859375e-06,82.40267070593258,63.927729825908884,49,INTERNET-100,0,69,100
LIA,0.9469663160548097,0.750033845836827,5.1975250244140625e-05,94.68567467932736,74.9947062755716,22,INTERNET-100,0,70,100
VCG,1.0,0.5612895850888742,6.9141387939453125e-06,99.98842944467205,56.122464076688146,22,INTERNET-100,0,70,100
HoldBack,0.8115533729860501,0.6971873697503178,8.106231689453125e-06,81.14594717540129,69.71067012999613,22,INTERNET-100,0,70,100
LIA,0.9663691306663246,0.8076288027935822,5.221366882324219e-05,96.38899065857935,80.55568276937197,68,INTERNET-100,0,71,100
VCG,1.0,0.5816314190788945,7.152557373046875e-06,99.74344957823502,58.013924122012995,68,INTERNET-100,0,71,100
HoldBack,0.8915461672310144,0.7489766600965856,7.867813110351562e-06,88.92589017787537,74.70551573161865,68,INTERNET-100,0,71,100
LIA,0.898380465665384,0.8142508327557529,5.1975250244140625e-05,87.85634938950686,79.62896388258233,43,INTERNET-100,0,72,100
VCG,1.0,0.6409671151555797,7.867813110351562e-06,97.79414484979502,62.68283090348,29,INTERNET-100,0,72,100
HoldBack,0.8559993788637545,0.6947952516016891,9.059906005859375e-06,83.71172724793658,67.94690747608536,29,INTERNET-100,0,72,100
LIA,0.8810407510815428,0.7975222323464265,5.1975250244140625e-05,87.36853995500236,79.086413354009,65,INTERNET-100,0,73,100
VCG,1.0,0.7493549928222065,8.106231689453125e-06,99.16515194984001,74.30990172758538,65,INTERNET-100,0,73,100
HoldBack,0.8370808555565974,0.6789673858958087,8.106231689453125e-06,83.00925023557205,67.32990399134353,65,INTERNET-100,0,73,100
LIA,0.9500484296955952,0.6983905819015195,5.1975250244140625e-05,93.88669875206611,69.01709862862175,66,INTERNET-100,0,74,100
VCG,1.0,0.7962383582313877,8.344650268554688e-06,98.82306608532402,78.68671589517032,66,INTERNET-100,0,74,100
HoldBack,0.9354815759435702,0.6321683607834416,8.821487426757812e-06,92.4471576010745,62.47281569475301,66,INTERNET-100,0,74,100
LIA,0.9674492066901688,0.7818604187943459,5.4836273193359375e-05,96.51370943699926,77.99918461659831,27,INTERNET-100,0,75,100
VCG,1.0,0.7331389651792585,6.9141387939453125e-06,99.76100943551484,73.13868322279158,27,INTERNET-100,0,75,100
HoldBack,0.8058946749843205,0.651150126909297,8.344650268554688e-06,80.39686627514196,64.95939395453506,27,INTERNET-100,0,75,100
LIA,0.8838565803450553,0.6926245600211117,5.412101745605469e-05,87.23320286182108,68.35934708752573,21,INTERNET-100,0,76,100
VCG,1.0,0.7668589005802666,6.9141387939453125e-06,98.69610613496306,75.68598744221109,21,INTERNET-100,0,76,100
HoldBack,0.8898304965840262,0.6909207751124319,7.867813110351562e-06,87.82280513298394,68.19119015134753,21,INTERNET-100,0,76,100
LIA,0.9677388375502073,0.7011402881130471,5.1021575927734375e-05,96.1649082195507,69.67281754042698,78,INTERNET-100,0,77,100
VCG,1.0,0.7408934783666439,7.152557373046875e-06,99.3707232655748,73.6231208080409,76,INTERNET-100,0,77,100
HoldBack,0.9065653712361303,0.5399271905355418,7.867813110351562e-06,90.08605662725859,53.6529554342666,76,INTERNET-100,0,77,100
LIA,0.9425238069245409,0.7712532127064743,5.1021575927734375e-05,92.74160108935241,75.88907279180465,65,INTERNET-100,0,78,100
VCG,1.0,0.7614406615294512,7.867813110351562e-06,98.39709130740013,74.92354629768057,65,INTERNET-100,0,78,100
HoldBack,0.8443487857764648,0.7280170149720796,1.0013580322265625e-05,83.08146456933923,71.6347566955486,65,INTERNET-100,0,78,100
LIA,0.9206960158895465,0.7850324858195333,6.604194641113281e-05,91.90978056695869,78.36697700912319,23,INTERNET-100,0,79,100
VCG,1.0,0.6901495176769448,9.059906005859375e-06,99.82641282330134,68.895150661421,23,INTERNET-100,0,79,100
HoldBack,0.8533142795761924,0.6422151993402944,1.0013580322265625e-05,85.18330354099096,64.11003961074299,23,INTERNET-100,0,79,100
LIA,0.9273512710773921,0.8497307837217755,5.2928924560546875e-05,92.58148707170803,84.83229820364859,86,INTERNET-100,0,80,100
VCG,1.0,0.7861172382028851,8.106231689453125e-06,99.83432379851845,78.4814829023439,51,INTERNET-100,0,80,100
HoldBack,0.8004006490051495,0.6988445778325899,1.0013580322265625e-05,79.90745756132442,69.76867586817771,51,INTERNET-100,0,80,100
LIA,0.8923298859265701,0.6987423392562372,5.1975250244140625e-05,88.61538522500388,69.39061724007655,22,INTERNET-100,0,81,100
VCG,1.0,0.7060146106943372,7.867813110351562e-06,99.30787550950191,70.1128110667227,22,INTERNET-100,0,81,100
HoldBack,0.8670341240084865,0.7276290024830016,8.106231689453125e-06,86.10331684952482,72.25929039568497,22,INTERNET-100,0,81,100
LIA,0.8683598381976415,0.7380231815153547,5.221366882324219e-05,86.61209481986936,73.61203381923424,74,INTERNET-100,0,82,100
VCG,1.0,0.6205006423565504,8.344650268554688e-06,99.74217025011257,61.89008071023126,74,INTERNET-100,0,82,100
HoldBack,0.9146774841554197,0.5266725176373178,7.867813110351562e-06,91.23191734857451,52.53145992023676,74,INTERNET-100,0,82,100
LIA,0.9631902852933,0.7419545086516521,5.1021575927734375e-05,96.03540681205014,73.97697439680752,70,INTERNET-100,0,83,100
VCG,1.0,0.6248132014022325,6.9141387939453125e-06,99.70553926715166,62.29733718704504,94,INTERNET-100,0,83,100
HoldBack,0.8944002672278086,0.6730287491465772,8.344650268554688e-06,89.17666096463321,67.10469437595602,94,INTERNET-100,0,83,100
LIA,0.8602641275011038,0.7953478263459255,5.1975250244140625e-05,85.8296269830226,79.35284649764851,44,INTERNET-100,0,84,100
VCG,1.0,0.7271403921454876,6.9141387939453125e-06,99.77124959556386,72.54770555576363,44,INTERNET-100,0,84,100
HoldBack,0.9163352221714147,0.5311388470998724,8.821487426757812e-06,91.42391016447068,52.99238648390139,44,INTERNET-100,0,84,100
LIA,0.9413797297480558,0.8202942027773754,6.103515625e-05,93.91568661118545,81.8357256296885,52,INTERNET-100,0,85,100
VCG,1.0,0.676840885806141,1.0013580322265625e-05,99.76387173358872,67.52426731561242,52,INTERNET-100,0,85,100
HoldBack,0.8721301187954339,0.5850716167745993,9.059906005859375e-06,87.00707730650716,58.3690097308645,52,INTERNET-100,0,85,100
LIA,0.874268600826227,0.8181143103426354,5.2928924560546875e-05,87.22945414827922,81.62670448720426,22,INTERNET-100,0,86,100
VCG,1.0,0.7599770830040178,1.0013580322265625e-05,99.77420447885589,75.82610887888731,5,INTERNET-100,0,86,100
HoldBack,0.8354546631058544,0.5795712882791171,9.059906005859375e-06,83.35682438953718,57.82626422683456,5,INTERNET-100,0,86,100
LIA,0.9659256099375132,0.6909337895187895,5.2928924560546875e-05,96.30521491002666,68.88783815609851,93,INTERNET-100,0,87,100
VCG,1.0,0.764719394064683,6.9141387939453125e-06,99.70251737735451,76.24444867553407,1,INTERNET-100,0,87,100
HoldBack,0.8451539130562549,0.7352497319562743,9.059906005859375e-06,84.26397270303042,73.30624917706568,1,INTERNET-100,0,87,100
LIA,0.905465545310003,0.7393163554191009,5.221366882324219e-05,90.38485959441515,73.79961095872738,3,INTERNET-100,0,88,100
VCG,1.0,0.7544952124822539,8.344650268554688e-06,99.82142342420131,75.3147860767238,37,INTERNET-100,0,88,100
HoldBack,0.8660811331583657,0.6290684056947728,8.821487426757812e-06,86.4534515127133,62.794503687645175,37,INTERNET-100,0,88,100
LIA,0.900880786369695,0.842357322861712,5.412101745605469e-05,89.92241061991251,84.08082647683067,61,INTERNET-100,0,89,100
VCG,1.0,0.7410608788519122,8.106231689453125e-06,99.81610439520573,73.96981004668537,28,INTERNET-100,0,89,100
HoldBack,0.8479622601839847,0.7379010172296371,1.0013580322265625e-05,84.64028948571922,73.65440496912196,28,INTERNET-100,0,89,100
LIA,0.9399893966936778,0.7178657500337158,5.2928924560546875e-05,93.52116299735803,71.42169906944372,45,INTERNET-100,0,90,100
VCG,1.0,0.6122741629701379,8.106231689453125e-06,99.49172121122825,60.9162103270631,70,INTERNET-100,0,90,100
HoldBack,0.9033772638414863,0.7423966172271987,9.059906005859375e-06,89.87855888267934,73.86231726932739,70,INTERNET-100,0,90,100
LIA,0.8509350842810218,0.7531279948039691,5.1975250244140625e-05,84.85658880435066,75.10311156828496,47,INTERNET-100,0,91,100
VCG,1.0,0.5876827710689845,8.106231689453125e-06,99.72157732343156,58.60465289680426,47,INTERNET-100,0,91,100
HoldBack,0.8066741640227599,0.6745673079869271,7.867813110351562e-06,80.44282002241017,67.26891596327742,47,INTERNET-100,0,91,100
LIA,0.8937942108680533,0.7774708315736786,5.1975250244140625e-05,88.05377026691772,76.59395995206832,8,INTERNET-100,0,92,100
VCG,1.0,0.6839162769833507,7.867813110351562e-06,98.51682769504612,67.3772620174062,8,INTERNET-100,0,92,100
HoldBack,0.8893956139081789,0.6179943007344135,9.059906005859375e-06,87.62043444812183,60.88283804197273,8,INTERNET-100,0,92,100
LIA,0.9717548909295851,0.8070543877980024,5.1975250244140625e-05,96.6012445754727,80.22852164582778,54,INTERNET-100,0,93,100
VCG,1.0,0.7642036092834634,8.106231689453125e-06,99.4090644432605,75.96876584303209,54,INTERNET-100,0,93,100
HoldBack,0.821578821044495,0.5358417880533457,1.0013580322265625e-05,81.6723819664302,53.26753083998698,54,INTERNET-100,0,93,100
LIA,0.964853146503618,0.7398883596482657,5.3882598876953125e-05,96.32293993225733,73.86432047325978,94,INTERNET-100,0,94,100
VCG,1.0,0.5874214167751596,7.867813110351562e-06,99.83171043314428,58.64328478172509,94,INTERNET-100,0,94,100
HoldBack,0.9256377834681169,0.5699095820129317,8.821487426757812e-06,92.40800316516655,56.89504836458929,94,INTERNET-100,0,94,100
LIA,0.8500253321038512,0.8301868991058561,5.507469177246094e-05,84.45767367448694,82.48654665382405,33,INTERNET-100,0,95,100
VCG,1.0,0.5810841433598664,8.106231689453125e-06,99.35900788444783,57.73594398162058,33,INTERNET-100,0,95,100
HoldBack,0.836676862279107,0.5380903210913496,9.059906005859375e-06,83.13138295592486,53.46412045586047,33,INTERNET-100,0,95,100
LIA,0.8667353952200151,0.699570022775187,5.4836273193359375e-05,86.51617247262445,69.82998626902993,42,INTERNET-100,0,96,100
VCG,1.0,0.6944304102547839,8.106231689453125e-06,99.81843703367264,69.3169581802846,42,INTERNET-100,0,96,100
HoldBack,0.9378092384743297,0.6456339527996265,9.059906005859375e-06,93.61065242024637,64.4461720643307,42,INTERNET-100,0,96,100
LIA,0.9461761234704673,0.7843030487392773,5.3882598876953125e-05,93.63629954889106,77.61687637973006,68,INTERNET-100,0,97,100
VCG,1.0,0.6033217294872328,7.152557373046875e-06,98.962864551521,59.706446596234414,68,INTERNET-100,0,97,100
HoldBack,0.8508605129178419,0.6282806407013645,9.059906005859375e-06,84.20359369212606,62.17645194607196,68,INTERNET-100,0,97,100
LIA,0.9062622204755535,0.7983211524412598,5.4836273193359375e-05,89.06080682495983,78.45315002157066,17,INTERNET-100,0,98,100
VCG,1.0,0.7963717421347464,7.867813110351562e-06,98.27266856410048,78.26157626862323,17,INTERNET-100,0,98,100
HoldBack,0.8051458310096796,0.5106621244866418,8.106231689453125e-06,79.1238293965815,50.184129707915176,17,INTERNET-100,0,98,100
LIA,0.8803024280203504,0.8007227274281357,5.1975250244140625e-05,86.82785371907362,78.97858012617066,61,INTERNET-100,0,99,100
VCG,1.0,0.6618850526394628,8.344650268554688e-06,98.63411817951543,65.28444850329556,61,INTERNET-100,0,99,100
HoldBack,0.902359741331453,0.6655643112911606,8.106231689453125e-06,89.00345736692351,65.64734893596012,61,INTERNET-100,0,99,100
LIA,0.8921574224954741,0.6565172247448123,5.2928924560546875e-05,89.1112189868493,65.57480631527258,31,INTERNET-100,1,0,100
VCG,1.0,0.5911042901180156,7.867813110351562e-06,99.88284213070183,59.04117649263832,31,INTERNET-100,1,0,100
HoldBack,0.8834452398255107,0.6342612260408903,9.298324584960938e-06,88.2410214206115,63.35181391026764,31,INTERNET-100,1,0,100
LIA,0.8675622709230307,0.8306555854116808,5.1975250244140625e-05,83.32180648208303,79.77724050551048,81,INTERNET-100,1,1,100
VCG,1.0,0.7247093934283397,7.867813110351562e-06,96.0412978695281,69.6020307230962,66,INTERNET-100,1,1,100
HoldBack,0.8453780496177545,0.7344656069108387,8.106231689453125e-06,81.19120507569946,70.53903012824759,66,INTERNET-100,1,1,100
LIA,0.8683266780064814,0.6954267394402762,5.1975250244140625e-05,86.00358219132771,68.87867464905,11,INTERNET-100,1,2,100
VCG,1.0,0.7123491977948161,7.867813110351562e-06,99.04519159629662,70.55476277905575,11,INTERNET-100,1,2,100
HoldBack,0.9335693070047935,0.7122906964501454,9.298324584960938e-06,92.46555088071163,70.54896850216421,11,INTERNET-100,1,2,100
LIA,0.8648304433936421,0.8313249210464708,5.2928924560546875e-05,86.38380029316103,83.03709300126857,84,INTERNET-100,1,3,100
VCG,1.0,0.7352097495228008,9.059906005859375e-06,99.8852445043288,73.4366055930513,84,INTERNET-100,1,3,100
HoldBack,0.9122390798530311,0.6241148844647195,1.0013580322265625e-05,91.11922353752394,62.33986783354943,84,INTERNET-100,1,3,100
LIA,0.9373932550890741,0.8378147550022194,5.3882598876953125e-05,92.96186233955297,83.08660159194525,97,INTERNET-100,1,4,100
VCG,1.0,0.7301972533183493,9.059906005859375e-06,99.17061151748892,72.41410813997146,97,INTERNET-100,1,4,100
HoldBack,0.8651246516639294,0.7127806546590314,9.059906005859375e-06,85.79494074436647,70.68689340037223,97,INTERNET-100,1,4,100
LIA,0.9213072620578266,0.7790087659474391,5.3882598876953125e-05,91.02653405832633,76.9672300279758,12,INTERNET-100,1,5,100
VCG,1.0,0.7014254607032777,7.867813110351562e-06,98.80149414540594,69.30188354911355,12,INTERNET-100,1,5,100
HoldBack,0.9290307433990485,0.6945524377065483,9.059906005859375e-06,91.78962555484321,68.62281860774095,12,INTERNET-100,1,5,100
LIA,0.9063405486922911,0.8466053378265895,5.412101745605469e-05,88.66002811879058,82.81661144425641,91,INTERNET-100,1,6,100
VCG,1.0,0.556657207196497,8.106231689453125e-06,97.82198120420989,54.4533108595637,91,INTERNET-100,1,6,100
HoldBack,0.8641010799960449,0.5335477033303353,7.867813110351562e-06,84.52807960591058,52.19269340672941,91,INTERNET-100,1,6,100
LIA,0.9174919010350088,0.811316914325347,5.1975250244140625e-05,90.71963586906091,80.22128038293944,91,INTERNET-100,1,7,100
VCG,1.0,0.6091230426573403,8.821487426757812e-06,98.87786013884313,60.22878301921907,91,INTERNET-100,1,7,100
HoldBack,0.8231581744932771,0.5147412219498213,8.821487426757812e-06,81.39211884969168,50.896510551651645,91,INTERNET-100,1,7,100
LIA,0.8903800191706706,0.8290953881091613,5.1975250244140625e-05,88.05248319514838,81.99185309285714,53,INTERNET-100,1,8,100
VCG,1.0,0.6139826264399486,7.867813110351562e-06,98.89314820559808,60.7186748721882,45,INTERNET-100,1,8,100
HoldBack,0.8370560868475806,0.605935004953674,9.059906005859375e-06,82.77911165301576,59.92282024784349,45,INTERNET-100,1,8,100
LIA,0.881878880093274,0.7701408022890882,5.1975250244140625e-05,87.89200349747568,76.75568563472339,76,INTERNET-100,1,9,100
VCG,1.0,0.5543649795815198,7.867813110351562e-06,99.66448395745635,55.250499614077995,76,INTERNET-100,1,9,100
HoldBack,0.9355314093327675,0.7065568407024831,8.106231689453125e-06,93.23925513714214,70.41862291522368,76,INTERNET-100,1,9,100
LIA,0.8776801060476316,0.7615759080494646,5.125999450683594e-05,86.44156360467132,75.00661327724161,80,INTERNET-100,1,10,100
VCG,1.0,0.5547285716430858,8.106231689453125e-06,98.48868968209261,54.63449015034635,21,INTERNET-100,1,10,100
HoldBack,0.8820275660448386,0.7318251733700688,7.867813110351562e-06,86.86973924324155,72.07650240158833,21,INTERNET-100,1,10,100
LIA,0.9419176868156321,0.7759028428447391,5.1021575927734375e-05,94.09451301573377,77.51017012093702,42,INTERNET-100,1,11,100
VCG,1.0,0.5723974954168026,7.867813110351562e-06,99.89674717102059,57.18064788097775,50,INTERNET-100,1,11,100
HoldBack,0.8984538459044978,0.5566462817863631,9.059906005859375e-06,89.75261668915272,55.607152875301,50,INTERNET-100,1,11,100
LIA,0.967165190632982,0.6610370987233394,5.507469177246094e-05,95.44579724067138,65.23519818989433,29,INTERNET-100,1,12,100
VCG,1.0,0.746104241141144,7.867813110351562e-06,98.6861377612286,73.63014592549186,29,INTERNET-100,1,12,100
HoldBack,0.8351459314989594,0.69018621403432,8.821487426757812e-06,82.41732644663588,68.11181179909171,29,INTERNET-100,1,12,100
LIA,0.8849175013949133,0.7579807565287148,5.3882598876953125e-05,88.30195379916466,75.63550459579506,78,INTERNET-100,1,13,100
VCG,1.0,0.758022832255878,7.867813110351562e-06,99.78552086490832,75.63970314414581,78,INTERNET-100,1,13,100
HoldBack,0.8386461137825436,0.7359625109944227,9.298324584960938e-06,83.68473928512228,73.43840249662428,78,INTERNET-100,1,13,100
LIA,0.9014867187038822,0.8239286959539557,5.5789947509765625e-05,89.7856631394507,82.06109176207234,49,INTERNET-100,1,14,100
VCG,1.0,0.606466088581557,8.106231689453125e-06,99.59732215305465,60.402398399360315,49,INTERNET-100,1,14,100
HoldBack,0.9023765357136052,0.5641995474499859,9.059906005859375e-06,89.87428653082536,56.19276408598389,49,INTERNET-100,1,14,100
LIA,0.8733944691662837,0.723439833952353,5.2928924560546875e-05,87.27407084050517,72.28983185280549,85,INTERNET-100,1,15,100
VCG,1.0,0.7568404727852712,7.867813110351562e-06,99.92514713748348,75.62739560267079,85,INTERNET-100,1,15,100
HoldBack,0.9353480712704528,0.6236107287515513,1.0013580322265625e-05,93.46479364646139,62.31439382701206,85,INTERNET-100,1,15,100
LIA,0.9256233971991386,0.6977303780274587,5.1975250244140625e-05,91.78100012383634,69.1840678465103,55,INTERNET-100,1,16,100
VCG,1.0,0.611113943854512,7.867813110351562e-06,99.15587743520551,60.59553931578306,55,INTERNET-100,1,16,100
HoldBack,0.8714664057807967,0.5448949396883896,8.344650268554688e-06,86.41101612049975,54.029535854805665,55,INTERNET-100,1,16,100
LIA,0.9578463340155686,0.6810642558715261,5.1975250244140625e-05,95.6888125649841,68.0382934197685,41,INTERNET-100,1,17,100
VCG,1.0,0.7291567347767456,7.867813110351562e-06,99.89996220357075,72.84273024467595,41,INTERNET-100,1,17,100
HoldBack,0.8219962010923901,0.6701688434597218,7.867813110351562e-06,82.11738942060852,66.94984213163694,41,INTERNET-100,1,17,100
LIA,0.8756731044139323,0.7634489155430406,5.1975250244140625e-05,87.46966766631388,76.25976244577123,15,INTERNET-100,1,18,100
VCG,1.0,0.5616115895009459,8.106231689453125e-06,99.8884940343752,56.09853590750121,15,INTERNET-100,1,18,100
HoldBack,0.8701225815960071,0.5437451059824954,7.867813110351562e-06,86.9152343009279,54.3138797751532,15,INTERNET-100,1,18,100
LIA,0.9535691472995661,0.8290306233954311,5.1975250244140625e-05,95.19928389573883,82.76601848789586,71,INTERNET-100,1,19,100
VCG,1.0,0.7452934918615393,7.867813110351562e-06,99.8346938607817,74.40614759642976,43,INTERNET-100,1,19,100
HoldBack,0.819253042735125,0.710324427041227,7.867813110351562e-06,81.78987671597511,70.91502171549607,43,INTERNET-100,1,19,100
LIA,0.8545768780662671,0.8096497706857146,5.078315734863281e-05,85.3946360938027,80.90524013191947,57,INTERNET-100,1,20,100
VCG,1.0,0.7912579067650317,7.867813110351562e-06,99.92621879383552,79.06741071375487,57,INTERNET-100,1,20,100
HoldBack,0.8465200156721522,0.6813114770670936,1.0013580322265625e-05,84.58954429941654,68.08087972415764,57,INTERNET-100,1,20,100
LIA,0.9494324442839627,0.7770031120474268,5.1975250244140625e-05,92.76214273913956,75.91532606920471,11,INTERNET-100,1,21,100
VCG,1.0,0.7009893865323817,7.867813110351562e-06,97.7027310343269,68.4885774902911,11,INTERNET-100,1,21,100
HoldBack,0.8806640107223893,0.6836268935066727,7.867813110351562e-06,86.04327897122118,66.79221450411488,11,INTERNET-100,1,21,100
LIA,0.8594201319507749,0.7302351876749072,5.1975250244140625e-05,85.84458287354379,72.940733821589,85,INTERNET-100,1,22,100
VCG,1.0,0.7771313787814401,7.867813110351562e-06,99.88663248868448,77.62503642776636,85,INTERNET-100,1,22,100
HoldBack,0.8439369862555786,0.7130602828298027,9.059906005859375e-06,84.29802358971894,71.22519041329792,85,INTERNET-100,1,22,100
LIA,0.9310285815348932,0.7653779376308717,5.1021575927734375e-05,92.82313230255495,76.30783734806795,10,INTERNET-100,1,23,100
VCG,1.0,0.6313924023294959,8.106231689453125e-06,99.69955181131688,62.949539529321406,10,INTERNET-100,1,23,100
HoldBack,0.8902454114716495,0.7393257465591101,8.821487426757812e-06,88.75706852580483,73.71044557451053,10,INTERNET-100,1,23,100
LIA,0.9120405806097155,0.7231292921634846,5.078315734863281e-05,90.93374582317801,72.09860684809584,58,INTERNET-100,1,24,100
VCG,1.0,0.6978529182347589,7.867813110351562e-06,99.70361819030812,69.57846091267072,58,INTERNET-100,1,24,100
HoldBack,0.8102817214692304,0.7178183920466747,9.298324584960938e-06,80.78801938395374,71.56909089060257,58,INTERNET-100,1,24,100
LIA,0.8781705728581578,0.8431108672081232,5.125999450683594e-05,86.97891796716904,83.50640891717609,74,INTERNET-100,1,25,100
VCG,1.0,0.6774917681995456,8.106231689453125e-06,99.04558482765043,67.10256839724298,74,INTERNET-100,1,25,100
HoldBack,0.8779667525001837,0.617850213430027,9.059906005859375e-06,86.95873046061372,61.19533572506566,74,INTERNET-100,1,25,100
LIA,0.9036530151197392,0.6693669870457905,5.221366882324219e-05,90.06204276526589,66.7120644808418,94,INTERNET-100,1,26,100
VCG,1.0,0.751143522974816,7.867813110351562e-06,99.66440797337698,74.86227452032173,94,INTERNET-100,1,26,100
HoldBack,0.9349121779857773,0.6708504490103399,9.059906005859375e-06,93.17746872605294,66.85991283928965,94,INTERNET-100,1,26,100
LIA,0.8532852089596727,0.6990998362832561,5.1975250244140625e-05,84.25045804328477,69.02672260856379,81,INTERNET-100,1,27,100
VCG,1.0,0.6612312285708928,7.867813110351562e-06,98.73657384264648,65.28770602685381,81,INTERNET-100,1,27,100
HoldBack,0.9021140077317035,0.6970284092279647,8.106231689453125e-06,89.07164633888709,68.82219699815934,81,INTERNET-100,1,27,100
LIA,0.9012308515049038,0.7171663795432156,5.078315734863281e-05,89.41108707978869,71.15005606494856,59,INTERNET-100,1,28,100
VCG,1.0,0.6291322106135822,7.867813110351562e-06,99.20997148564902,62.41618867567682,59,INTERNET-100,1,28,100
HoldBack,0.8749145390211119,0.6170590422913449,8.106231689453125e-06,86.80024646866427,61.21840999068622,59,INTERNET-100,1,28,100
LIA,0.9095676466935281,0.7271763736600718,5.1975250244140625e-05,90.6994301696613,72.51190492930108,97,INTERNET-100,1,29,100
VCG,1.0,0.7529794747149192,8.106231689453125e-06,99.71708041658367,75.08491483218452,26,INTERNET-100,1,29,100
HoldBack,0.9465047838982482,0.6267488423226548,8.821487426757812e-06,94.38269365066276,62.49756471088889,26,INTERNET-100,1,29,100
LIA,0.9086350228170971,0.6610069980444808,5.1975250244140625e-05,90.3178442457384,65.70374858502667,89,INTERNET-100,1,30,100
VCG,1.0,0.6223334135893661,8.106231689453125e-06,99.39947501222265,61.85961459334742,89,INTERNET-100,1,30,100
HoldBack,0.844659722778787,0.6077401381144935,9.059906005859375e-06,83.95873300818094,60.40905067243634,89,INTERNET-100,1,30,100
LIA,0.9541566222259673,0.6864572338494643,5.1975250244140625e-05,94.35724435618093,67.88425657340595,72,INTERNET-100,1,31,100
VCG,1.0,0.7692639850347424,8.106231689453125e-06,98.8907294234917,76.07307659930768,72,INTERNET-100,1,31,100
HoldBack,0.9131718982535177,0.7406018310013369,8.106231689453125e-06,90.30423510732493,73.23865528009574,72,INTERNET-100,1,31,100
LIA,0.8536436590948083,0.7066108477858645,5.221366882324219e-05,83.94208070168345,69.48377602010437,92,INTERNET-100,1,32,100
VCG,1.0,0.5804311383566514,8.106231689453125e-06,98.33386543361014,57.07603745264011,92,INTERNET-100,1,32,100
HoldBack,0.8913685129342056,0.626738006958649,9.059906005859375e-06,87.65171140262936,61.62957083840081,92,INTERNET-100,1,32,100
LIA,0.9298211304682638,0.8365727287549817,5.1021575927734375e-05,92.22206569449932,82.97344792607049,24,INTERNET-100,1,33,100
VCG,1.0,0.5635706855499818,6.9141387939453125e-06,99.18258756719769,55.8963988698667,1,INTERNET-100,1,33,100
HoldBack,0.9356170640200892,0.6349342446566876,8.821487426757812e-06,92.79692138153689,62.974421320074434,1,INTERNET-100,1,33,100
LIA,0.9023440398330553,0.8162749296272762,5.221366882324219e-05,90.20001539686746,81.59638449441003,93,INTERNET-100,1,34,100
VCG,1.0,0.7739757220802586,8.344650268554688e-06,99.961889717314,77.36807577446527,93,INTERNET-100,1,34,100
HoldBack,0.9379519739018427,0.6114065081940797,8.821487426757812e-06,93.75945177531297,61.11734994454463,93,INTERNET-100,1,34,100
LIA,0.9126846200762808,0.6861750397165179,5.173683166503906e-05,90.96018292897406,68.3857334296857,62,INTERNET-100,1,35,100
VCG,1.0,0.7628719895361566,7.867813110351562e-06,99.6622282529224,76.02952234891347,62,INTERNET-100,1,35,100
HoldBack,0.8859107574200918,0.7161112100718454,9.059906005859375e-06,88.29184011772057,71.36923887265672,62,INTERNET-100,1,35,100
LIA,0.8545108728301707,0.734783896087088,5.1021575927734375e-05,85.42885847823983,73.4592753197057,72,INTERNET-100,1,36,100
VCG,1.0,0.6011005709585285,8.106231689453125e-06,99.97398651616496,60.09442037586699,72,INTERNET-100,1,36,100
HoldBack,0.868864912707179,0.6072174911368511,8.106231689453125e-06,86.86388906735635,60.705953271295066,72,INTERNET-100,1,36,100
LIA,0.9660319413630555,0.6606605267979626,5.1975250244140625e-05,96.3388338599887,65.88525907252742,15,INTERNET-100,1,37,100
VCG,1.0,0.7816042786848365,7.867813110351562e-06,99.7263441662769,77.94653729795861,15,INTERNET-100,1,37,100
HoldBack,0.9232330807728573,0.5068895824485149,9.059906005859375e-06,92.0706599588461,50.55024495356099,15,INTERNET-100,1,37,100
LIA,0.9006050768524441,0.7019685352730275,5.1021575927734375e-05,90.04825943188855,70.18730673627431,45,INTERNET-100,1,38,100
VCG,1.0,0.7261289211027254,6.9141387939453125e-06,99.9863999730063,72.60301673734463,45,INTERNET-100,1,38,100
HoldBack,0.8026547414493367,0.7310645810683278,9.059906005859375e-06,80.25455801878334,73.09651560879611,45,INTERNET-100,1,38,100
LIA,0.9478305155950992,0.7980996837998262,5.1975250244140625e-05,93.75022573199452,78.94030027709104,43,INTERNET-100,1,39,100
VCG,1.0,0.6810821466732502,7.867813110351562e-06,98.91032646604869,67.36605747764843,43,INTERNET-100,1,39,100
HoldBack,0.8207241990794043,0.6853918395517303,8.344650268554688e-06,81.17809846953021,67.79233060722731,43,INTERNET-100,1,39,100
LIA,0.9011473744116201,0.7355222037387215,5.078315734863281e-05,90.04044329680974,73.4915810219409,36,INTERNET-100,1,40,100
VCG,1.0,0.7412172609672606,8.106231689453125e-06,99.91755605524482,74.06061722181128,28,INTERNET-100,1,40,100
HoldBack,0.8938871941896277,0.5279028397428546,9.059906005859375e-06,89.31502383250763,52.746761581729594,28,INTERNET-100,1,40,100
LIA,0.9272746394918822,0.7230360000782067,5.1021575927734375e-05,92.11582268259251,71.82667695175127,4,INTERNET-100,1,41,100
VCG,1.0,0.7688510715154258,8.106231689453125e-06,99.34038822960707,76.37796393509178,4,INTERNET-100,1,41,100
HoldBack,0.8993480743080162,0.6030892683670263,7.867813110351562e-06,89.34158685530784,59.911122056690076,4,INTERNET-100,1,41,100
LIA,0.9112208315313667,0.8386237378082275,5.1975250244140625e-05,90.15931766832546,82.9763119596194,18,INTERNET-100,1,42,100
VCG,1.0,0.6621196052412024,7.867813110351562e-06,98.94343341208166,65.51238707201671,18,INTERNET-100,1,42,100
HoldBack,0.8442387163917444,0.674502936683195,7.867813110351562e-06,83.53187721920786,66.73763640196724,18,INTERNET-100,1,42,100
LIA,0.8656599351194818,0.7308778298720476,5.1975250244140625e-05,83.04535608989165,70.11530414833621,97,INTERNET-100,1,43,100
VCG,1.0,0.5941399552593251,8.106231689453125e-06,95.93300177214441,56.99762938079463,97,INTERNET-100,1,43,100
HoldBack,0.9183813310118623,0.6272445090573999,8.106231689453125e-06,88.10307785546532,60.1734485989714,97,INTERNET-100,1,43,100
LIA,0.8515331864987703,0.7301805932944595,5.1975250244140625e-05,84.58437003267603,72.53019197976576,94,INTERNET-100,1,44,100
VCG,1.0,0.6389217798651999,8.344650268554688e-06,99.33185385347068,63.465284861369405,62,INTERNET-100,1,44,100
HoldBack,0.8861592489100347,0.5299401812520385,8.106231689453125e-06,88.02384100363291,52.63994063520924,62,INTERNET-100,1,44,100
LIA,0.9689932486218813,0.8153257279833799,5.1975250244140625e-05,96.51831872748234,81.21198841388852,84,INTERNET-100,1,45,100
VCG,1.0,0.667200687664899,7.867813110351562e-06,99.60680207499107,66.45772684053553,84,INTERNET-100,1,45,100
HoldBack,0.8325398632560291,0.6933264235574983,9.059906005859375e-06,82.92663337888342,69.06002784465315,84,INTERNET-100,1,45,100
LIA,0.931861045262129,0.7390391158500133,5.078315734863281e-05,93.11594522653876,73.84826974111971,55,INTERNET-100,1,46,100
VCG,1.0,0.6417424737624924,7.867813110351562e-06,99.92471055633149,64.1259309424212,55,INTERNET-100,1,46,100
HoldBack,0.9213107187825079,0.5513227222959758,9.059906005859375e-06,92.06170690678782,55.09076344855411,55,INTERNET-100,1,46,100
LIA,0.8983457607169474,0.784304334142132,5.1975250244140625e-05,89.658041820171,78.2763094848209,90,INTERNET-100,1,47,100
VCG,1.0,0.6411814526486845,8.821487426757812e-06,99.80348963701587,63.99214646486977,67,INTERNET-100,1,47,100
HoldBack,0.8017439289523889,0.6622961975580519,9.059906005859375e-06,80.01684190474013,66.09947168962005,67,INTERNET-100,1,47,100
LIA,0.9491911822954825,0.6631590354030175,5.1021575927734375e-05,93.58473140580834,65.3836248851779,76,INTERNET-100,1,48,100
VCG,1.0,0.7659753539692029,8.106231689453125e-06,98.59418539844324,75.52071605987778,76,INTERNET-100,1,48,100
HoldBack,0.9138753336989135,0.503817014526962,7.867813110351562e-06,90.10279408177486,49.673428137161466,76,INTERNET-100,1,48,100
LIA,0.9331778449311995,0.747847740116962,5.1975250244140625e-05,93.25963404672578,74.73817230532384,4,INTERNET-100,1,49,100
VCG,1.0,0.5502331518659072,8.106231689453125e-06,99.937685569037,54.98902772083522,41,INTERNET-100,1,49,100
HoldBack,0.860808370029453,0.6248073839812216,8.106231689453125e-06,86.02719621919873,62.44180388152789,41,INTERNET-100,1,49,100
LIA,0.8991652054290944,0.6791036532306206,5.1975250244140625e-05,88.38272006427323,66.75194693445053,77,INTERNET-100,1,50,100
VCG,1.0,0.7053151380905327,7.867813110351562e-06,98.29419502737068,69.3283837392277,77,INTERNET-100,1,50,100
HoldBack,0.920088079361861,0.5274970386412444,8.344650268554688e-06,90.43931711515367,51.849896792562966,77,INTERNET-100,1,50,100
LIA,0.8962240597675607,0.6891119123015408,5.1975250244140625e-05,86.16264937627497,66.25096417970673,80,INTERNET-100,1,51,100
VCG,1.0,0.7988388430784965,8.106231689453125e-06,96.1396298584325,76.8000706901051,80,INTERNET-100,1,51,100
HoldBack,0.9049382553041401,0.5262692391240344,7.867813110351562e-06,87.00042890967572,50.59532985526358,80,INTERNET-100,1,51,100
LIA,0.8975490666686683,0.6738417265767981,5.221366882324219e-05,89.63271293270918,67.29243479079386,29,INTERNET-100,1,52,100
VCG,1.0,0.552533819851875,8.106231689453125e-06,99.86385843549347,55.1781591665101,63,INTERNET-100,1,52,100
HoldBack,0.9313846444838778,0.6707844128880852,7.867813110351562e-06,93.01166428573039,66.98711964939135,63,INTERNET-100,1,52,100
LIA,0.9145168493968546,0.8392087645136395,5.602836608886719e-05,86.28024399423406,79.17529022247183,19,INTERNET-100,1,53,100
VCG,1.0,0.7587357585757161,7.867813110351562e-06,94.34516603071656,71.58305111626761,15,INTERNET-100,1,53,100
HoldBack,0.9278964578426083,0.5951525110625594,9.059906005859375e-06,87.54254537447467,56.149762469795036,15,INTERNET-100,1,53,100
LIA,0.9577237023203904,0.795540420559374,5.1975250244140625e-05,95.30624395755252,79.16685074852761,56,INTERNET-100,1,54,100
VCG,1.0,0.7923119051043599,6.9141387939453125e-06,99.51329775658974,78.84557052874104,18,INTERNET-100,1,54,100
HoldBack,0.8942209429519187,0.5009656455577015,9.059906005859375e-06,88.98687495615273,49.85274345220574,18,INTERNET-100,1,54,100
LIA,0.9312695691190883,0.84544984840084,5.245208740234375e-05,92.91579403152592,84.35328135150498,3,INTERNET-100,1,55,100
VCG,1.0,0.7511578208906693,8.106231689453125e-06,99.77325267850999,74.9454590651637,3,INTERNET-100,1,55,100
HoldBack,0.874326906539255,0.5404752549564517,8.106231689453125e-06,87.23443936976108,53.92497417925216,3,INTERNET-100,1,55,100
LIA,0.8920840578082174,0.822072181269322,5.078315734863281e-05,88.39338205606502,81.4561584870557,8,INTERNET-100,1,56,100
VCG,1.0,0.5559226774094712,8.106231689453125e-06,99.08638236764462,55.084366980639615,8,INTERNET-100,1,56,100
HoldBack,0.9389992129273748,0.6851845097814278,9.059906005859375e-06,93.0420350550392,67.89245432858968,8,INTERNET-100,1,56,100
LIA,0.961470048039272,0.6945306612051051,5.1975250244140625e-05,93.36904690422621,67.44637132974312,48,INTERNET-100,1,57,100
VCG,1.0,0.7777671677946998,7.152557373046875e-06,97.1107182117986,75.52952826609977,48,INTERNET-100,1,57,100
HoldBack,0.9460046906009876,0.6445773112000646,9.059906005859375e-06,91.86719493599222,62.59536563366828,48,INTERNET-100,1,57,100
LIA,0.9201414182914807,0.7246311301704869,5.1975250244140625e-05,91.42310810328323,71.99766126340678,40,INTERNET-100,1,58,100
VCG,1.0,0.7891550163470116,7.867813110351562e-06,99.3576707730837,78.40860430313386,40,INTERNET-100,1,58,100
HoldBack,0.9140248998739471,0.5945576723584156,9.298324584960938e-06,90.81538508007642,59.07386546579843,40,INTERNET-100,1,58,100
LIA,0.9048234245696111,0.6986233283900879,5.1975250244140625e-05,89.65084677075251,69.22032659992699,0,INTERNET-100,1,59,100
VCG,1.0,0.6798173417657325,7.867813110351562e-06,99.08104093723689,67.3570098693341,81,INTERNET-100,1,59,100
HoldBack,0.8193644399735723,0.6395105506086056,9.298324584960938e-06,81.1834816195377,63.36337104464616,81,INTERNET-100,1,59,100
LIA,0.9135512449963075,0.7470444603421392,5.1975250244140625e-05,90.9515972857363,74.37446698663639,87,INTERNET-100,1,60,100
VCG,1.0,0.5805615236893604,7.867813110351562e-06,99.55828727057771,57.79971095370965,51,INTERNET-100,1,60,100
HoldBack,0.9371206599706275,0.578076875720417,9.059906005859375e-06,93.2981278725491,57.552343657451324,51,INTERNET-100,1,60,100
LIA,0.8662460747973526,0.6740808541229736,5.125999450683594e-05,86.3145926134459,67.16684323880983,32,INTERNET-100,1,61,100
VCG,1.0,0.7463964837044448,8.106231689453125e-06,99.64211685881303,74.37252565228542,95,INTERNET-100,1,61,100
HoldBack,0.8050019457211385,0.5555081402984261,9.059906005859375e-06,80.21209794711754,55.352007031637676,95,INTERNET-100,1,61,100
LIA,0.9568128627446725,0.8408916081280688,6.29425048828125e-05,94.33533166611646,82.90627335471311,71,INTERNET-100,1,62,100
VCG,1.0,0.7419718143738108,8.821487426757812e-06,98.59329377691492,73.15344506874771,71,INTERNET-100,1,62,100
HoldBack,0.9471511633758091,0.7323979738198445,1.0013580322265625e-05,93.38275290185788,72.20952859443717,71,INTERNET-100,1,62,100
LIA,0.851533679186842,0.837849941352445,5.2928924560546875e-05,84.69314997369015,83.33217167190891,0,INTERNET-100,1,63,100
VCG,1.0,0.6815593630899448,9.059906005859375e-06,99.45954228676719,67.78758229418648,71,INTERNET-100,1,63,100
HoldBack,0.868177390606892,0.5098341782417977,8.821487426757812e-06,86.34852589348137,50.70787401007927,71,INTERNET-100,1,63,100
LIA,0.8743411949395175,0.7833874136166382,5.2928924560546875e-05,85.18076930832538,76.31979705924819,60,INTERNET-100,1,64,100
VCG,1.0,0.5937719828757152,7.867813110351562e-06,97.42280222106858,57.846930452112524,60,INTERNET-100,1,64,100
HoldBack,0.8785024024612355,0.5193450524837493,7.867813110351562e-06,85.58616580571453,50.59605033261479,60,INTERNET-100,1,64,100
LIA,0.9366325400979301,0.8081996498945333,5.1975250244140625e-05,91.11189387496864,78.61845235835862,45,INTERNET-100,1,65,100
VCG,1.0,0.6723008888102919,8.106231689453125e-06,97.27602872460784,65.39876057148933,45,INTERNET-100,1,65,100
HoldBack,0.9288594388326464,0.7264207675113203,8.821487426757812e-06,90.35575745300764,70.66332744658287,45,INTERNET-100,1,65,100
LIA,0.8688344073555564,0.7762379394794141,5.221366882324219e-05,86.76338091437701,77.51652956313231,38,INTERNET-100,1,66,100
VCG,1.0,0.6817315191438654,8.106231689453125e-06,99.86181507067145,68.07894689259261,38,INTERNET-100,1,66,100
HoldBack,0.9190171996799003,0.6120528659563793,8.106231689453125e-06,91.77472564120055,61.120710113610414,38,INTERNET-100,1,66,100
LIA,0.8935585010457988,0.6647101829618307,5.078315734863281e-05,88.65373323378581,65.94871983100157,55,INTERNET-100,1,67,100
VCG,1.0,0.5815809678957813,6.9141387939453125e-06,99.21424633085319,57.701117410148065,55,INTERNET-100,1,67,100
HoldBack,0.8504590256851879,0.7392669447087066,9.059906005859375e-06,84.37765126862763,73.34581275658684,55,INTERNET-100,1,67,100
LIA,0.8885644041668621,0.6567942837934863,5.1021575927734375e-05,88.66010982858026,65.53430799483051,51,INTERNET-100,1,68,100
VCG,1.0,0.6656211321437449,7.867813110351562e-06,99.77904743068113,66.41504251503439,42,INTERNET-100,1,68,100
HoldBack,0.9152248569679918,0.6005217011306967,7.867813110351562e-06,91.32026441314761,59.91948330027311,42,INTERNET-100,1,68,100
LIA,0.8940589298335125,0.6535301065745815,5.1975250244140625e-05,87.97263302407998,64.305340864477,14,INTERNET-100,1,69,100
VCG,1.0,0.7620059347405533,7.867813110351562e-06,98.39690661158302,74.97902679813825,14,INTERNET-100,1,69,100
HoldBack,0.8379195337793197,0.5887561779131729,9.059906005859375e-06,82.4486901133049,57.93178665511503,14,INTERNET-100,1,69,100
LIA,0.8643343199597249,0.8021930125108333,5.125999450683594e-05,86.14988127981249,79.95613641087823,82,INTERNET-100,1,70,100
VCG,1.0,0.7946902699803817,8.344650268554688e-06,99.67194324046602,79.20832348323522,53,INTERNET-100,1,70,100
HoldBack,0.8188011595278324,0.6777237363086178,7.867813110351562e-06,81.61150269768588,67.55004177806912,53,INTERNET-100,1,70,100
LIA,0.92397553902537,0.7152226842354009,5.1021575927734375e-05,92.09945940617617,71.29152211388357,49,INTERNET-100,1,71,100
VCG,1.0,0.7656098395440561,6.9141387939453125e-06,99.67737836796495,76.31398165846981,26,INTERNET-100,1,71,100
HoldBack,0.8264443109935,0.6128827865660684,8.106231689453125e-06,82.3778022869512,61.09054941175871,26,INTERNET-100,1,71,100
LIA,0.9111970949265245,0.6939163854836172,5.1021575927734375e-05,91.00923700452496,69.30750892362562,77,INTERNET-100,1,72,100
VCG,1.0,0.6311981769339143,7.867813110351562e-06,99.87876114976378,63.04329195214876,77,INTERNET-100,1,72,100
HoldBack,0.8359802067306701,0.7042574200297492,8.344650268554688e-06,83.49666739398275,70.34035864310019,77,INTERNET-100,1,72,100
LIA,0.9726666908229084,0.666911828264914,5.125999450683594e-05,97.04352665728415,66.53818455480311,4,INTERNET-100,1,73,100
VCG,1.0,0.642054953054591,8.344650268554688e-06,99.77058695736984,64.05819952514308,84,INTERNET-100,1,73,100
HoldBack,0.9306877519179201,0.6101666435262045,7.867813110351562e-06,92.8552632828859,60.876684166417675,84,INTERNET-100,1,73,100
LIA,0.9209433278549457,0.8279987513452984,5.412101745605469e-05,89.08625201091868,80.0953795917955,37,INTERNET-100,1,74,100
VCG,1.0,0.6288573956621782,7.867813110351562e-06,96.73369610963762,60.831700208283294,53,INTERNET-100,1,74,100
HoldBack,0.8671774851326951,0.5137298293437053,9.298324584960938e-06,83.88528331994593,49.69498519418998,53,INTERNET-100,1,74,100
LIA,0.8708625217986332,0.7167924412936709,5.1975250244140625e-05,86.48781684932051,71.18668197311511,49,INTERNET-100,1,75,100
VCG,1.0,0.7257219569651228,8.344650268554688e-06,99.31282456695135,72.07349739646186,19,INTERNET-100,1,75,100
HoldBack,0.8274246685066277,0.689109936381447,8.821487426757812e-06,82.17388094576658,68.43745421919365,19,INTERNET-100,1,75,100
LIA,0.9508052257740767,0.6830817623368074,5.1975250244140625e-05,95.05355667908346,68.28880327184694,7,INTERNET-100,1,76,100
VCG,1.0,0.676333833932025,7.867813110351562e-06,99.97163888292447,67.6142018101562,7,INTERNET-100,1,76,100
HoldBack,0.8939331887643744,0.5056398047084263,7.867813110351562e-06,89.36796593261319,50.54963996114324,7,INTERNET-100,1,76,100
LIA,0.9784293476141934,0.7513813184070732,5.2928924560546875e-05,96.70077389045646,74.26101348448702,3,INTERNET-100,1,77,100
VCG,1.0,0.6753650714921646,7.867813110351562e-06,98.83265881818863,66.74812568850668,3,INTERNET-100,1,77,100
HoldBack,0.8140620075503506,0.6251784034383379,9.298324584960938e-06,80.4559126490735,61.78804384752113,3,INTERNET-100,1,77,100
LIA,0.9371205105383236,0.8238691889138853,5.1975250244140625e-05,92.82283325583572,81.60516335646544,91,INTERNET-100,1,78,100
VCG,1.0,0.7246713743299487,7.152557373046875e-06,99.05111691826504,71.77950902607556,62,INTERNET-100,1,78,100
HoldBack,0.8440535750543887,0.6345338547024065,9.059906005859375e-06,83.60444934799185,62.851287030725466,62,INTERNET-100,1,78,100
LIA,0.8938040770759308,0.7989571965862566,5.173683166503906e-05,88.04414593916883,78.7012565947534,23,INTERNET-100,1,79,100
VCG,1.0,0.584200194983511,6.9141387939453125e-06,98.5049723952974,57.546624080178105,23,INTERNET-100,1,79,100
HoldBack,0.8976056519830637,0.6849938851801973,9.059906005859375e-06,88.41861997045461,67.47530375062286,23,INTERNET-100,1,79,100
LIA,0.8536453188022396,0.7206136597878372,5.1021575927734375e-05,85.25862550061228,71.97196399633751,18,INTERNET-100,1,80,100
VCG,1.0,0.5532061320992832,8.106231689453125e-06,99.8759363200629,55.25198042141631,18,INTERNET-100,1,80,100
HoldBack,0.8627015376514148,0.548525105061399,7.867813110351562e-06,86.16312383769305,54.7844584630681,18,INTERNET-100,1,80,100
LIA,0.9098446627788452,0.7489877991027621,5.1021575927734375e-05,89.50722047396668,73.68270520140126,96,INTERNET-100,1,81,100
VCG,1.0,0.7382843366701374,8.344650268554688e-06,98.37637580968378,72.62973735866454,96,INTERNET-100,1,81,100
HoldBack,0.8020639066130943,0.5316878269445899,9.298324584960938e-06,78.90414030035288,52.30552147693509,96,INTERNET-100,1,81,100
LIA,0.8537567251611309,0.7832618331484965,5.221366882324219e-05,85.27689021423862,78.23555749069087,79,INTERNET-100,1,82,100
VCG,1.0,0.7221565907887295,8.344650268554688e-06,99.8842968975081,72.13210332083372,42,INTERNET-100,1,82,100
HoldBack,0.8565526861851914,0.6167556463523227,1.0013580322265625e-05,85.55616281527973,61.60420409346991,42,INTERNET-100,1,82,100
LIA,0.9742473719809766,0.7894132922258308,5.316734313964844e-05,97.08542668894076,78.66639265736995,8,INTERNET-100,1,83,100
VCG,1.0,0.7841446050125513,8.106231689453125e-06,99.65172037521953,78.14135891244773,23,INTERNET-100,1,83,100
HoldBack,0.8221318403259139,0.5229892428992957,9.059906005859375e-06,81.9268522637226,52.11677779264838,23,INTERNET-100,1,83,100
LIA,0.9138265033064166,0.8356116627356781,5.1975250244140625e-05,91.36489220348851,83.54492807287673,24,INTERNET-100,1,84,100
VCG,1.0,0.6159875766820027,8.106231689453125e-06,99.98056728811333,61.58678735909684,24,INTERNET-100,1,84,100
HoldBack,0.8682869580312377,0.6420850642240836,8.821487426757812e-06,86.8118226328334,64.19602896834857,24,INTERNET-100,1,84,100
LIA,0.9059915289726835,0.7166173709430604,5.1975250244140625e-05,90.32730416207663,71.44671132455278,14,INTERNET-100,1,85,100
VCG,1.0,0.7770104960572846,8.106231689453125e-06,99.69994340289254,77.46790248036473,14,INTERNET-100,1,85,100
HoldBack,0.8060031925781265,0.5310323746410159,8.106231689453125e-06,80.3584726825899,52.94389769681292,14,INTERNET-100,1,85,100
LIA,0.932738719253085,0.6925933563192361,5.125999450683594e-05,93.13161767955059,69.15370653828093,98,INTERNET-100,1,86,100
VCG,1.0,0.6052873898518409,7.3909759521484375e-06,99.84748757307744,60.43642513637217,98,INTERNET-100,1,86,100
HoldBack,0.8840760244859552,0.682573099714059,8.821487426757812e-06,88.27276986851713,68.15320909141646,98,INTERNET-100,1,86,100
LIA,0.8518101363434014,0.7684470051944815,5.412101745605469e-05,83.79229399749121,75.5918891235045,36,INTERNET-100,1,87,100
VCG,1.0,0.7084382677769078,1.0013580322265625e-05,98.36968406737876,69.68884858245549,8,INTERNET-100,1,87,100
HoldBack,0.8816463392553332,0.7389950124046306,8.106231689453125e-06,86.72727185170815,72.69470589761215,8,INTERNET-100,1,87,100
LIA,0.9095195926813107,0.784059468817343,5.1021575927734375e-05,90.71847966234931,78.20467370723429,16,INTERNET-100,1,88,100
VCG,1.0,0.618634509949837,7.867813110351562e-06,99.74329348409807,61.70464348531779,16,INTERNET-100,1,88,100
HoldBack,0.8868801154552597,0.5420394050555141,9.298324584960938e-06,88.46034364106475,54.06479545839805,16,INTERNET-100,1,88,100
LIA,0.8781876442310605,0.7110810965649845,5.1975250244140625e-05,86.02279307161564,69.65388596477786,54,INTERNET-100,1,89,100
VCG,1.0,0.7068510348892137,8.106231689453125e-06,97.95491161451837,69.23953064720376,57,INTERNET-100,1,89,100
HoldBack,0.9247166639007074,0.6876798960067927,7.867813110351562e-06,90.58053908086607,67.36162343242655,57,INTERNET-100,1,89,100
LIA,0.9665674405745829,0.8027553485748115,5.1975250244140625e-05,95.97507183528381,79.70939120381107,85,INTERNET-100,1,90,100
VCG,1.0,0.7069364800002836,7.867813110351562e-06,99.29474944679572,70.19508065642788,2,INTERNET-100,1,90,100
HoldBack,0.8714680284493114,0.6812014168822977,9.298324584960938e-06,86.53219953576742,67.63972401212999,2,INTERNET-100,1,90,100
LIA,0.9427365190922481,0.7276719697111151,5.1975250244140625e-05,92.68764798083035,71.54300486740938,70,INTERNET-100,1,91,100
VCG,1.0,0.6110776167007519,8.106231689453125e-06,98.31765939233837,60.07972098106642,70,INTERNET-100,1,91,100
HoldBack,0.9142487688471871,0.575784755023792,8.821487426757812e-06,89.88679905538244,56.60980942773017,70,INTERNET-100,1,91,100
LIA,0.9793290094187985,0.6609421981973154,5.1975250244140625e-05,96.69939134811335,65.26173294906756,31,INTERNET-100,1,92,100
VCG,1.0,0.6416380422111198,8.106231689453125e-06,98.74045434996503,63.355631816148005,65,INTERNET-100,1,92,100
HoldBack,0.8201699517299312,0.5154954159717806,9.059906005859375e-06,80.9839536780023,50.90025158837784,65,INTERNET-100,1,92,100
LIA,0.897186547099615,0.8091083661138632,5.1975250244140625e-05,88.29705329248661,79.62879598797676,94,INTERNET-100,1,93,100
VCG,1.0,0.5876271705471543,7.867813110351562e-06,98.41548959681732,57.83161568979066,94,INTERNET-100,1,93,100
HoldBack,0.8347397073860293,0.5204312304482965,7.867813110351562e-06,82.15131698830011,51.218494346043165,94,INTERNET-100,1,93,100
LIA,0.9760691869728211,0.727852853859773,5.1975250244140625e-05,97.29044022156542,72.54928801528887,89,INTERNET-100,1,94,100
VCG,1.0,0.6974202159258425,8.106231689453125e-06,99.67576225134387,69.51589163190518,89,INTERNET-100,1,94,100
HoldBack,0.9186948085546128,0.7004382639887963,9.059906005859375e-06,91.57160531903347,69.81671787309129,89,INTERNET-100,1,94,100
LIA,0.8808739648664395,0.7987063585073039,5.1975250244140625e-05,87.85316964078585,79.65825760074051,4,INTERNET-100,1,95,100
VCG,1.0,0.5693502081773022,7.867813110351562e-06,99.73409720890818,56.78362900826717,4,INTERNET-100,1,95,100
HoldBack,0.8211118523990357,0.712051693074873,9.059906005859375e-06,81.8928493065521,71.01583277489704,4,INTERNET-100,1,95,100
LIA,0.9182623267941348,0.8154476134582402,5.1975250244140625e-05,89.9809477210408,79.90608667569055,86,INTERNET-100,1,96,100
VCG,1.0,0.7059025654546881,8.106231689453125e-06,97.99045991049749,69.17171704090495,86,INTERNET-100,1,96,100
HoldBack,0.8260980254292857,0.5048429053560877,9.059906005859375e-06,80.94972544296955,49.46978847839479,86,INTERNET-100,1,96,100
LIA,0.966674361225471,0.6522201574514765,5.078315734863281e-05,94.47457723418562,63.74248258816719,63,INTERNET-100,1,97,100
VCG,1.0,0.7879903181901657,7.867813110351562e-06,97.73154334456378,77.01150993729878,0,INTERNET-100,1,97,100
HoldBack,0.8220451800883741,0.6473505534518512,7.867813110351562e-06,80.33974414899667,63.266568673806944,0,INTERNET-100,1,97,100
LIA,0.9508999209593288,0.7611478756217008,5.1975250244140625e-05,95.00831502584164,76.0494091485046,48,INTERNET-100,1,98,100
VCG,1.0,0.5988610540184736,7.867813110351562e-06,99.91410550333326,59.834666533039126,28,INTERNET-100,1,98,100
HoldBack,0.8469143589921834,0.624057302031316,8.344650268554688e-06,84.61869061663288,62.35212711528242,28,INTERNET-100,1,98,100
LIA,0.9757620457895309,0.829896196082827,5.078315734863281e-05,93.99032162939807,79.93978729283735,85,INTERNET-100,1,99,100
VCG,1.0,0.7542922981399136,6.9141387939453125e-06,96.32504362612964,72.65723852518076,77,INTERNET-100,1,99,100
HoldBack,0.90635946121662,0.5093861207473962,8.106231689453125e-06,87.30511464264629,49.06664030353788,77,INTERNET-100,1,99,100
LIA,0.8579763873110932,0.787088562433456,5.2928924560546875e-05,84.88527535038057,77.87187425599129,88,INTERNET-100,2,0,100
VCG,1.0,0.5661990315523612,7.867813110351562e-06,98.9366101512559,56.0178128527146,48,INTERNET-100,2,0,100
HoldBack,0.8005047760417879,0.5849688673159228,1.0013580322265625e-05,79.19922895146479,57.8748367762572,48,INTERNET-100,2,0,100
LIA,0.9509623346458249,0.6978459529392228,5.2928924560546875e-05,95.08686906836941,69.77772340661305,42,INTERNET-100,2,1,100
VCG,1.0,0.7836054666935621,6.67572021484375e-06,99.99015271596791,78.35283028375659,42,INTERNET-100,2,1,100
HoldBack,0.8277580528781542,0.6701946175611045,8.106231689453125e-06,82.76765411915888,67.01286215935455,42,INTERNET-100,2,1,100
LIA,0.8918548822167502,0.7900424504796543,5.1021575927734375e-05,87.31002098189792,77.34287752792116,75,INTERNET-100,2,2,100
VCG,1.0,0.691392465279234,8.106231689453125e-06,97.8971161371954,67.685328469823,64,INTERNET-100,2,2,100
HoldBack,0.886549602262245,0.5007712504687873,7.867813110351562e-06,86.79064937405138,49.02406126531144,64,INTERNET-100,2,2,100
LIA,0.8615157045555168,0.6691444063327406,5.1975250244140625e-05,86.06614943080845,66.84809361186993,81,INTERNET-100,2,3,100
VCG,1.0,0.7550830531631771,7.867813110351562e-06,99.90084797724343,75.43343730424738,81,INTERNET-100,2,3,100
HoldBack,0.8240314329876659,0.5048829832890223,9.059906005859375e-06,82.32143891537086,50.438238159853746,81,INTERNET-100,2,3,100
LIA,0.8597973722772552,0.7227503398778546,5.221366882324219e-05,85.15355011723322,71.5805366164694,23,INTERNET-100,2,4,100
VCG,1.0,0.737663442601638,7.867813110351562e-06,99.03909091010122,73.05751675288185,63,INTERNET-100,2,4,100
HoldBack,0.8217087708309838,0.5919830033025482,7.867813110351562e-06,81.38128965595733,58.62945848131582,63,INTERNET-100,2,4,100
LIA,0.9048281348661543,0.6693481554336587,5.1975250244140625e-05,90.03879056430013,66.6063488295562,2,INTERNET-100,2,5,100
VCG,1.0,0.6163357143558967,7.867813110351562e-06,99.5092737446974,61.33111931847455,2,INTERNET-100,2,5,100
HoldBack,0.8722326388956477,0.5885428085183464,8.106231689453125e-06,86.7952364329268,58.565467443325154,2,INTERNET-100,2,5,100
LIA,0.892421288434122,0.8292614697788189,5.1975250244140625e-05,89.1223377668112,82.81483394049027,79,INTERNET-100,2,6,100
VCG,1.0,0.5905243788632646,7.867813110351562e-06,99.86576846815119,58.97317089435757,79,INTERNET-100,2,6,100
HoldBack,0.9031974684089139,0.5051569787055229,8.106231689453125e-06,90.19850926114489,50.44788987547653,79,INTERNET-100,2,6,100
LIA,0.9707651793899086,0.6934206955813363,5.1021575927734375e-05,96.17659088375427,68.6992487628855,34,INTERNET-100,2,7,100
VCG,1.0,0.590683074176671,8.106231689453125e-06,99.0729714308437,58.52072733258825,34,INTERNET-100,2,7,100
HoldBack,0.9471661978400056,0.5131558870921664,7.867813110351562e-06,93.83856965886372,50.839878541451455,34,INTERNET-100,2,7,100
LIA,0.9623555733908066,0.6802983736398226,5.078315734863281e-05,96.02237534067726,67.87913696715064,26,INTERNET-100,2,8,100
VCG,1.0,0.6752963379195792,7.867813110351562e-06,99.77847896941849,67.38004145123405,26,INTERNET-100,2,8,100
HoldBack,0.8919629625273383,0.5130839245369316,9.298324584960938e-06,88.99870769803424,51.194733573954935,26,INTERNET-100,2,8,100
LIA,0.8754145509016786,0.6618633791151197,5.125999450683594e-05,86.48008042527599,65.38387806949889,57,INTERNET-100,2,9,100
VCG,1.0,0.5571690356199157,7.867813110351562e-06,98.78757479665073,55.04137778068018,42,INTERNET-100,2,9,100
HoldBack,0.9009384153070661,0.525986558672132,9.059906005859375e-06,89.00152108932276,51.96093650685615,42,INTERNET-100,2,9,100
LIA,0.910687421643433,0.7346274668090633,5.698204040527344e-05,88.9787658327533,71.77681802780585,88,INTERNET-100,2,10,100
VCG,1.0,0.5554106346637337,8.106231689453125e-06,97.70505633226117,54.26642734735703,88,INTERNET-100,2,10,100
HoldBack,0.8320376253136602,0.5536376660041975,8.821487426757812e-06,81.29428305183198,54.09319934460171,88,INTERNET-100,2,10,100
LIA,0.9014762902949981,0.774527201037484,5.173683166503906e-05,88.29617457752533,75.86199403588152,53,INTERNET-100,2,11,100
VCG,1.0,0.6001815818487837,7.867813110351562e-06,97.9461972856007,58.78550362294487,53,INTERNET-100,2,11,100
HoldBack,0.8569044565185802,0.7132001956099226,9.298324584960938e-06,83.93053295307931,69.8552470633385,53,INTERNET-100,2,11,100
LIA,0.9543806685018852,0.6795585652835661,5.1975250244140625e-05,94.663563579617,67.40437812070698,8,INTERNET-100,2,12,100
VCG,1.0,0.6598780043766688,6.9141387939453125e-06,99.188475525403,65.45229328686699,8,INTERNET-100,2,12,100
HoldBack,0.819744304157266,0.6052751429639153,8.821487426757812e-06,81.30918784999149,60.036318704011116,8,INTERNET-100,2,12,100
LIA,0.9561147802957681,0.7499318856069143,5.1975250244140625e-05,94.24217124386118,73.91916811780234,99,INTERNET-100,2,13,100
VCG,1.0,0.5802541419026022,7.867813110351562e-06,98.56784267544526,57.19439897083118,99,INTERNET-100,2,13,100
HoldBack,0.8881758726930469,0.5124933416469941,9.059906005859375e-06,87.54557968773454,50.51536307167414,99,INTERNET-100,2,13,100
LIA,0.9633118452332274,0.7249650446095276,5.1975250244140625e-05,95.37618744552488,71.77779690790686,32,INTERNET-100,2,14,100
VCG,1.0,0.5877485318400865,7.867813110351562e-06,99.00863143900546,58.19217776777168,32,INTERNET-100,2,14,100
HoldBack,0.9235832503274716,0.7356202222281867,7.867813110351562e-06,91.44271363491134,72.83275146166983,32,INTERNET-100,2,14,100
LIA,0.8642486908288766,0.8289747309959568,5.125999450683594e-05,84.71394678525638,81.25638140170302,99,INTERNET-100,2,15,100
VCG,1.0,0.7144442619405988,6.9141387939453125e-06,98.02033567908518,70.03006637941375,99,INTERNET-100,2,15,100
HoldBack,0.8145440098423032,0.5178410591310513,9.059906005859375e-06,79.84187727013062,50.75895444443864,99,INTERNET-100,2,15,100
LIA,0.9260974594046536,0.6964176149841265,5.1021575927734375e-05,92.34952471210754,69.446077291118,87,INTERNET-100,2,16,100
VCG,1.0,0.5705215748552036,7.867813110351562e-06,99.71901312792166,56.89184841274859,87,INTERNET-100,2,16,100
HoldBack,0.8913378760074652,0.6826263770427216,7.867813110351562e-06,88.88333335900222,68.07082865378875,87,INTERNET-100,2,16,100
LIA,0.934959381807306,0.7546996837383458,5.125999450683594e-05,91.79419703654582,74.09632206543755,36,INTERNET-100,2,17,100
VCG,1.0,0.7356107385763447,7.867813110351562e-06,98.17987692588821,72.22217177878726,36,INTERNET-100,2,17,100
HoldBack,0.8524753733257691,0.6463696088928297,9.059906005859375e-06,83.69592723547461,63.46048864973252,36,INTERNET-100,2,17,100
LIA,0.974020514381658,0.8249485677987338,5.1021575927734375e-05,95.99764976639096,81.30539605431537,65,INTERNET-100,2,18,100
VCG,1.0,0.6040383957320445,6.9141387939453125e-06,98.55813953501134,59.532900491063245,2,INTERNET-100,2,18,100
HoldBack,0.9206502449915069,0.5810500408815754,8.106231689453125e-06,90.73757530881531,57.26721100603035,2,INTERNET-100,2,18,100
LIA,0.9715056324748156,0.7557486665324675,6.914138793945312e-05,95.72022605565672,74.46218609918786,37,INTERNET-100,2,19,100
VCG,1.0,0.6729304012886994,9.059906005859375e-06,98.52771086032595,66.30229200729609,37,INTERNET-100,2,19,100
HoldBack,0.8075723003820462,0.7370237603759536,8.821487426757812e-06,79.56825011085054,72.61726395951212,37,INTERNET-100,2,19,100
LIA,0.9342938369368414,0.6820406483222854,5.507469177246094e-05,93.36306465682969,68.15565149896646,53,INTERNET-100,2,20,100
VCG,1.0,0.574466620556814,7.867813110351562e-06,99.92901693853415,57.40588465624433,52,INTERNET-100,2,20,100
HoldBack,0.8954550272352866,0.554818380968562,9.059906005859375e-06,89.48194058429051,55.44245538961752,52,INTERNET-100,2,20,100
LIA,0.976501508541665,0.8468192007547645,5.2928924560546875e-05,96.64492923462007,83.81019487997011,32,INTERNET-100,2,21,100
VCG,1.0,0.7502259404933532,7.867813110351562e-06,98.97058876944527,74.25030304073798,32,INTERNET-100,2,21,100
HoldBack,0.924134816735349,0.6425161208572203,8.821487426757812e-06,91.4621669146409,63.59019877509915,32,INTERNET-100,2,21,100
LIA,0.8798546918099165,0.7794760177219643,5.2928924560546875e-05,87.93560391535615,77.90342541098359,75,INTERNET-100,2,22,100
VCG,1.0,0.790896472845525,8.106231689453125e-06,99.94332556716505,79.04482367552282,19,INTERNET-100,2,22,100
HoldBack,0.9246816678929292,0.5742242985212829,7.867813110351562e-06,92.41576098021221,57.38988601568955,19,INTERNET-100,2,22,100
LIA,0.9489117009511506,0.7892332116943162,5.2928924560546875e-05,94.78055888837399,78.83132310695842,72,INTERNET-100,2,23,100
VCG,1.0,0.719470541709493,8.106231689453125e-06,99.88343361491886,71.86318809072985,72,INTERNET-100,2,23,100
HoldBack,0.9488029909766857,0.5904403168632767,9.059906005859375e-06,94.76970056285624,58.97520619298475,72,INTERNET-100,2,23,100
LIA,0.9665141595063411,0.7294227347305677,5.459785461425781e-05,95.62111914187021,72.16471433598568,65,INTERNET-100,2,24,100
VCG,1.0,0.7026596400436428,7.152557373046875e-06,98.93400753767524,69.51693412449792,7,INTERNET-100,2,24,100
HoldBack,0.9496329228063444,0.5182271373524969,8.344650268554688e-06,93.95099074294744,51.27028751305979,7,INTERNET-100,2,24,100
LIA,0.892217751483137,0.7132778526612136,5.412101745605469e-05,87.97399631322882,70.33025634831405,60,INTERNET-100,2,25,100
VCG,1.0,0.7104626321042686,1.0013580322265625e-05,98.60148620332797,70.05267141740912,60,INTERNET-100,2,25,100
HoldBack,0.9001616113748943,0.5019828079102342,1.1205673217773438e-05,88.75727270474711,49.49625090846879,60,INTERNET-100,2,25,100
LIA,0.89708152364975,0.7650400050435474,5.5789947509765625e-05,89.64997127057073,76.4543830910171,61,INTERNET-100,2,26,100
VCG,1.0,0.5652503068224759,8.344650268554688e-06,99.93514402774949,56.488370824033716,37,INTERNET-100,2,26,100
HoldBack,0.9197260878852739,0.6774916685531057,8.821487426757812e-06,91.91295905889343,67.70522747445494,37,INTERNET-100,2,26,100
LIA,0.962252097517303,0.7099214312359854,5.245208740234375e-05,96.13527563805486,70.92579236701185,82,INTERNET-100,2,27,100
VCG,1.0,0.7044639085317167,1.0013580322265625e-05,99.90653788762064,70.38055016818528,42,INTERNET-100,2,27,100
HoldBack,0.8660127976260674,0.7237923730467529,8.821487426757812e-06,86.52034037719305,72.31159014056628,42,INTERNET-100,2,27,100
LIA,0.9392103285918293,0.8094041560712673,5.2928924560546875e-05,93.57736447328678,80.64424486518897,69,INTERNET-100,2,28,100
VCG,1.0,0.6774254467457651,8.106231689453125e-06,99.6340879402259,67.49466653401437,69,INTERNET-100,2,28,100
HoldBack,0.8916651265341976,0.7246906574496955,8.106231689453125e-06,88.8402416303409,72.20389269380308,69,INTERNET-100,2,28,100
LIA,0.8948531113541938,0.8215039200455952,5.1975250244140625e-05,87.71199984872813,80.52243524272474,16,INTERNET-100,2,29,100
VCG,1.0,0.6547160144161013,8.106231689453125e-06,98.0183213711939,64.17416470790464,16,INTERNET-100,2,29,100
HoldBack,0.9019134951196067,0.6720842704568225,7.867813110351562e-06,88.40404681365034,65.87657201016123,16,INTERNET-100,2,29,100
LIA,0.948454554188675,0.6507284267709301,5.1975250244140625e-05,94.02459616278787,64.50965654450496,28,INTERNET-100,2,30,100
VCG,1.0,0.7334081340442246,8.106231689453125e-06,99.13452969100686,72.70607044003312,75,INTERNET-100,2,30,100
HoldBack,0.8113906710276244,0.6127842195944668,7.867813110351562e-06,80.43683256799402,60.74807541156814,75,INTERNET-100,2,30,100
LIA,0.9357292056711203,0.7311987732661446,5.1975250244140625e-05,92.7390895602763,72.46830398080628,38,INTERNET-100,2,31,100
VCG,1.0,0.633856984596736,8.106231689453125e-06,99.10889710208662,62.82086666383681,38,INTERNET-100,2,31,100
HoldBack,0.8365303921411166,0.597053209598414,7.867813110351562e-06,82.90760455748209,59.17328511455977,38,INTERNET-100,2,31,100
LIA,0.9718898027720214,0.8319125176583575,5.173683166503906e-05,96.69642112282882,82.76963387763315,22,INTERNET-100,2,32,100
VCG,1.0,0.6604835614794546,6.9141387939453125e-06,99.49319444141872,65.71361940763612,22,INTERNET-100,2,32,100
HoldBack,0.8857177502315433,0.6319720775631982,8.106231689453125e-06,88.12288834400289,62.87692079454263,22,INTERNET-100,2,32,100
LIA,0.9125003692388011,0.7583475616455737,5.221366882324219e-05,91.12363297927561,75.72970620906732,92,INTERNET-100,2,33,100
VCG,1.0,0.74293970861032,8.106231689453125e-06,99.86147518525397,74.19105527552928,92,INTERNET-100,2,33,100
HoldBack,0.9179342420563477,0.6114182352628635,8.821487426757812e-06,91.66626753480487,61.057126928514215,92,INTERNET-100,2,33,100
LIA,0.8769365720177709,0.7477662364741731,5.1975250244140625e-05,87.2305261334833,74.3817105066237,39,INTERNET-100,2,34,100
VCG,1.0,0.6966123689206164,8.106231689453125e-06,99.47187620738846,69.29333932580718,39,INTERNET-100,2,34,100
HoldBack,0.8416271445500153,0.5816023873360647,9.059906005859375e-06,83.71823113545696,57.853080675014624,39,INTERNET-100,2,34,100
LIA,0.9674132101739749,0.7623428909733558,5.316734313964844e-05,96.21342343346758,75.81829418839838,75,INTERNET-100,2,35,100
VCG,1.0,0.7740986389398006,6.9141387939453125e-06,99.45432047197808,76.98745411404097,36,INTERNET-100,2,35,100
HoldBack,0.8411811195734488,0.54480510238521,8.821487426757812e-06,83.65909664103509,54.1832212473875,36,INTERNET-100,2,35,100
LIA,0.9311897311480128,0.7268606547878095,5.1975250244140625e-05,91.30841777928941,71.27279663283129,69,INTERNET-100,2,36,100
VCG,1.0,0.6351314762150657,7.867813110351562e-06,98.05565367083705,62.27823206719196,24,INTERNET-100,2,36,100
HoldBack,0.9230454258387095,0.5949373848677844,8.106231689453125e-06,90.5098225984908,58.33697416642895,24,INTERNET-100,2,36,100
LIA,0.9311253103673718,0.6987006994002014,5.1975250244140625e-05,92.45200109197837,69.37441943064276,38,INTERNET-100,2,37,100
VCG,1.0,0.5975370312792962,6.9141387939453125e-06,99.29061111602884,59.32981700017896,38,INTERNET-100,2,37,100
HoldBack,0.8032176012262944,0.6563286853934587,9.059906005859375e-06,79.75196648490953,65.16727626569634,38,INTERNET-100,2,37,100
LIA,0.9572105164898248,0.6937409769818159,5.1975250244140625e-05,95.19437277762725,68.99238572524011,13,INTERNET-100,2,38,100
VCG,1.0,0.6222241141300664,8.106231689453125e-06,99.44977738722866,61.88004963520066,13,INTERNET-100,2,38,100
HoldBack,0.9173536941750803,0.5745246619808528,8.821487426757812e-06,91.23062067106358,57.13634973746861,13,INTERNET-100,2,38,100
LIA,0.895466954112659,0.6651266172370014,5.2928924560546875e-05,89.02949199506511,66.12849817968423,43,INTERNET-100,2,39,100
VCG,1.0,0.7698534913172208,8.106231689453125e-06,99.42242043235052,76.54069748505364,43,INTERNET-100,2,39,100
HoldBack,0.9096330707746616,0.7373563025149071,7.867813110351562e-06,90.43792160172846,73.30974831708053,43,INTERNET-100,2,39,100
LIA,0.9480070607753605,0.6994195184022778,5.2928924560546875e-05,92.92570010930577,68.55861217371893,10,INTERNET-100,2,40,100
VCG,1.0,0.5770793479524735,8.344650268554688e-06,98.02216033423133,56.56656437057103,10,INTERNET-100,2,40,100
HoldBack,0.8403213025479049,0.5896701555030788,1.0967254638671875e-05,82.37010945062084,57.80074252703391,10,INTERNET-100,2,40,100
LIA,0.9632896151046793,0.7082429810138651,5.2928924560546875e-05,95.69863340620049,70.3608596415681,24,INTERNET-100,2,41,100
VCG,1.0,0.5897720127246233,6.9141387939453125e-06,99.34565047273043,58.59128423473915,69,INTERNET-100,2,41,100
HoldBack,0.8985334141433022,0.5210173086947038,8.821487426757812e-06,89.26538649954963,51.76080343982673,69,INTERNET-100,2,41,100
LIA,0.9030734668718835,0.6973354651279451,5.2928924560546875e-05,90.29783087766215,69.72619859293478,48,INTERNET-100,2,42,100
VCG,1.0,0.7173704687802678,8.106231689453125e-06,99.98946286224181,71.72948784657358,48,INTERNET-100,2,42,100
HoldBack,0.8115757321663151,0.592696427301263,9.059906005859375e-06,81.14902153134047,59.26339740622304,48,INTERNET-100,2,42,100
LIA,0.8929084507895968,0.6586461697816073,5.1975250244140625e-05,88.76080145592637,65.47363489951724,77,INTERNET-100,2,43,100
VCG,1.0,0.7569984925302157,8.106231689453125e-06,99.4063852542054,75.25048378531135,38,INTERNET-100,2,43,100
HoldBack,0.8365429885792732,0.7262526272623289,9.059906005859375e-06,83.15771460441559,72.1941484575179,38,INTERNET-100,2,43,100
LIA,0.9583868313847853,0.8403549904914068,5.3882598876953125e-05,93.84303728494837,82.28563052283346,19,INTERNET-100,2,44,100
VCG,1.0,0.5605903158468601,7.867813110351562e-06,97.9177031776964,54.891716151383925,19,INTERNET-100,2,44,100
HoldBack,0.9328297270500725,0.6194802283534352,9.059906005859375e-06,91.34054432862055,60.65808112436325,19,INTERNET-100,2,44,100
LIA,0.9566877328857686,0.8453744838151819,5.316734313964844e-05,95.12251340774387,84.05474734029634,15,INTERNET-100,2,45,100
VCG,1.0,0.7667632413624675,7.867813110351562e-06,99.42900921371152,76.2385093901641,13,INTERNET-100,2,45,100
HoldBack,0.815534958168546,0.741165858717693,7.867813110351562e-06,81.0878328698442,73.69338699532992,13,INTERNET-100,2,45,100
LIA,0.9187726679115308,0.7188107567654378,5.2928924560546875e-05,91.53389766479842,71.61243749194702,63,INTERNET-100,2,46,100
VCG,1.0,0.6816481976665052,7.152557373046875e-06,99.62627411725778,67.91007019225796,63,INTERNET-100,2,46,100
HoldBack,0.883091152395206,0.5264635405250705,8.821487426757812e-06,87.97908121904986,52.449601001092724,63,INTERNET-100,2,46,100
LIA,0.878009372964132,0.8476488385369977,5.2928924560546875e-05,86.0335442185381,83.05860515573836,26,INTERNET-100,2,47,100
VCG,1.0,0.65487200921959,7.867813110351562e-06,97.98704531831086,64.16897324509326,90,INTERNET-100,2,47,100
HoldBack,0.936234830707495,0.6635839063794571,9.298324584960938e-06,91.73888478511641,65.02262630690561,90,INTERNET-100,2,47,100
LIA,0.9568506689423973,0.7219077840015559,5.2928924560546875e-05,95.34888943462815,71.93714517108786,1,INTERNET-100,2,48,100
VCG,1.0,0.554443603084569,8.106231689453125e-06,99.64866256509686,55.249563515150705,5,INTERNET-100,2,48,100
HoldBack,0.9267786123774352,0.7321426500346864,8.821487426757812e-06,92.35224921734773,72.95703588282225,5,INTERNET-100,2,48,100
LIA,0.934112737151703,0.7507188619212546,5.1975250244140625e-05,93.1251310391263,74.84192176110629,96,INTERNET-100,2,49,100
VCG,1.0,0.7367611323896331,6.9141387939453125e-06,99.69367436641909,73.45042441828627,96,INTERNET-100,2,49,100
HoldBack,0.8567307666470966,0.6115794997836113,9.059906005859375e-06,85.41063806980823,60.970607500604814,96,INTERNET-100,2,49,100
LIA,0.9621189811565083,0.8098060613649872,5.1975250244140625e-05,94.63392275053609,79.65243982819192,53,INTERNET-100,2,50,100
VCG,1.0,0.6819934140736561,7.867813110351562e-06,98.35989581744043,67.08080115646533,53,INTERNET-100,2,50,100
HoldBack,0.8719114093537518,0.5065034725018198,9.059906005859375e-06,85.76111538607267,49.8196287864508,53,INTERNET-100,2,50,100
LIA,0.9022416514331988,0.7776116213015476,5.1975250244140625e-05,89.34756572776298,77.00565068631884,62,INTERNET-100,2,51,100
VCG,1.0,0.7464162651505016,7.867813110351562e-06,99.02842058536709,73.91642383708276,62,INTERNET-100,2,51,100
HoldBack,0.8961546565784245,0.6536484945750834,8.821487426757812e-06,88.74478024118343,64.7297780357734,62,INTERNET-100,2,51,100
LIA,0.940070266235174,0.8276547338155932,5.1975250244140625e-05,91.26157351177481,80.34832718938941,62,INTERNET-100,2,52,100
VCG,1.0,0.6815415507468858,8.106231689453125e-06,97.07952350972904,66.16372899858949,62,INTERNET-100,2,52,100
HoldBack,0.8790193222793847,0.6414072248069859,9.059906005859375e-06,85.33477696272762,62.26750775995985,62,INTERNET-100,2,52,100
LIA,0.9761201996443936,0.7106778947047211,5.1975250244140625e-05,95.72104799540675,69.69104101430112,26,INTERNET-100,2,53,100
VCG,1.0,0.7466033691727452,7.152557373046875e-06,98.06276730086981,73.21399245723231,79,INTERNET-100,2,53,100
HoldBack,0.8935555992960508,0.6200167177575355,9.059906005859375e-06,87.62453480415789,60.80055511610628,79,INTERNET-100,2,53,100
LIA,0.9145118313213005,0.7926414880994946,5.2928924560546875e-05,91.24114274494431,79.08209897816177,78,INTERNET-100,2,54,100
VCG,1.0,0.7121753814218696,7.867813110351562e-06,99.770325128673,71.05396935309663,78,INTERNET-100,2,54,100
HoldBack,0.8753694678942717,0.5189165968545066,7.867813110351562e-06,87.33589641952497,51.772477582838654,78,INTERNET-100,2,54,100
LIA,0.9322123176667187,0.8351830146862788,5.1975250244140625e-05,92.87000062138868,83.20362821103399,26,INTERNET-100,2,55,100
VCG,1.0,0.7449979714829158,8.106231689453125e-06,99.62322837981554,74.21910305554182,26,INTERNET-100,2,55,100
HoldBack,0.9184458087819408,0.7321129091263472,8.821487426757812e-06,91.49853656276768,72.93545154570523,26,INTERNET-100,2,55,100
LIA,0.9771386362536336,0.7301014878156583,5.2928924560546875e-05,95.94322226050471,71.68715545502246,67,INTERNET-100,2,56,100
VCG,1.0,0.6686208048031043,8.106231689453125e-06,98.18793229623247,65.65049431385967,67,INTERNET-100,2,56,100
HoldBack,0.8248953217262351,0.7486166561928382,9.059906005859375e-06,80.99476600113448,73.50512155409434,67,INTERNET-100,2,56,100
LIA,0.8700010970454571,0.8090895531863134,5.1975250244140625e-05,86.59840773394495,80.53537778061308,52,INTERNET-100,2,57,100
VCG,1.0,0.685517067722206,8.106231689453125e-06,99.53827417923385,68.23518584147736,81,INTERNET-100,2,57,100
HoldBack,0.8542277571177099,0.6082963666843522,8.821487426757812e-06,85.0283566994946,60.54877052925882,81,INTERNET-100,2,57,100
LIA,0.8758710162686639,0.6837039032109425,5.1975250244140625e-05,86.06869446436919,67.18512344460208,50,INTERNET-100,2,58,100
VCG,1.0,0.5598806642905401,6.9141387939453125e-06,98.26640323256062,55.01745911928811,50,INTERNET-100,2,58,100
HoldBack,0.8505223833169302,0.6902834590781336,9.298324584960938e-06,83.57777547733996,67.83167273453863,50,INTERNET-100,2,58,100
LIA,0.9502755632511793,0.7855536833335229,5.1021575927734375e-05,94.54460106416764,78.15612910338955,36,INTERNET-100,2,59,100
VCG,1.0,0.6953758531589083,7.867813110351562e-06,99.49177346063918,69.1841768524848,36,INTERNET-100,2,59,100
HoldBack,0.8710101367842744,0.6840336422268996,8.821487426757812e-06,86.65834321086137,68.0557201718946,36,INTERNET-100,2,59,100
LIA,0.9242361757000926,0.7007361688963483,5.2928924560546875e-05,92.36762335172865,70.03116326681642,40,INTERNET-100,2,60,100
VCG,1.0,0.5989116700043293,7.867813110351562e-06,99.9394156821029,59.85488234542511,40,INTERNET-100,2,60,100
HoldBack,0.8738353071843304,0.6717656470371827,9.059906005859375e-06,87.33059000239288,67.13586624020581,40,INTERNET-100,2,60,100
LIA,0.8539042679908929,0.7031907216203038,5.1975250244140625e-05,84.38408897642272,69.49035230871509,62,INTERNET-100,2,61,100
VCG,1.0,0.7575704943857188,8.106231689453125e-06,98.82148636517026,74.8642422815936,62,INTERNET-100,2,61,100
HoldBack,0.9465717669294353,0.6055284230570948,7.867813110351562e-06,93.54162895927232,59.83921880285974,62,INTERNET-100,2,61,100
LIA,0.9396933921385674,0.687736586494618,5.2928924560546875e-05,93.7439966314005,68.60873641020072,67,INTERNET-100,2,62,100
VCG,1.0,0.7371029218350222,8.106231689453125e-06,99.7601956294027,73.53353168126614,67,INTERNET-100,2,62,100
HoldBack,0.8729461894433678,0.7233802881005992,8.821487426757812e-06,87.085282632812,72.16455905536947,67,INTERNET-100,2,62,100
LIA,0.8788676288936048,0.8128558003480264,5.1975250244140625e-05,87.71503759659828,81.12675304459486,55,INTERNET-100,2,63,100
VCG,1.0,0.6549846620351767,7.867813110351562e-06,99.80460619197184,65.37048625620258,45,INTERNET-100,2,63,100
HoldBack,0.821300804013699,0.6784926664501497,8.106231689453125e-06,81.96960330973707,67.7166933791981,45,INTERNET-100,2,63,100
LIA,0.9748940560000323,0.753885248932989,5.1975250244140625e-05,94.2915617958392,72.91563334419817,80,INTERNET-100,2,64,100
VCG,1.0,0.5771701426403686,7.867813110351562e-06,96.71980377305334,55.82378293984166,80,INTERNET-100,2,64,100
HoldBack,0.9213608803074815,0.7307004866394295,8.821487426757812e-06,89.1138435475073,70.67320768464022,80,INTERNET-100,2,64,100
LIA,0.923404471495288,0.751514455739127,5.2928924560546875e-05,90.38007761669897,73.55599516405437,49,INTERNET-100,2,65,100
VCG,1.0,0.5939477676981669,8.106231689453125e-06,97.87701966652233,58.13383733988052,49,INTERNET-100,2,65,100
HoldBack,0.8781848168258255,0.5599939498297508,8.821487426757812e-06,85.95411258730263,54.81053884062004,49,INTERNET-100,2,65,100
LIA,0.9115945634385045,0.7853346086065087,5.1975250244140625e-05,91.11774532134686,78.49752700272079,45,INTERNET-100,2,66,100
VCG,1.0,0.7127642452705748,8.344650268554688e-06,99.95424388848232,71.24381120676507,11,INTERNET-100,2,66,100
HoldBack,0.8257107507871877,0.627729249472379,8.821487426757812e-06,82.5332937655244,62.74420249769613,11,INTERNET-100,2,66,100
LIA,0.9605595764265948,0.7433535008159045,5.221366882324219e-05,95.78913266756169,74.12886077659394,29,INTERNET-100,2,67,100
VCG,1.0,0.6277015967289336,8.821487426757812e-06,99.72221923382367,62.59579624242388,29,INTERNET-100,2,67,100
HoldBack,0.8630343816731528,0.6391391588128035,9.059906005859375e-06,86.0637038155376,63.736375316052026,29,INTERNET-100,2,67,100
LIA,0.8524803901453202,0.6891154999683058,5.2928924560546875e-05,84.12853244452414,68.00657981965469,50,INTERNET-100,2,68,100
VCG,1.0,0.6359944128781541,8.106231689453125e-06,98.6867656042891,62.76423154934386,45,INTERNET-100,2,68,100
HoldBack,0.9162655646085842,0.6213095103894617,8.821487426757812e-06,90.42328500580896,61.31502601952043,45,INTERNET-100,2,68,100
LIA,0.8909780281449914,0.7428310245002309,5.221366882324219e-05,88.62318276944599,73.88739965693715,29,INTERNET-100,2,69,100
VCG,1.0,0.5667987205486648,7.152557373046875e-06,99.46730443393615,56.37794088957954,29,INTERNET-100,2,69,100
HoldBack,0.9251589864615227,0.7140911992580401,7.867813110351562e-06,92.02307055616009,71.02872671019404,29,INTERNET-100,2,69,100
LIA,0.8881334291081809,0.765102556615653,5.078315734863281e-05,87.92305934269764,75.74330081924408,38,INTERNET-100,2,70,100
VCG,1.0,0.6352260364898,8.344650268554688e-06,98.99757903605268,62.88583975315746,38,INTERNET-100,2,70,100
HoldBack,0.8674762976413146,0.6035912997160154,8.106231689453125e-06,85.87805333764841,59.75407739911,38,INTERNET-100,2,70,100
LIA,0.8982229362384719,0.723936538361849,5.1975250244140625e-05,89.43955427828567,72.08517919615731,26,INTERNET-100,2,71,100
VCG,1.0,0.567936704080096,7.867813110351562e-06,99.57389270511803,56.55166843536985,2,INTERNET-100,2,71,100
HoldBack,0.8279701679232686,0.529772857770245,8.106231689453125e-06,82.4442126638301,52.75154569769813,2,INTERNET-100,2,71,100
LIA,0.8603557009949244,0.6949126542032971,5.1975250244140625e-05,85.10155410819378,68.73685706244808,18,INTERNET-100,2,72,100
VCG,1.0,0.5954483202310236,7.867813110351562e-06,98.9143839109585,58.898403746466826,53,INTERNET-100,2,72,100
HoldBack,0.8858599670134779,0.6172941283512818,8.106231689453125e-06,87.62429286852019,61.05926839771919,53,INTERNET-100,2,72,100
LIA,0.8649863595062258,0.7285518566969065,5.316734313964844e-05,86.40454055934701,72.77593196670789,95,INTERNET-100,2,73,100
VCG,1.0,0.6768501285880307,7.867813110351562e-06,99.89121748540718,67.6113833998128,95,INTERNET-100,2,73,100
HoldBack,0.825755294449857,0.5096616562449979,8.106231689453125e-06,82.48570170761711,50.910723347941925,95,INTERNET-100,2,73,100
LIA,0.8977763448712763,0.7561270078991917,5.1975250244140625e-05,89.37386083351389,75.27263372720407,77,INTERNET-100,2,74,100
VCG,1.0,0.7730113731271311,7.867813110351562e-06,99.55025140067414,76.95347653038623,77,INTERNET-100,2,74,100
HoldBack,0.916199044507904,0.6519912688040449,9.059906005859375e-06,91.20784521381928,64.90589472048718,77,INTERNET-100,2,74,100
LIA,0.8743831889979304,0.8492038492123452,5.221366882324219e-05,87.31299099232899,84.798666042405,26,INTERNET-100,2,75,100
VCG,1.0,0.5673350860638091,8.106231689453125e-06,99.8566670665207,56.652190804229654,54,INTERNET-100,2,75,100
HoldBack,0.9255002652218697,0.5604389046086141,8.821487426757812e-06,92.41737185423685,55.963561108627935,54,INTERNET-100,2,75,100
LIA,0.9433370092416888,0.836625031753082,5.1975250244140625e-05,93.32698209669906,82.76966619049043,70,INTERNET-100,2,76,100
VCG,1.0,0.630147723710622,8.344650268554688e-06,98.93281105521442,62.342285686736425,61,INTERNET-100,2,76,100
HoldBack,0.9107996259748469,0.7153442522396294,8.821487426757812e-06,90.10796730572949,70.7710177462569,61,INTERNET-100,2,76,100
LIA,0.9480830053432763,0.7227000190923635,5.1975250244140625e-05,94.67720536096937,72.17007132957721,28,INTERNET-100,2,77,100
VCG,1.0,0.7795199975851825,8.344650268554688e-06,99.86172605919585,77.8442124565165,28,INTERNET-100,2,77,100
HoldBack,0.8968547449609848,0.5776440508632771,8.106231689453125e-06,89.56146285618382,57.68453196703277,28,INTERNET-100,2,77,100
LIA,0.9783426863038323,0.7629586208004208,5.1975250244140625e-05,96.49120218154236,75.24847434995921,79,INTERNET-100,2,78,100
VCG,1.0,0.6440239558178183,8.106231689453125e-06,98.62720244384414,63.5182810691293,85,INTERNET-100,2,78,100
HoldBack,0.8413819368764549,0.6903339584248086,9.059906005859375e-06,82.9831466209078,68.08570707142388,85,INTERNET-100,2,78,100
LIA,0.9224365411398457,0.7903808656645556,5.626678466796875e-05,91.84711284039113,78.69831399553462,26,INTERNET-100,2,79,100
VCG,1.0,0.7839305152904119,6.9141387939453125e-06,99.57011538907226,78.05605186448119,57,INTERNET-100,2,79,100
HoldBack,0.9461244223656059,0.5652757006026836,9.059906005859375e-06,94.20571790736271,56.28456673564787,57,INTERNET-100,2,79,100
LIA,0.9572796124070841,0.6857317677716699,5.1975250244140625e-05,95.29463372547298,68.26276962005714,6,INTERNET-100,2,80,100
VCG,1.0,0.5825119364986191,6.9141387939453125e-06,99.54733443643929,57.98751055584592,6,INTERNET-100,2,80,100
HoldBack,0.9101276714393243,0.5206927818546642,9.059906005859375e-06,90.60078368862814,51.833578493926176,6,INTERNET-100,2,80,100
LIA,0.885276182227492,0.8017030510703682,5.1975250244140625e-05,87.5907101951016,79.32184443519601,57,INTERNET-100,2,81,100
VCG,1.0,0.7829654207097676,8.106231689453125e-06,98.94167713256421,77.46791186182813,57,INTERNET-100,2,81,100
HoldBack,0.893086553048046,0.5037956172374068,7.867813110351562e-06,88.36348138311445,49.84638330150441,57,INTERNET-100,2,81,100
LIA,0.9781589171868845,0.7539232923037064,5.1975250244140625e-05,96.80752677952249,74.6151244209865,75,INTERNET-100,2,82,100
VCG,1.0,0.7831977239328294,7.867813110351562e-06,98.96911951478606,77.5123891436166,62,INTERNET-100,2,82,100
HoldBack,0.9093686020609585,0.5902135396227999,8.821487426757812e-06,89.99940986036492,58.4129143421738,62,INTERNET-100,2,82,100
LIA,0.8554188415232775,0.6668865952651086,5.1975250244140625e-05,84.68658638567095,66.02186732150413,69,INTERNET-100,2,83,100
VCG,1.0,0.7496902745974549,7.867813110351562e-06,99.00014153869496,74.21944329533112,63,INTERNET-100,2,83,100
HoldBack,0.9259335062465089,0.618416889799719,7.867813110351562e-06,91.66754817382449,61.223359620091706,63,INTERNET-100,2,83,100
LIA,0.8919776680310025,0.8212822605828954,5.1021575927734375e-05,89.04465408549542,81.9872485839139,8,INTERNET-100,2,84,100
VCG,1.0,0.6357617379393713,6.9141387939453125e-06,99.8283446737598,63.46704190540011,8,INTERNET-100,2,84,100
HoldBack,0.8196085132589839,0.5761667616423998,9.059906005859375e-06,81.82016115916568,57.517774070801494,8,INTERNET-100,2,84,100
LIA,0.8563054842078718,0.7426940868362374,5.1975250244140625e-05,85.03209837250891,73.75035874137761,43,INTERNET-100,2,85,100
VCG,1.0,0.5776036643325704,7.867813110351562e-06,99.30112552200706,57.3566939738598,43,INTERNET-100,2,85,100
HoldBack,0.913348410487096,0.5145614124121094,8.821487426757812e-06,90.69652515510475,51.09652740271611,43,INTERNET-100,2,85,100
LIA,0.9232542871666177,0.7302355708589322,5.1975250244140625e-05,92.23999449093775,72.95598403320378,32,INTERNET-100,2,86,100
VCG,1.0,0.7137707717755731,7.867813110351562e-06,99.9074640357358,71.31102771092746,32,INTERNET-100,2,86,100
HoldBack,0.8456920005505786,0.5614044782765041,7.867813110351562e-06,84.4909431303164,56.08849772291085,32,INTERNET-100,2,86,100
LIA,0.9264081996268669,0.7603270689495866,5.1975250244140625e-05,92.63865157695913,76.03092724494557,14,INTERNET-100,2,87,100
VCG,1.0,0.5769030229857468,8.106231689453125e-06,99.99765936254835,57.688951977753106,14,INTERNET-100,2,87,100
HoldBack,0.8390274150562477,0.5339494651805888,9.059906005859375e-06,83.90077764663413,53.393696735943394,14,INTERNET-100,2,87,100
LIA,0.9172022670517177,0.7663278177224468,5.1975250244140625e-05,91.14962888824918,76.15604398435737,59,INTERNET-100,2,88,100
VCG,1.0,0.6906761038965447,6.9141387939453125e-06,99.37789314590692,68.63793605146212,34,INTERNET-100,2,88,100
HoldBack,0.872259007701081,0.5689495554517014,9.059906005859375e-06,86.68326246287283,56.541008127090436,34,INTERNET-100,2,88,100
LIA,0.858435440088432,0.6842091374668159,7.700920104980469e-05,85.37783365743935,68.04972301647297,51,INTERNET-100,2,89,100
VCG,1.0,0.661794478662107,1.0251998901367188e-05,99.45748937001498,65.82041732667112,51,INTERNET-100,2,89,100
HoldBack,0.8261137034437518,0.6051754162445064,1.0013580322265625e-05,82.16319487868066,60.18922752813239,51,INTERNET-100,2,89,100
LIA,0.8664117013014581,0.6848573919584345,5.507469177246094e-05,86.62138989476267,68.47010385712807,9,INTERNET-100,2,90,100
VCG,1.0,0.7501581453392892,8.106231689453125e-06,99.9771699350858,74.9986883747749,9,INTERNET-100,2,90,100
HoldBack,0.8796328865789059,0.7375801243088449,7.867813110351562e-06,87.94320658198933,73.7411734287671,9,INTERNET-100,2,90,100
LIA,0.9163733292002503,0.8147232807827904,5.3882598876953125e-05,90.82403696311385,80.74924816188697,6,INTERNET-100,2,91,100
VCG,1.0,0.650210456536225,8.106231689453125e-06,99.11248403789648,64.44397349471998,36,INTERNET-100,2,91,100
HoldBack,0.802839783277426,0.6964259669963838,9.059906005859375e-06,79.57144520507215,69.02450753750571,36,INTERNET-100,2,91,100
LIA,0.9173202136743864,0.8346289617764331,5.316734313964844e-05,89.66901209188039,81.58585557161832,15,INTERNET-100,2,92,100
VCG,1.0,0.6131852166035509,7.867813110351562e-06,97.75104784043215,59.93949744325945,15,INTERNET-100,2,92,100
HoldBack,0.8903918937631132,0.5546216142280946,9.059906005859375e-06,87.03674060397107,54.214843945748186,15,INTERNET-100,2,92,100
LIA,0.8951113098991369,0.6883168183181453,5.2928924560546875e-05,89.38588002423086,68.73536716654704,63,INTERNET-100,2,93,100
VCG,1.0,0.5885669483324811,7.867813110351562e-06,99.86007218957278,58.77433794887811,63,INTERNET-100,2,93,100
HoldBack,0.9340033775137911,0.5822142252169449,9.059906005859375e-06,93.26964470383197,58.1399545599603,63,INTERNET-100,2,93,100
LIA,0.9042445075857043,0.6801583478640015,5.412101745605469e-05,89.82712113455433,67.56653293630016,68,INTERNET-100,2,94,100
VCG,1.0,0.649496909540262,7.867813110351562e-06,99.33941581175766,64.52064356527164,68,INTERNET-100,2,94,100
HoldBack,0.8949074994897048,0.527818103847465,8.106231689453125e-06,88.8995882048681,52.43314209107681,68,INTERNET-100,2,94,100
LIA,0.8846693492954747,0.6663710699217487,5.2928924560546875e-05,88.0055672032384,66.28958494266249,85,INTERNET-100,2,95,100
VCG,1.0,0.6806060701016663,7.867813110351562e-06,99.47848568883222,67.70566120434096,84,INTERNET-100,2,95,100
HoldBack,0.9101985171526779,0.5614948066314117,9.059906005859375e-06,90.54517016256898,55.856653085836506,84,INTERNET-100,2,95,100
LIA,0.9444187571950716,0.7098843816516747,6.890296936035156e-05,94.03105809948892,70.67964187121794,47,INTERNET-100,2,96,100
VCG,1.0,0.735384464083008,1.0013580322265625e-05,99.56500480651361,73.21855770106012,95,INTERNET-100,2,96,100
HoldBack,0.8316059180733643,0.5787336384610359,1.0013580322265625e-05,82.79884723009968,57.62161749506415,95,INTERNET-100,2,96,100
LIA,0.9219232959516032,0.8019239128164611,6.198883056640625e-05,92.18568354858537,80.18661029780772,83,INTERNET-100,2,97,100
VCG,1.0,0.6655328982771651,9.059906005859375e-06,99.99279110680452,66.54849207213475,4,INTERNET-100,2,97,100
HoldBack,0.9466550899289881,0.5094303412478999,9.059906005859375e-06,94.65868465746254,50.939361695869394,4,INTERNET-100,2,97,100
LIA,0.8757997438958938,0.6750346757362391,5.6743621826171875e-05,87.49828359060463,67.44050326884117,51,INTERNET-100,2,98,100
VCG,1.0,0.6731425384178483,7.867813110351562e-06,99.90672434017695,67.25146602735894,51,INTERNET-100,2,98,100
HoldBack,0.8830676042577018,0.564813549940079,9.059906005859375e-06,88.22439171231468,56.42867163746024,51,INTERNET-100,2,98,100
LIA,0.9001308655738469,0.7702588784433384,5.412101745605469e-05,88.99930697046017,76.15837762167814,38,INTERNET-100,2,99,100
VCG,1.0,0.5512199738542252,7.867813110351562e-06,98.87374200163859,54.50118148101263,38,INTERNET-100,2,99,100
HoldBack,0.8875555220931348,0.5617775688772755,8.821487426757812e-06,87.75593570356625,55.545050407479486,38,INTERNET-100,2,99,100
LIA,0.9334150809467688,0.8128360595822861,5.507469177246094e-05,92.56685132217306,80.60901973036087,4,INTERNET-100,3,0,100
VCG,1.0,0.6213492068559159,7.867813110351562e-06,99.17008329057842,61.61925259643602,26,INTERNET-100,3,0,100
HoldBack,0.8642232786461574,0.7101875698180973,9.059906005859375e-06,85.7050945249962,70.42936045079418,26,INTERNET-100,3,0,100
LIA,0.8968935889469706,0.7553490617316958,5.3882598876953125e-05,89.04456950884283,74.9918751340121,21,INTERNET-100,3,1,100
VCG,1.0,0.639994436963162,8.106231689453125e-06,99.28108596850238,63.53934271550297,97,INTERNET-100,3,1,100
HoldBack,0.9415553172466374,0.5148871961685585,9.059906005859375e-06,93.47863439566395,51.1185599868918,97,INTERNET-100,3,1,100
LIA,0.8849809549156847,0.7215445672451096,5.2928924560546875e-05,88.48085732487733,72.14040206553082,18,INTERNET-100,3,2,100
VCG,1.0,0.7099903081629454,9.059906005859375e-06,99.98052142637037,70.98520121780066,57,INTERNET-100,3,2,100
HoldBack,0.839783909688404,0.6519851195101948,9.298324584960938e-06,83.96203317612256,65.18581221086367,57,INTERNET-100,3,2,100
LIA,0.8519248115171426,0.661387280348017,5.793571472167969e-05,84.13335600899508,65.31648188323841,14,INTERNET-100,3,3,100
VCG,1.0,0.7958839085350073,9.059906005859375e-06,98.75678565948438,78.59893656502439,28,INTERNET-100,3,3,100
HoldBack,0.8301866145149066,0.5977093523120829,9.059906005859375e-06,81.98656154702161,59.02785439295361,28,INTERNET-100,3,3,100
LIA,0.8644205888063414,0.6937923476645421,5.3882598876953125e-05,86.10376792698175,69.1077191663315,11,INTERNET-100,3,4,100
VCG,1.0,0.6386844099917015,8.106231689453125e-06,99.60865005064313,63.61849188766488,23,INTERNET-100,3,4,100
HoldBack,0.9301552304032422,0.571214162283566,7.867813110351562e-06,92.65150683801188,56.89787159487501,23,INTERNET-100,3,4,100
LIA,0.8911758032926477,0.7246693796767891,5.412101745605469e-05,88.29748478649753,71.80006828152152,55,INTERNET-100,3,5,100
VCG,1.0,0.6401589593176032,7.867813110351562e-06,99.07976008803514,63.42679610739438,55,INTERNET-100,3,5,100
HoldBack,0.8009765521606749,0.6621682267102319,9.059906005859375e-06,79.36056462422124,65.60746904036944,55,INTERNET-100,3,5,100
LIA,0.9688354310742201,0.7967959754713861,5.1975250244140625e-05,95.84096916693063,78.82215706419323,48,INTERNET-100,3,6,100
VCG,1.0,0.7960173977842964,7.867813110351562e-06,98.92388954093535,78.74513713107653,48,INTERNET-100,3,6,100
HoldBack,0.8085150419795889,0.6839460918088854,8.821487426757812e-06,79.98145270497356,67.65860763805661,48,INTERNET-100,3,6,100
LIA,0.8513729180587668,0.7142167562230455,5.1975250244140625e-05,84.98334381368183,71.29252864889229,80,INTERNET-100,3,7,100
VCG,1.0,0.6894628299780846,9.059906005859375e-06,99.81917678031635,68.82161210903962,54,INTERNET-100,3,7,100
HoldBack,0.9293439765673973,0.6798093804063919,8.821487426757812e-06,92.7663506867032,67.85801271970297,54,INTERNET-100,3,7,100
LIA,0.8642798147223727,0.7754626670070377,5.2928924560546875e-05,85.9978267765114,77.16031656986526,66,INTERNET-100,3,8,100
VCG,1.0,0.55175839492192,7.867813110351562e-06,99.50229695476106,54.901227658803215,66,INTERNET-100,3,8,100
HoldBack,0.9234355784520779,0.5900891786701313,9.059906005859375e-06,91.88396114573021,58.71522868582647,66,INTERNET-100,3,8,100
LIA,0.9421693582983246,0.7409811032429503,5.2928924560546875e-05,93.40987194999737,73.46338464700509,73,INTERNET-100,3,9,100
VCG,1.0,0.7254330615181894,8.344650268554688e-06,99.14339829381339,71.92189895359829,35,INTERNET-100,3,9,100
HoldBack,0.8343648562231203,0.5842263314274662,7.867813110351562e-06,82.72176726288916,57.9221838704467,35,INTERNET-100,3,9,100
LIA,0.93541826932138,0.738115366356811,5.1975250244140625e-05,92.88918353946167,73.2965519142098,29,INTERNET-100,3,10,100
VCG,1.0,0.5784834730785812,7.867813110351562e-06,99.30229779117977,57.44473811092519,29,INTERNET-100,3,10,100
HoldBack,0.8302333063980278,0.7321544858442826,8.344650268554688e-06,82.44407502809275,72.70462278245707,29,INTERNET-100,3,10,100
LIA,0.9485463604677603,0.7709647113730292,5.2928924560546875e-05,94.62488094915417,76.90972952939968,87,INTERNET-100,3,11,100
VCG,1.0,0.6792476004290894,7.867813110351562e-06,99.75778189954937,67.76023397939736,90,INTERNET-100,3,11,100
HoldBack,0.8141273561107666,0.690804523742405,7.867813110351562e-06,81.21553922935462,68.9131270147169,90,INTERNET-100,3,11,100
LIA,0.9316776807533846,0.7332872823604204,5.1975250244140625e-05,92.46695474281027,72.77714530702308,1,INTERNET-100,3,12,100
VCG,1.0,0.5955561418882337,8.106231689453125e-06,99.24779422432714,59.107633419157594,1,INTERNET-100,3,12,100
HoldBack,0.838815975289707,0.5478177780924189,8.106231689453125e-06,83.25063530763111,54.3697061125445,1,INTERNET-100,3,12,100
LIA,0.9372491431289732,0.8044181830762094,5.1975250244140625e-05,92.28604931563545,79.20687541620869,74,INTERNET-100,3,13,100
VCG,1.0,0.726848848393137,8.344650268554688e-06,98.4647998797222,71.56902639983677,97,INTERNET-100,3,13,100
HoldBack,0.8165211012229387,0.5518379704266063,8.821487426757812e-06,80.39858682948706,54.336615324087845,97,INTERNET-100,3,13,100
LIA,0.8723843652597897,0.8307763884892779,5.221366882324219e-05,87.0720212367794,82.91916066149554,33,INTERNET-100,3,14,100
VCG,1.0,0.6103276515456415,7.152557373046875e-06,99.8092408623692,60.91633957808307,33,INTERNET-100,3,14,100
HoldBack,0.9210975809639735,0.5886170637711902,8.821487426757812e-06,91.93405031617884,58.74942229363925,33,INTERNET-100,3,14,100
LIA,0.9747408432683577,0.8323535684712926,5.245208740234375e-05,95.16155062949669,81.26063126906054,42,INTERNET-100,3,15,100
VCG,1.0,0.6569322933145496,7.152557373046875e-06,97.62753996274022,64.13468371838077,42,INTERNET-100,3,15,100
HoldBack,0.8974753200960291,0.6075427371323437,8.106231689453125e-06,87.61830767824816,59.31290284846046,42,INTERNET-100,3,15,100
LIA,0.9685930504364431,0.6857028784064478,5.221366882324219e-05,96.42186879443014,68.26061052562552,30,INTERNET-100,3,16,100
VCG,1.0,0.7014327229527708,8.344650268554688e-06,99.54837973593031,69.82649106371004,30,INTERNET-100,3,16,100
HoldBack,0.9446032069248027,0.5550278992530102,7.867813110351562e-06,94.03371874272781,55.252128078874335,30,INTERNET-100,3,16,100
LIA,0.904934619811186,0.8238626674202627,5.1975250244140625e-05,89.60425367466144,81.57672148736147,90,INTERNET-100,3,17,100
VCG,1.0,0.5654368927786148,8.344650268554688e-06,99.01737839730048,55.98807877205391,90,INTERNET-100,3,17,100
HoldBack,0.8210107162864613,0.6827672213990824,8.106231689453125e-06,81.29432876277524,67.60582031854638,90,INTERNET-100,3,17,100
LIA,0.8842292309998168,0.7725918957583383,5.173683166503906e-05,88.39893512331432,77.23823017331793,75,INTERNET-100,3,18,100
VCG,1.0,0.7686100296640228,8.106231689453125e-06,99.97287131455693,76.84015158667913,64,INTERNET-100,3,18,100
HoldBack,0.8826823699387255,0.5490303966437629,8.106231689453125e-06,88.24429098151234,54.88814519144705,64,INTERNET-100,3,18,100
LIA,0.9441338823554093,0.6508691187508373,5.221366882324219e-05,93.75811621171017,64.635178987764,96,INTERNET-100,3,19,100
VCG,1.0,0.7686379754761732,8.344650268554688e-06,99.30595433965786,76.33032769636391,96,INTERNET-100,3,19,100
HoldBack,0.9009459381164852,0.6603314497987185,7.867813110351562e-06,89.46929619309589,65.57484480275161,96,INTERNET-100,3,19,100
LIA,0.9724410579841443,0.7782558673376482,5.1975250244140625e-05,96.68660174157996,77.37940976526517,11,INTERNET-100,3,20,100
VCG,1.0,0.6055071667866416,7.152557373046875e-06,99.42669629973238,60.20357717940682,11,INTERNET-100,3,20,100
HoldBack,0.8670829070727022,0.571642309475459,1.0967254638671875e-05,86.21118886820663,56.8365062962941,11,INTERNET-100,3,20,100
LIA,0.8757524913049666,0.7005311156615271,5.1975250244140625e-05,87.33277567829057,69.85915242852113,21,INTERNET-100,3,21,100
VCG,1.0,0.5801535875193679,6.9141387939453125e-06,99.72312559243221,57.854729071094035,21,INTERNET-100,3,21,100
HoldBack,0.8071237147740098,0.7119010932439179,9.059906005859375e-06,80.488899577039,70.99300213095302,21,INTERNET-100,3,21,100
LIA,0.9227578779730756,0.8273530185009773,5.1975250244140625e-05,92.07738207557303,82.55740949427683,16,INTERNET-100,3,22,100
VCG,1.0,0.5512207850845192,8.106231689453125e-06,99.78498615241264,55.00355840658077,16,INTERNET-100,3,22,100
HoldBack,0.8751470632550081,0.5260622290603905,7.867813110351562e-06,87.32653758822558,52.49311224209839,16,INTERNET-100,3,22,100
LIA,0.9523568138114552,0.7173664168439284,5.1975250244140625e-05,94.70911838111577,71.34000608826352,17,INTERNET-100,3,23,100
VCG,1.0,0.7670061883647508,7.867813110351562e-06,99.44709483631206,76.27653715434761,17,INTERNET-100,3,23,100
HoldBack,0.8810572131558199,0.576806742821311,9.059906005859375e-06,87.61858023292363,57.36175485557517,17,INTERNET-100,3,23,100
LIA,0.8526846097273582,0.6863609313162471,5.1975250244140625e-05,85.10831824094215,68.50718765674746,16,INTERNET-100,3,24,100
VCG,1.0,0.7831531929203857,8.106231689453125e-06,99.8121899586708,78.1682352585091,16,INTERNET-100,3,24,100
HoldBack,0.8686414298038847,0.6630500115758358,8.821487426757812e-06,86.70100339755675,66.1804737075062,16,INTERNET-100,3,24,100
LIA,0.8687285259629269,0.7298375933385921,5.3882598876953125e-05,86.40821515486928,72.59340738628435,24,INTERNET-100,3,25,100
VCG,1.0,0.5764371687843739,7.867813110351562e-06,99.46515231451806,57.33541079288731,24,INTERNET-100,3,25,100
HoldBack,0.8590543520618115,0.5141343890506989,8.106231689453125e-06,85.4459719742777,51.13845531705945,24,INTERNET-100,3,25,100
LIA,0.8621571471985434,0.778030908968689,5.1975250244140625e-05,86.02320439475548,77.6293650468783,70,INTERNET-100,3,26,100
VCG,1.0,0.6604756677793221,6.9141387939453125e-06,99.77671086329865,65.90008973626152,70,INTERNET-100,3,26,100
HoldBack,0.8083241819103849,0.5923551009083925,8.821487426757812e-06,80.65192818228489,59.103243631736774,70,INTERNET-100,3,26,100
LIA,0.88356159670152,0.66965540358276,5.1975250244140625e-05,88.22403031463669,66.86539891117933,80,INTERNET-100,3,27,100
VCG,1.0,0.6621740242039726,7.867813110351562e-06,99.85045824081924,66.118379751934,80,INTERNET-100,3,27,100
HoldBack,0.9110543057814762,0.7247036423253743,7.867813110351562e-06,90.96918991455185,72.36199077497939,80,INTERNET-100,3,27,100
LIA,0.8584334490911211,0.7971075453933498,5.1975250244140625e-05,84.75114134223755,78.69657725490715,45,INTERNET-100,3,28,100
VCG,1.0,0.7751824383996031,7.867813110351562e-06,98.72767822825293,76.53196234650851,45,INTERNET-100,3,28,100
HoldBack,0.9108626223323868,0.7325536772302437,9.298324584960938e-06,89.92735188777455,72.32332373051095,45,INTERNET-100,3,28,100
LIA,0.8992962928273729,0.6957436435189898,5.2928924560546875e-05,88.38399807228558,68.37858149537745,51,INTERNET-100,3,29,100
VCG,1.0,0.7878322380097303,8.106231689453125e-06,98.28128813297754,77.42916718428285,52,INTERNET-100,3,29,100
HoldBack,0.88544319564177,0.7291634815491288,9.059906005859375e-06,87.0224978362532,71.66312622617498,52,INTERNET-100,3,29,100
LIA,0.8953299583327983,0.6941682510253807,5.1975250244140625e-05,88.81461467098484,68.8598489951726,15,INTERNET-100,3,30,100
VCG,1.0,0.7539681172683668,6.9141387939453125e-06,99.19763529008603,74.79185431714026,15,INTERNET-100,3,30,100
HoldBack,0.8003249475682609,0.7374743290402122,8.106231689453125e-06,79.39034226243356,73.15570952793186,15,INTERNET-100,3,30,100
LIA,0.8725012310242025,0.7247225591843471,5.1975250244140625e-05,86.44721224566553,71.80533696151689,74,INTERNET-100,3,31,100
VCG,1.0,0.6137939563879163,7.867813110351562e-06,99.07975962874893,60.814557660493556,49,INTERNET-100,3,31,100
HoldBack,0.802331296075199,0.6729904498339043,8.106231689453125e-06,79.4947919577533,66.67973200198686,49,INTERNET-100,3,31,100
LIA,0.8750099284542877,0.7649189403022131,5.1975250244140625e-05,86.98699407294417,76.04256496139567,93,INTERNET-100,3,32,100
VCG,1.0,0.7289250773940595,7.867813110351562e-06,99.41257949679202,72.46432220364223,93,INTERNET-100,3,32,100
HoldBack,0.8138734263709153,0.6412618343368554,9.059906005859375e-06,80.90925669942513,63.74949308427131,93,INTERNET-100,3,32,100
LIA,0.9061921091229798,0.7778122733957649,5.1975250244140625e-05,89.42806516648614,76.75883068530385,24,INTERNET-100,3,33,100
VCG,1.0,0.6121106033286156,7.867813110351562e-06,98.68554831385076,60.406470518206426,24,INTERNET-100,3,33,100
HoldBack,0.9175430274735042,0.7121171845702032,8.106231689453125e-06,90.5482367677734,70.27567482302616,24,INTERNET-100,3,33,100
LIA,0.9257017090420191,0.7911914392821762,5.2928924560546875e-05,92.46290494905313,79.0274643897538,76,INTERNET-100,3,34,100
VCG,1.0,0.7798063212067066,8.106231689453125e-06,99.88412470874685,77.89027183607979,8,INTERNET-100,3,34,100
HoldBack,0.8338947690622236,0.6494008758898471,9.059906005859375e-06,83.2928491069828,64.86483807335092,8,INTERNET-100,3,34,100
LIA,0.9767727415048877,0.7173213523181009,5.221366882324219e-05,97.60772757919152,71.68106169294866,10,INTERNET-100,3,35,100
VCG,1.0,0.638761453267279,8.106231689453125e-06,99.92879963952505,63.83066528099776,10,INTERNET-100,3,35,100
HoldBack,0.8432143389366855,0.6211912082825076,8.821487426757812e-06,84.26139672877862,62.07489179029718,10,INTERNET-100,3,35,100
LIA,0.9037974929887922,0.8135538488712611,5.221366882324219e-05,89.7986468480739,80.8323051716936,29,INTERNET-100,3,36,100
VCG,1.0,0.7165121040237158,7.867813110351562e-06,99.35704352433679,71.19052430519845,86,INTERNET-100,3,36,100
HoldBack,0.882184428005271,0.5754471202606726,7.867813110351562e-06,87.65123660981186,57.17472457369391,86,INTERNET-100,3,36,100
LIA,0.8929730294785108,0.8498456691748071,5.316734313964844e-05,87.93173595526592,83.68495186046796,50,INTERNET-100,3,37,100
VCG,1.0,0.5729260468745678,8.106231689453125e-06,98.47076345252819,56.41646523757765,98,INTERNET-100,3,37,100
HoldBack,0.9326346766244565,0.6485296490656577,8.106231689453125e-06,91.83724862951198,63.861209665095494,98,INTERNET-100,3,37,100
LIA,0.9464549141459101,0.8445165350353954,5.221366882324219e-05,94.41548718570722,84.24642199011271,95,INTERNET-100,3,38,100
VCG,1.0,0.789291411579663,8.106231689453125e-06,99.7569834278991,78.73733026473553,61,INTERNET-100,3,38,100
HoldBack,0.9412592591091236,0.5986663977048284,7.867813110351562e-06,93.89718431230543,59.72115391468062,61,INTERNET-100,3,38,100
LIA,0.9305969637606134,0.665424925354221,5.2928924560546875e-05,92.77547320342927,66.339258277416,37,INTERNET-100,3,39,100
VCG,1.0,0.7883617031807391,8.106231689453125e-06,99.69457973354706,78.59538867662715,46,INTERNET-100,3,39,100
HoldBack,0.9310519274998912,0.6900192157979093,9.059906005859375e-06,92.82083062221058,68.79117572704428,46,INTERNET-100,3,39,100
LIA,0.9734936212597207,0.6983913043913456,5.1975250244140625e-05,96.71325143360353,69.38278006715608,14,INTERNET-100,3,40,100
VCG,1.0,0.6221764465718868,8.344650268554688e-06,99.34656922400231,61.81109541889772,14,INTERNET-100,3,40,100
HoldBack,0.8551153216462527,0.666636655597463,7.867813110351562e-06,84.95277349643445,66.22806465257074,14,INTERNET-100,3,40,100
LIA,0.8883943703130563,0.8207578739272874,5.2928924560546875e-05,87.92855576712877,81.23425462893763,24,INTERNET-100,3,41,100
VCG,1.0,0.5608814873334476,8.106231689453125e-06,98.9746881625827,55.51307030499355,24,INTERNET-100,3,41,100
HoldBack,0.848214412035043,0.5019429956758525,9.059906005859375e-06,83.95175692617681,49.6796514724101,24,INTERNET-100,3,41,100
LIA,0.9351324202796979,0.6807924028378087,5.1975250244140625e-05,92.46255852360152,67.3143247145538,85,INTERNET-100,3,42,100
VCG,1.0,0.7873323929066801,7.867813110351562e-06,98.8764334530782,77.84861895269017,85,INTERNET-100,3,42,100
HoldBack,0.8687163299116507,0.5539753895249515,7.867813110351562e-06,85.89557238411166,54.77511073700695,85,INTERNET-100,3,42,100
LIA,0.9271341697841289,0.7051567761339171,5.1975250244140625e-05,92.564928163182,70.40274045968445,7,INTERNET-100,3,43,100
VCG,1.0,0.6144344302632778,7.867813110351562e-06,99.8398410714757,61.34503586632838,7,INTERNET-100,3,43,100
HoldBack,0.8766106312698835,0.5501342972601535,8.106231689453125e-06,87.52066610755115,54.925320806421695,7,INTERNET-100,3,43,100
LIA,0.8536141347744776,0.7291208046187586,5.1975250244140625e-05,83.40393019344472,71.24008168758526,44,INTERNET-100,3,44,100
VCG,1.0,0.6682478079710709,7.867813110351562e-06,97.70682887705439,65.29237422089612,44,INTERNET-100,3,44,100
HoldBack,0.8256717667877052,0.7084324724573591,7.867813110351562e-06,80.67377002614147,69.21869035733972,44,INTERNET-100,3,44,100
LIA,0.9672143348431369,0.6792075773482414,5.1975250244140625e-05,95.94661182033079,67.37665419302117,66,INTERNET-100,3,45,100
VCG,1.0,0.6782764492381144,7.867813110351562e-06,99.1989142053932,67.28428729551044,62,INTERNET-100,3,45,100
HoldBack,0.9430370219545657,0.548717533093178,9.059906005859375e-06,93.54824863338047,54.43218348830516,62,INTERNET-100,3,45,100
LIA,0.8649646628420754,0.6767613574352377,5.1975250244140625e-05,86.06479755510824,67.33839163949564,88,INTERNET-100,3,46,100
VCG,1.0,0.5504954264051914,7.867813110351562e-06,99.50094061914514,54.774812733853935,88,INTERNET-100,3,46,100
HoldBack,0.8407283374520753,0.6764312390688686,9.059906005859375e-06,83.65326038165156,67.30554455152627,88,INTERNET-100,3,46,100
LIA,0.9460163228609039,0.6810675988208612,5.1975250244140625e-05,93.59706669421276,67.38354078006356,96,INTERNET-100,3,47,100
VCG,1.0,0.6817730862206673,1.0967254638671875e-05,98.93810966301336,67.45334036979145,48,INTERNET-100,3,47,100
HoldBack,0.8441044691068826,0.6148566376232495,9.298324584960938e-06,83.51410053153643,60.832753440200726,48,INTERNET-100,3,47,100
LIA,0.9391358421023769,0.8103571447427499,5.1975250244140625e-05,92.18588376604463,79.54492439241328,11,INTERNET-100,3,48,100
VCG,1.0,0.5821537949725127,7.867813110351562e-06,98.16032956390485,57.14440837137975,67,INTERNET-100,3,48,100
HoldBack,0.9142228236084524,0.6607272856244714,8.106231689453125e-06,89.74041366024935,64.8572081087624,67,INTERNET-100,3,48,100
LIA,0.869611198524305,0.7053907683558623,5.1975250244140625e-05,86.43032674664722,70.10852056243586,27,INTERNET-100,3,49,100
VCG,1.0,0.6682778816580508,6.9141387939453125e-06,99.38962020419699,66.41988484885897,27,INTERNET-100,3,49,100
HoldBack,0.9389637761387243,0.7433074889725952,7.867813110351562e-06,93.32325309592645,73.87704902392159,27,INTERNET-100,3,49,100
LIA,0.9300434619363284,0.675514633406468,5.1975250244140625e-05,89.01564879923691,64.65436920642755,2,INTERNET-100,3,50,100
VCG,1.0,0.5814876894010221,7.867813110351562e-06,95.71127849649999,55.65493018254751,30,INTERNET-100,3,50,100
HoldBack,0.94160092920415,0.6515326702478044,8.344650268554688e-06,90.12182876762157,62.359024851655896,30,INTERNET-100,3,50,100
LIA,0.8985656893386571,0.7035740640768197,5.2928924560546875e-05,89.6802615743535,70.21935830843843,67,INTERNET-100,3,51,100
VCG,1.0,0.7354723516624424,7.867813110351562e-06,99.8037902385946,73.40292831160428,82,INTERNET-100,3,51,100
HoldBack,0.8920143289564596,0.6329667616144485,8.106231689453125e-06,89.02641097699122,63.17248190417094,82,INTERNET-100,3,51,100
LIA,0.9575967144730685,0.8375374271333115,5.1975250244140625e-05,95.18063684853693,83.24730493974106,0,INTERNET-100,3,52,100
VCG,1.0,0.7569221783222385,7.867813110351562e-06,99.39532520316912,75.23452606783006,0,INTERNET-100,3,52,100
HoldBack,0.8811762568297876,0.5340959185649731,9.298324584960938e-06,87.58480060890801,53.08663751545083,0,INTERNET-100,3,52,100
LIA,0.9473322870565752,0.791198456097571,5.3882598876953125e-05,94.47060319006403,78.9005045133874,82,INTERNET-100,3,53,100
VCG,1.0,0.7604142547432597,6.9141387939453125e-06,99.72277360417063,75.83061857114622,64,INTERNET-100,3,53,100
HoldBack,0.8102567880083792,0.7360800611971969,7.867813110351562e-06,80.80105423180207,73.40394529731213,64,INTERNET-100,3,53,100
LIA,0.9489436996305657,0.7574830195009211,5.1975250244140625e-05,94.26670513513888,75.2472759679704,26,INTERNET-100,3,54,100
VCG,1.0,0.6869083547733976,8.106231689453125e-06,99.33856473449157,68.23649006732026,36,INTERNET-100,3,54,100
HoldBack,0.8772587287515349,0.6894769338896583,7.867813110351562e-06,87.14562301498214,68.49164903013659,36,INTERNET-100,3,54,100
LIA,0.9077848273240573,0.7880646120159097,5.316734313964844e-05,90.38727831630206,78.46684949282907,63,INTERNET-100,3,55,100
VCG,1.0,0.6441271589406145,6.9141387939453125e-06,99.56905600938842,64.13513316572627,36,INTERNET-100,3,55,100
HoldBack,0.8818906900145781,0.5283738683659369,9.059906005859375e-06,87.80902350821972,52.6096872932252,36,INTERNET-100,3,55,100
LIA,0.8620939388344692,0.6802049420192146,5.1975250244140625e-05,85.92554043505926,67.79652960861563,65,INTERNET-100,3,56,100
VCG,1.0,0.5894534186796025,7.867813110351562e-06,99.67073953823244,58.75125816313534,65,INTERNET-100,3,56,100
HoldBack,0.9363323642941049,0.5546099684188923,9.059906005859375e-06,93.3249392027751,55.278385707586736,65,INTERNET-100,3,56,100
LIA,0.881552639821493,0.845033774615741,5.2928924560546875e-05,85.63154086837213,82.08420114403513,10,INTERNET-100,3,57,100
VCG,1.0,0.7626602629091508,8.106231689453125e-06,97.13718387334396,74.08267019109903,10,INTERNET-100,3,57,100
HoldBack,0.8921758620005666,0.6520680291709005,9.059906005859375e-06,86.66345075450819,63.340052047502766,10,INTERNET-100,3,57,100
LIA,0.9182718323582302,0.6665074580631041,5.2928924560546875e-05,91.385652750112,66.33027059263335,0,INTERNET-100,3,58,100
VCG,1.0,0.56155114188659,8.106231689453125e-06,99.51917235163675,55.88510487366998,35,INTERNET-100,3,58,100
HoldBack,0.9455915934101226,0.6032799932052709,9.059906005859375e-06,94.1044927588408,60.03792562008961,35,INTERNET-100,3,58,100
LIA,0.9280783618607098,0.7347241615907111,6.508827209472656e-05,91.1247642754909,72.13999246596984,67,INTERNET-100,3,59,100
VCG,1.0,0.720949759704052,1.0013580322265625e-05,98.18649805905864,70.78753218186068,67,INTERNET-100,3,59,100
HoldBack,0.9436524842530841,0.6679638625337692,9.059906005859375e-06,92.6539328135413,65.58503249219324,67,INTERNET-100,3,59,100
LIA,0.9476115164641401,0.6884839539946823,5.412101745605469e-05,93.83815231683494,68.17779334691595,89,INTERNET-100,3,60,100
VCG,1.0,0.6527233614247518,8.106231689453125e-06,99.02597286594501,64.63656587741589,89,INTERNET-100,3,60,100
HoldBack,0.9241841273765716,0.5557766718577108,1.0013580322265625e-05,91.51823232072945,55.036325626906894,89,INTERNET-100,3,60,100
LIA,0.8686544075489344,0.714919391789693,5.3882598876953125e-05,86.41774134731071,71.12347390049706,44,INTERNET-100,3,61,100
VCG,1.0,0.7087725391960438,8.106231689453125e-06,99.48460584129654,70.51195669305332,42,INTERNET-100,3,61,100
HoldBack,0.8926765163847832,0.6424774707172616,9.059906005859375e-06,88.80757137632185,63.91661793621991,42,INTERNET-100,3,61,100
LIA,0.8963624233319727,0.7227573088516395,5.3882598876953125e-05,89.60681875628157,72.25200598916783,94,INTERNET-100,3,62,100
VCG,1.0,0.5894579789530991,1.1920928955078125e-05,99.96717446408974,58.9264486212542,94,INTERNET-100,3,62,100
HoldBack,0.8666726019507262,0.7064760626433806,9.059906005859375e-06,86.63881120245485,70.62441580897402,94,INTERNET-100,3,62,100
LIA,0.9522731279223741,0.8151159494953932,5.2928924560546875e-05,94.48275177657762,80.87427405762159,3,INTERNET-100,3,63,100
VCG,1.0,0.6540952162020709,8.106231689453125e-06,99.21812241275333,64.89809923073342,3,INTERNET-100,3,63,100
HoldBack,0.8115243358929023,0.6043301989239759,7.867813110351562e-06,80.51792089955033,59.96050765456261,3,INTERNET-100,3,63,100
LIA,0.9781538163840787,0.7881267545278821,5.2928924560546875e-05,97.18621040520746,78.30573403543771,52,INTERNET-100,3,64,100
VCG,1.0,0.7478814439293059,8.106231689453125e-06,99.35677679454724,74.30708969326774,71,INTERNET-100,3,64,100
HoldBack,0.9274632561168805,0.6332799055286802,8.106231689453125e-06,92.1497597231489,62.920650222085044,71,INTERNET-100,3,64,100
LIA,0.9414243425152575,0.7324902807757675,5.412101745605469e-05,93.97988882156984,73.12255700364094,83,INTERNET-100,3,65,100
VCG,1.0,0.7427256114271492,8.106231689453125e-06,99.82734095283575,74.14432284634142,83,INTERNET-100,3,65,100
HoldBack,0.8522078721761818,0.5397809705984729,8.821487426757812e-06,85.07364581842236,53.884898991786365,83,INTERNET-100,3,65,100
LIA,0.9092568715135811,0.6929662414908435,5.2928924560546875e-05,90.63667325746411,69.07635980128023,24,INTERNET-100,3,66,100
VCG,1.0,0.6731309222772461,7.152557373046875e-06,99.68214274431284,67.0991326800514,2,INTERNET-100,3,66,100
HoldBack,0.8158002143135012,0.6750720200717893,9.059906005859375e-06,81.32071341403945,67.29262546748772,2,INTERNET-100,3,66,100
LIA,0.9177203583162027,0.8344428703930914,5.412101745605469e-05,91.75542359780697,83.42918226371906,4,INTERNET-100,3,67,100
VCG,1.0,0.7715303955918839,7.867813110351562e-06,99.98189837060629,77.1390736019014,58,INTERNET-100,3,67,100
HoldBack,0.8830802821899135,0.7052868962741934,9.059906005859375e-06,88.29204302699826,70.51592278540674,58,INTERNET-100,3,67,100
LIA,0.9292355771968147,0.6670880561330385,5.412101745605469e-05,91.65218755958725,65.79610288265584,97,INTERNET-100,3,68,100
VCG,1.0,0.6255598165974128,7.867813110351562e-06,98.63181071485714,61.70009742145676,97,INTERNET-100,3,68,100
HoldBack,0.8711162238599839,0.5903663344371894,9.059906005859375e-06,85.91977050239905,58.228900550632915,97,INTERNET-100,3,68,100
LIA,0.8714365365638561,0.7427224870105136,5.2928924560546875e-05,85.89662860645188,73.20941336240095,81,INTERNET-100,3,69,100
VCG,1.0,0.6921313270051915,7.867813110351562e-06,98.56900072740713,68.22269327503598,81,INTERNET-100,3,69,100
HoldBack,0.8217030353069564,0.5385639104037611,8.344650268554688e-06,80.99444708488403,53.08570647634355,81,INTERNET-100,3,69,100
LIA,0.9745365996934643,0.6580286627572758,5.1975250244140625e-05,96.86412612949917,65.40479999026752,14,INTERNET-100,3,70,100
VCG,1.0,0.7572651904711454,6.9141387939453125e-06,99.39506239167139,75.26842085392042,14,INTERNET-100,3,70,100
HoldBack,0.862411464638479,0.6524236670823931,8.821487426757812e-06,85.71944133503432,64.8476910954575,14,INTERNET-100,3,70,100
LIA,0.8605290734629917,0.8011838459683778,6.29425048828125e-05,84.52664856604775,78.6973821958568,48,INTERNET-100,3,71,100
VCG,1.0,0.6748319867136141,7.867813110351562e-06,98.22637162727186,66.28629751290164,48,INTERNET-100,3,71,100
HoldBack,0.8167372919516342,0.7392336354988986,7.867813110351562e-06,80.22514076109286,72.61223779989405,48,INTERNET-100,3,71,100
LIA,0.8943191288733917,0.8131673653173859,5.2928924560546875e-05,89.08826584707842,81.00427250261737,37,INTERNET-100,3,72,100
VCG,1.0,0.6586318980088005,8.106231689453125e-06,99.61574450420885,65.6101068743668,15,INTERNET-100,3,72,100
HoldBack,0.8582777177703171,0.6041625700115346,8.344650268554688e-06,85.49797384706338,60.184104213275226,15,INTERNET-100,3,72,100
LIA,0.8918123473189252,0.651243663825077,5.316734313964844e-05,88.74595609546995,64.80650528222039,9,INTERNET-100,3,73,100
VCG,1.0,0.5839167476545718,7.867813110351562e-06,99.5119167863832,58.10667480277726,50,INTERNET-100,3,73,100
HoldBack,0.858481916760263,0.6148412704506362,7.867813110351562e-06,85.42918106326204,61.18403334191783,50,INTERNET-100,3,73,100
LIA,0.880821360594313,0.7791042526537829,5.507469177246094e-05,85.65318872719845,75.76197237734,38,INTERNET-100,3,74,100
VCG,1.0,0.6087270078446989,8.344650268554688e-06,97.24240641644525,59.19407909350087,38,INTERNET-100,3,74,100
HoldBack,0.9441686178475571,0.6939284600495266,7.867813110351562e-06,91.81322846238552,67.47927333607406,38,INTERNET-100,3,74,100
LIA,0.8659891103154863,0.751661978400507,5.2928924560546875e-05,86.07671321224994,74.71294012434169,48,INTERNET-100,3,75,100
VCG,1.0,0.5513817627748331,7.867813110351562e-06,99.39699262602916,54.80568900865704,37,INTERNET-100,3,75,100
HoldBack,0.8796016172310803,0.5776158346916717,9.059906005859375e-06,87.42975546176102,57.413276861525766,37,INTERNET-100,3,75,100
LIA,0.9532648410162641,0.7882599843141911,5.1975250244140625e-05,94.55590421213795,78.18880164678427,10,INTERNET-100,3,76,100
VCG,1.0,0.6314530733074188,8.106231689453125e-06,99.19164134002156,62.63486677056383,90,INTERNET-100,3,76,100
HoldBack,0.8710828182109014,0.7363279201998136,9.059906005859375e-06,86.40413448143093,73.03757496910393,90,INTERNET-100,3,76,100
LIA,0.9336584861487429,0.6558525196053347,5.2928924560546875e-05,92.24899721478562,64.80071477092964,6,INTERNET-100,3,77,100
VCG,1.0,0.6197583959269556,8.344650268554688e-06,98.80379023309092,61.23447854636383,6,INTERNET-100,3,77,100
HoldBack,0.843692735005156,0.6931077206899067,8.106231689453125e-06,83.36004001063219,68.48166984398131,6,INTERNET-100,3,77,100
LIA,0.9306996400447547,0.7318437209631123,5.1975250244140625e-05,92.37385627518948,72.6369967145314,25,INTERNET-100,3,78,100
VCG,1.0,0.6818701493015675,8.106231689453125e-06,99.25205974158052,67.67701679447961,25,INTERNET-100,3,78,100
HoldBack,0.8255923266980819,0.7132883341612002,8.821487426757812e-06,81.94173893162849,70.7953363551399,25,INTERNET-100,3,78,100
LIA,0.9791676042106225,0.7728051481252465,5.316734313964844e-05,97.43755110332815,76.90230026970073,26,INTERNET-100,3,79,100
VCG,1.0,0.7709835379529191,7.867813110351562e-06,99.5105952079364,76.7210307572156,72,INTERNET-100,3,79,100
HoldBack,0.837774194935767,0.7104717377668073,8.106231689453125e-06,83.36740878790792,70.6994655035919,72,INTERNET-100,3,79,100
LIA,0.9780938816779116,0.7074462338862104,5.316734313964844e-05,97.60649800650944,70.59787481654627,44,INTERNET-100,3,80,100
VCG,1.0,0.7875707007318926,8.344650268554688e-06,99.79256575970636,78.59370094320542,54,INTERNET-100,3,80,100
HoldBack,0.8774006533434763,0.5070990388798331,8.821487426757812e-06,87.55806239638818,50.60471418409964,54,INTERNET-100,3,80,100
LIA,0.858577954902659,0.777386574088797,5.2928924560546875e-05,84.43643552857048,76.45170827996262,64,INTERNET-100,3,81,100
VCG,1.0,0.7084772224114241,8.106231689453125e-06,98.34451845219277,69.67485127239858,64,INTERNET-100,3,81,100
HoldBack,0.9137427606182347,0.5657550010147321,8.106231689453125e-06,89.86159178217754,55.63890313671366,64,INTERNET-100,3,81,100
LIA,0.9205752066032786,0.6961190617827693,5.316734313964844e-05,91.05749376951316,68.85570747120978,96,INTERNET-100,3,82,100
VCG,1.0,0.6651947438935967,7.867813110351562e-06,98.91369343466833,65.79686897184394,96,INTERNET-100,3,82,100
HoldBack,0.9204131700596238,0.5103724951510442,9.059906005859375e-06,91.04146613650887,50.48282852285714,96,INTERNET-100,3,82,100
LIA,0.9045476673354096,0.7959522252050699,5.1975250244140625e-05,89.8932370770404,79.10110728949117,39,INTERNET-100,3,83,100
VCG,1.0,0.6702994321406117,7.867813110351562e-06,99.37921496370147,66.61383135674888,39,INTERNET-100,3,83,100
HoldBack,0.8122915730492891,0.6689139306723059,9.059906005859375e-06,80.72489885126852,66.47614130849759,39,INTERNET-100,3,83,100
LIA,0.8746781116984365,0.8278212044363492,5.507469177246094e-05,86.97119996972249,82.31211293307473,90,INTERNET-100,3,84,100
VCG,1.0,0.7195438938700495,6.9141387939453125e-06,99.43223547785271,71.54585789193781,18,INTERNET-100,3,84,100
HoldBack,0.8760041386689469,0.6780906487406292,9.059906005859375e-06,87.10304979570427,67.42406906090815,18,INTERNET-100,3,84,100
LIA,0.9573006925837932,0.806184473693505,5.2928924560546875e-05,95.51975678875307,80.44133410812513,39,INTERNET-100,3,85,100
VCG,1.0,0.5967344813701044,8.106231689453125e-06,99.78030678212652,59.54234961858218,39,INTERNET-100,3,85,100
HoldBack,0.9142110561557876,0.6857375599501752,8.106231689453125e-06,91.22025964683638,68.42310410385535,39,INTERNET-100,3,85,100
LIA,0.9220877294925235,0.8213322231756063,5.316734313964844e-05,90.76986126646803,80.8515389228309,7,INTERNET-100,3,86,100
VCG,1.0,0.6677540399071951,6.9141387939453125e-06,98.43950674457382,65.73337831516075,7,INTERNET-100,3,86,100
HoldBack,0.8242512534234541,0.5249681230615297,9.059906005859375e-06,81.13888682060153,51.67760309080172,7,INTERNET-100,3,86,100
LIA,0.867700347966852,0.8052824483339406,5.316734313964844e-05,86.62250749195009,80.39132988408976,31,INTERNET-100,3,87,100
VCG,1.0,0.555349088412334,1.0013580322265625e-05,99.82997897248653,55.440487818592864,29,INTERNET-100,3,87,100
HoldBack,0.9352886681868664,0.5846616367177061,9.298324584960938e-06,93.36984807829981,58.36675889954816,29,INTERNET-100,3,87,100
LIA,0.9432954154117597,0.7326508718743757,5.2928924560546875e-05,94.32924114331665,73.26485387054666,11,INTERNET-100,3,88,100
VCG,1.0,0.6678195959528619,7.867813110351562e-06,99.99968154423905,66.78174692428858,66,INTERNET-100,3,88,100
HoldBack,0.8555487320604646,0.6025975989750657,8.821487426757812e-06,85.55460075162397,60.259567996829645,66,INTERNET-100,3,88,100
LIA,0.9140420530270147,0.6869364441521719,5.2928924560546875e-05,91.17911771583636,68.52448276009217,27,INTERNET-100,3,89,100
VCG,1.0,0.5808561548328057,7.867813110351562e-06,99.75374482375324,57.9425766484982,27,INTERNET-100,3,89,100
HoldBack,0.8910770889314551,0.5297971569447031,8.106231689453125e-06,88.88827654756125,52.84925040221186,27,INTERNET-100,3,89,100
LIA,0.9697420700607555,0.6520842123814764,5.316734313964844e-05,96.82241229830888,65.10634983636602,24,INTERNET-100,3,90,100
VCG,1.0,0.7002926779327157,8.106231689453125e-06,99.84346898783389,69.91965027158224,24,INTERNET-100,3,90,100
HoldBack,0.948237072175459,0.6571705775347016,9.059906005859375e-06,94.67527870886485,65.61419017780287,24,INTERNET-100,3,90,100
LIA,0.9686615884868103,0.7824238475932941,5.2928924560546875e-05,95.01195533425064,76.74467589461852,3,INTERNET-100,3,91,100
VCG,1.0,0.5779183449620474,6.9141387939453125e-06,98.08580877318887,56.68558827046518,3,INTERNET-100,3,91,100
HoldBack,0.8316069934237217,0.6183193759629841,8.106231689453125e-06,81.5688445314057,60.648356071462736,3,INTERNET-100,3,91,100
LIA,0.8986915204346203,0.7519107872709591,5.2928924560546875e-05,89.65879048740359,75.01507492642473,90,INTERNET-100,3,92,100
VCG,1.0,0.6164112277798822,8.106231689453125e-06,99.76592462343841,61.49683608772885,90,INTERNET-100,3,92,100
HoldBack,0.8232680967205699,0.6345615045827657,7.867813110351562e-06,82.13410288230598,63.30761523513987,90,INTERNET-100,3,92,100
LIA,0.9323654784011666,0.6515779336693795,5.2928924560546875e-05,92.86639520995078,64.89911445668986,26,INTERNET-100,3,93,100
VCG,1.0,0.7562741157835815,6.9141387939453125e-06,99.60299620831027,75.32716788683527,91,INTERNET-100,3,93,100
HoldBack,0.865250548618908,0.5975576822087829,9.059906005859375e-06,86.18154711332748,59.51853555528808,91,INTERNET-100,3,93,100
LIA,0.9758998177189684,0.653173326383581,5.2928924560546875e-05,97.27302911704282,65.105195064277,3,INTERNET-100,3,94,100
VCG,1.0,0.6019905393714721,8.344650268554688e-06,99.67522009011658,60.00353950401947,3,INTERNET-100,3,94,100
HoldBack,0.8592254906217073,0.5236116413006522,7.867813110351562e-06,85.64348988475707,52.19110558838968,3,INTERNET-100,3,94,100
LIA,0.9730702870482911,0.8170056548328977,5.316734313964844e-05,97.21525205221504,81.62350831160818,51,INTERNET-100,3,95,100
VCG,1.0,0.5738604235551488,7.867813110351562e-06,99.9056834292079,57.33191780825185,81,INTERNET-100,3,95,100
HoldBack,0.93331193340911,0.6865601048432437,9.059906005859375e-06,93.2431665598725,68.5912564895929,81,INTERNET-100,3,95,100
LIA,0.9413224102496626,0.6569572738940361,5.2928924560546875e-05,93.95137999327686,65.56950286841212,93,INTERNET-100,3,96,100
VCG,1.0,0.7250135585754451,7.867813110351562e-06,99.80786494646247,72.36205533865218,55,INTERNET-100,3,96,100
HoldBack,0.855815911773891,0.5974438804577973,9.059906005859375e-06,85.41715894136216,59.6295981338223,55,INTERNET-100,3,96,100
LIA,0.9156873175436511,0.6670724405435435,5.2928924560546875e-05,90.79729887480681,66.14526006285067,51,INTERNET-100,3,97,100
VCG,1.0,0.7312010139593909,8.106231689453125e-06,99.1575367870905,72.50409144043618,68,INTERNET-100,3,97,100
HoldBack,0.8175429106002476,0.5203823453104073,9.059906005859375e-06,81.0655412328691,51.59983154846915,68,INTERNET-100,3,97,100
LIA,0.9351402535295531,0.8011751924377549,5.1975250244140625e-05,92.92322752914046,79.61135713771691,62,INTERNET-100,3,98,100
VCG,1.0,0.631512913012235,6.9141387939453125e-06,99.36822543828589,62.7523175073884,62,INTERNET-100,3,98,100
HoldBack,0.801143520598119,0.5571752163877669,8.821487426757812e-06,79.60820996321593,55.365512510645345,62,INTERNET-100,3,98,100
LIA,0.9525141547524166,0.794365324941208,5.2928924560546875e-05,95.20301833413333,79.39617087793806,13,INTERNET-100,3,99,100
VCG,1.0,0.7972824919684048,7.867813110351562e-06,99.94919010823423,79.68773935971683,68,INTERNET-100,3,99,100
HoldBack,0.887682709504878,0.7392597101921179,8.106231689453125e-06,88.72316788809552,73.88840931335014,68,INTERNET-100,3,99,100
LIA,0.8950442032964264,0.7672831551480003,5.2928924560546875e-05,89.35062029727928,76.59646931808817,88,INTERNET-100,4,0,100
VCG,1.0,0.6596746330961434,7.867813110351562e-06,99.82816487521295,65.8541080367174,88,INTERNET-100,4,0,100
HoldBack,0.8077915240872574,0.6136328118553065,1.0967254638671875e-05,80.64034545138229,61.25783751473206,88,INTERNET-100,4,0,100
LIA,0.9659697364838203,0.8158726384476833,5.412101745605469e-05,93.7234524016237,79.16024437129907,11,INTERNET-100,4,1,100
VCG,1.0,0.6666344366074439,7.867813110351562e-06,97.02524712915117,64.6803709566397,11,INTERNET-100,4,1,100
HoldBack,0.8154928508793011,0.6547242675642361,9.298324584960938e-06,79.12339538862021,63.5247838618725,11,INTERNET-100,4,1,100
LIA,0.8915779595263967,0.7070644121048245,5.2928924560546875e-05,88.92906390785589,70.52504564428823,92,INTERNET-100,4,2,100
VCG,1.0,0.7379912246198457,7.867813110351562e-06,99.74345255808556,73.60979270115304,92,INTERNET-100,4,2,100
HoldBack,0.8696053299304406,0.5225544150290401,8.106231689453125e-06,86.73743797017525,52.121381504467216,92,INTERNET-100,4,2,100
LIA,0.9596138754420738,0.7402818790159057,5.2928924560546875e-05,94.93877971207331,73.2393101385217,50,INTERNET-100,4,3,100
VCG,1.0,0.7771632223033801,8.344650268554688e-06,98.93435489179127,76.88814204421068,30,INTERNET-100,4,3,100
HoldBack,0.8492311290172367,0.5393883548487549,7.867813110351562e-06,84.01813390334789,53.364038923106165,30,INTERNET-100,4,3,100
LIA,0.8888036754814296,0.8248947872774912,5.2928924560546875e-05,88.56406343777962,82.19591827223927,62,INTERNET-100,4,4,100
VCG,1.0,0.5881483761019302,8.106231689453125e-06,99.64412375973579,58.60552957738836,62,INTERNET-100,4,4,100
HoldBack,0.9293857539131175,0.5634591396812161,8.106231689453125e-06,92.60782908345404,56.14539224794935,62,INTERNET-100,4,4,100
LIA,0.8920634348172358,0.8057358109707228,5.1975250244140625e-05,88.88167622174902,80.28033285058984,22,INTERNET-100,4,5,100
VCG,1.0,0.7595426497925218,7.867813110351562e-06,99.63604913361225,75.67782877380175,22,INTERNET-100,4,5,100
HoldBack,0.888646349429549,0.6107170378803237,9.059906005859375e-06,88.5412113341677,60.849432792978064,22,INTERNET-100,4,5,100
LIA,0.9595913404654884,0.7205452257980226,5.316734313964844e-05,94.18918568978123,70.72549032972034,68,INTERNET-100,4,6,100
VCG,1.0,0.7591885532961993,8.106231689453125e-06,98.15551862326203,74.51854618163244,68,INTERNET-100,4,6,100
HoldBack,0.8785648010678598,0.5767328101875894,9.059906005859375e-06,86.23598369295881,56.60950809101417,68,INTERNET-100,4,6,100
LIA,0.8953865051973494,0.7901201141819881,5.2928924560546875e-05,88.64438399115045,78.22287961023329,39,INTERNET-100,4,7,100
VCG,1.0,0.5958269793502519,8.106231689453125e-06,99.00125083034685,58.98761623414217,39,INTERNET-100,4,7,100
HoldBack,0.854012166114038,0.7189273559968681,8.821487426757812e-06,84.54827266962371,71.174707499844,39,INTERNET-100,4,7,100
LIA,0.8641476653936182,0.733048312291712,5.412101745605469e-05,86.05528291239524,72.99988465973932,61,INTERNET-100,4,8,100
VCG,1.0,0.60476812280709,8.106231689453125e-06,99.58400208510332,60.225230002625274,61,INTERNET-100,4,8,100
HoldBack,0.9481355428961807,0.7316336045983935,7.867813110351562e-06,94.41913188073383,72.85900240585808,61,INTERNET-100,4,8,100
LIA,0.910652074393785,0.8447643746875448,5.2928924560546875e-05,90.23208372939392,83.70359210915763,13,INTERNET-100,4,9,100
VCG,1.0,0.6444468795113723,7.867813110351562e-06,99.08513500006116,63.85510605675247,13,INTERNET-100,4,9,100
HoldBack,0.8469662507029349,0.5705267443619488,8.106231689453125e-06,83.92176529139594,56.53071948624908,13,INTERNET-100,4,9,100
LIA,0.9024441155982823,0.7591253160962679,5.2928924560546875e-05,89.64581682923887,75.40900080232471,87,INTERNET-100,4,10,100
VCG,1.0,0.6503623353620371,7.867813110351562e-06,99.33669606766452,64.60484564171519,87,INTERNET-100,4,10,100
HoldBack,0.9213300176964677,0.5508979750046021,9.298324584960938e-06,91.52187994592998,54.724384707324006,87,INTERNET-100,4,10,100
LIA,0.9640737616487439,0.6914942035613453,5.2928924560546875e-05,95.62211067213846,68.58617866438368,82,INTERNET-100,4,11,100
VCG,1.0,0.6204111819341687,8.106231689453125e-06,99.18547156454815,61.53577564405919,82,INTERNET-100,4,11,100
HoldBack,0.9249366845839667,0.6947676339866202,8.821487426757812e-06,91.74028122781047,68.91085540474832,82,INTERNET-100,4,11,100
LIA,0.9633576877152408,0.7652578746159937,5.1975250244140625e-05,95.86185329636714,76.14932547464379,9,INTERNET-100,4,12,100
VCG,1.0,0.6216967844917703,7.152557373046875e-06,99.50805865650909,61.86384009777018,9,INTERNET-100,4,12,100
HoldBack,0.8125203054695023,0.5629491466543257,9.298324584960938e-06,80.85231821626392,56.017976705910385,9,INTERNET-100,4,12,100
LIA,0.8867048120056225,0.8162648578184406,5.2928924560546875e-05,88.4935451122006,81.46360552106957,5,INTERNET-100,4,13,100
VCG,1.0,0.6254667757926214,7.867813110351562e-06,99.80045660521291,62.42186981549395,5,INTERNET-100,4,13,100
HoldBack,0.856378380160479,0.6474886546093529,9.059906005859375e-06,85.46695336684841,64.61966337670842,5,INTERNET-100,4,13,100
LIA,0.9756729879467784,0.7397282123779477,5.507469177246094e-05,97.4468981580084,73.88153681275388,7,INTERNET-100,4,14,100
VCG,1.0,0.7524972336369211,8.106231689453125e-06,99.87659734546632,75.15686320753207,7,INTERNET-100,4,14,100
HoldBack,0.9018363694927023,0.5068777240664291,8.821487426757812e-06,90.07234794731981,50.62522234996912,7,INTERNET-100,4,14,100
LIA,0.9447396188557229,0.6739975076716936,5.2928924560546875e-05,92.94877998129326,66.31165328325616,30,INTERNET-100,4,15,100
VCG,1.0,0.7252417196102632,8.106231689453125e-06,98.38560607193934,71.35334613251123,30,INTERNET-100,4,15,100
HoldBack,0.8640203701563454,0.507059216643169,9.059906005859375e-06,85.0071677763334,49.887328343800974,30,INTERNET-100,4,15,100
LIA,0.9694938085751943,0.783434225782881,5.1975250244140625e-05,96.88045925736651,78.28772800862924,80,INTERNET-100,4,16,100
VCG,1.0,0.5749242015931235,7.867813110351562e-06,99.92890970572137,57.45154862863319,70,INTERNET-100,4,16,100
HoldBack,0.9353831369166161,0.5139123940564453,8.106231689453125e-06,93.47181702919494,51.35470522231762,70,INTERNET-100,4,16,100
LIA,0.9163167017335309,0.8233575156723375,5.1975250244140625e-05,90.09340950130647,80.95354552100905,69,INTERNET-100,4,17,100
VCG,1.0,0.750384073834129,7.867813110351562e-06,98.32125653812,73.77870502556497,69,INTERNET-100,4,17,100
HoldBack,0.8492438539637671,0.7226905560886705,8.821487426757812e-06,83.49872282899327,71.05584356287078,69,INTERNET-100,4,17,100
LIA,0.862187717175001,0.713079360691159,5.2928924560546875e-05,85.76575087936806,70.93326150208144,9,INTERNET-100,4,18,100
VCG,1.0,0.5772050285721924,8.106231689453125e-06,99.47456820700673,57.417220984131816,9,INTERNET-100,4,18,100
HoldBack,0.9071444288068895,0.6163645070338529,8.821487426757812e-06,90.23780035695708,61.31259319531708,9,INTERNET-100,4,18,100
LIA,0.9173315262752922,0.8015383484030172,5.1975250244140625e-05,90.75128246493996,79.29590445643761,83,INTERNET-100,4,19,100
VCG,1.0,0.7784347320602959,6.9141387939453125e-06,98.9296452433331,77.01027188781413,83,INTERNET-100,4,19,100
HoldBack,0.9352041595687672,0.5790997791273355,8.821487426757812e-06,92.51941573622761,57.29013570955985,83,INTERNET-100,4,19,100
LIA,0.9593444462806132,0.8287577635703376,5.2928924560546875e-05,93.66642088539272,80.9164777005545,9,INTERNET-100,4,20,100
VCG,1.0,0.7365980091422922,7.867813110351562e-06,97.63586087201344,71.91838073921893,8,INTERNET-100,4,20,100
HoldBack,0.8794459045484472,0.6840822968117996,7.867813110351562e-06,85.8654579809542,66.79096395652427,8,INTERNET-100,4,20,100
LIA,0.9733011941980232,0.7015622895507885,5.1975250244140625e-05,96.70487952648979,69.70555167893284,25,INTERNET-100,4,21,100
VCG,1.0,0.6345307079723014,8.106231689453125e-06,99.35760903506575,63.0454540034554,47,INTERNET-100,4,21,100
HoldBack,0.8500875105710958,0.5212431284323615,9.059906005859375e-06,84.46266252091526,51.78947096699714,47,INTERNET-100,4,21,100
LIA,0.9118317270969007,0.7778238407085762,5.316734313964844e-05,90.81770958682591,77.47063145092127,62,INTERNET-100,4,22,100
VCG,1.0,0.6882302697733852,7.867813110351562e-06,99.59919893988804,68.54718355561221,91,INTERNET-100,4,22,100
HoldBack,0.9178426757356157,0.6582134162452811,8.821487426757812e-06,91.41639525611075,65.55752898951708,91,INTERNET-100,4,22,100
LIA,0.9600423774626436,0.7229575978181718,5.316734313964844e-05,95.19725004918737,71.68805964206966,70,INTERNET-100,4,23,100
VCG,1.0,0.5594351070432071,8.106231689453125e-06,99.15942492121043,55.473263495140216,70,INTERNET-100,4,23,100
HoldBack,0.8947431776234431,0.7356418748619632,7.867813110351562e-06,88.72221894531705,72.94582525927332,70,INTERNET-100,4,23,100
LIA,0.9375017533617117,0.8317417314266052,5.1975250244140625e-05,92.70202005933002,82.2442607647501,15,INTERNET-100,4,24,100
VCG,1.0,0.7483237835683192,7.867813110351562e-06,98.88196979570155,73.99572976420764,73,INTERNET-100,4,24,100
HoldBack,0.80344233511868,0.5051248309321834,8.106231689453125e-06,79.44596071379324,49.94773827529501,73,INTERNET-100,4,24,100
LIA,0.8557149291523051,0.7691249385741846,5.2928924560546875e-05,85.12850741282702,76.5143341599327,78,INTERNET-100,4,25,100
VCG,1.0,0.6846000798758727,8.106231689453125e-06,99.48232117109103,68.10560501996613,77,INTERNET-100,4,25,100
HoldBack,0.8373806677854061,0.7345765551098032,7.867813110351562e-06,83.30457253509044,73.0773807801871,77,INTERNET-100,4,25,100
LIA,0.9795375916525946,0.7524705056809872,5.1975250244140625e-05,97.72247890090749,75.06938349441617,83,INTERNET-100,4,26,100
VCG,1.0,0.5980492839924321,8.344650268554688e-06,99.76388832207881,59.66372197932019,83,INTERNET-100,4,26,100
HoldBack,0.8090165231863449,0.6551930161455458,8.106231689453125e-06,80.71063406987899,65.36460289215022,83,INTERNET-100,4,26,100
LIA,0.9149512730869497,0.8262417693180477,5.2928924560546875e-05,91.48650577421976,82.61639130200288,69,INTERNET-100,4,27,100
VCG,1.0,0.5957533837326847,9.059906005859375e-06,99.99057705614626,59.56972462258289,82,INTERNET-100,4,27,100
HoldBack,0.8510677054588197,0.555289904810346,8.821487426757812e-06,85.0987509826777,55.52375801543903,82,INTERNET-100,4,27,100
LIA,0.858214540315887,0.8040494122121142,5.1975250244140625e-05,85.43236934501411,80.04041312381298,21,INTERNET-100,4,28,100
VCG,1.0,0.5836742541341273,8.344650268554688e-06,99.54663470694476,58.10280776413841,3,INTERNET-100,4,28,100
HoldBack,0.8033813073683533,0.708613155623446,8.821487426757812e-06,79.97390553498518,70.54005495138257,3,INTERNET-100,4,28,100
LIA,0.9460984674598512,0.7299385465847384,5.1975250244140625e-05,94.0733086255531,72.57990212680242,11,INTERNET-100,4,29,100
VCG,1.0,0.6038788258792775,6.9141387939453125e-06,99.4328939968875,60.045419280619086,11,INTERNET-100,4,29,100
HoldBack,0.8141398083671391,0.5975557038181779,7.867813110351562e-06,80.95227726401605,59.416692954988385,11,INTERNET-100,4,29,100
LIA,0.9047857259773505,0.7137623437850056,5.316734313964844e-05,88.64262838298217,69.92790489212962,8,INTERNET-100,4,30,100
VCG,1.0,0.5852644368184552,6.9141387939453125e-06,97.97085192433856,57.338855476122276,8,INTERNET-100,4,30,100
HoldBack,0.8082372768067295,0.5002086386187218,9.059906005859375e-06,79.18369456576274,49.00586646538977,8,INTERNET-100,4,30,100
LIA,0.8856591345415146,0.7200083710412761,5.2928924560546875e-05,88.22455710511093,71.72332692077191,24,INTERNET-100,4,31,100
VCG,1.0,0.6629535628485788,7.3909759521484375e-06,99.61457367092224,66.03983652678012,96,INTERNET-100,4,31,100
HoldBack,0.8858626747406966,0.5999613122679152,8.821487426757812e-06,88.24483267527735,59.764890340615416,96,INTERNET-100,4,31,100
LIA,0.9647653582698038,0.7106472457298992,6.29425048828125e-05,95.89332266801851,70.63512910551484,82,INTERNET-100,4,32,100
VCG,1.0,0.6597349871558712,9.059906005859375e-06,99.39548704359805,65.57468036805972,59,INTERNET-100,4,32,100
HoldBack,0.9278651212857928,0.6602447607294266,1.0013580322265625e-05,92.22560564096855,65.62534956068522,59,INTERNET-100,4,32,100
LIA,0.8692863188904216,0.7575717011325325,5.316734313964844e-05,86.297476057123,75.20712602895541,53,INTERNET-100,4,33,100
VCG,1.0,0.7977764928082516,8.106231689453125e-06,99.27393792102379,79.19841402189844,53,INTERNET-100,4,33,100
HoldBack,0.9152108201733934,0.6063177743291364,8.106231689453125e-06,90.85658214654272,60.191553089163996,53,INTERNET-100,4,33,100
LIA,0.8737441991822981,0.8430933979654243,0.00011205673217773438,87.26655659868455,84.20526030431077,59,INTERNET-100,4,34,100
VCG,1.0,0.6528429108803625,1.2874603271484375e-05,99.8765504599101,65.20369793093712,59,INTERNET-100,4,34,100
HoldBack,0.8853541291422578,0.5993898000968837,8.821487426757812e-06,88.42611635416648,59.86498561453184,59,INTERNET-100,4,34,100
LIA,0.8533667995515724,0.8243650562818732,5.888938903808594e-05,84.78054159120995,81.89926767384362,51,INTERNET-100,4,35,100
VCG,1.0,0.6339811473558276,7.867813110351562e-06,99.34830091323037,62.9849498008218,51,INTERNET-100,4,35,100
HoldBack,0.814450168034613,0.6995911963746617,9.059906005859375e-06,80.91424037273377,69.50319669367674,51,INTERNET-100,4,35,100
LIA,0.9465950898021693,0.7209529771419061,5.3882598876953125e-05,94.38889476997083,71.88919045393152,92,INTERNET-100,4,36,100
VCG,1.0,0.5668650450183884,9.059906005859375e-06,99.71411830342089,56.52444816103759,70,INTERNET-100,4,36,100
HoldBack,0.8555825952485748,0.7228726335337571,9.298324584960938e-06,85.31366412096426,72.08060729849046,70,INTERNET-100,4,36,100
LIA,0.9103203897616409,0.7065110980664738,5.507469177246094e-05,88.7893278840882,68.91051353512667,86,INTERNET-100,4,37,100
VCG,1.0,0.7042422258026843,8.106231689453125e-06,97.5363497101684,68.68921601655799,86,INTERNET-100,4,37,100
HoldBack,0.917046766029281,0.7223663734476626,7.867813110351562e-06,89.44539407201093,70.45697921945732,86,INTERNET-100,4,37,100
LIA,0.9054883083004861,0.7485621694287938,5.2928924560546875e-05,89.89299232322392,74.31403888164624,50,INTERNET-100,4,38,100
VCG,1.0,0.7212949969602073,7.867813110351562e-06,99.27570737157762,71.6070710468045,50,INTERNET-100,4,38,100
HoldBack,0.8862932073128889,0.6143013576854685,8.821487426757812e-06,87.98738509461134,60.9852018235454,50,INTERNET-100,4,38,100
LIA,0.9311476916121604,0.7981427221991572,5.2928924560546875e-05,92.36041456821359,79.16766950180127,55,INTERNET-100,4,39,100
VCG,1.0,0.6688823537964005,8.106231689453125e-06,99.18986579701831,66.34635090705869,94,INTERNET-100,4,39,100
HoldBack,0.889176545115727,0.5596375929523645,9.059906005859375e-06,88.19730217988536,55.5103777399114,94,INTERNET-100,4,39,100
LIA,0.8973822234770198,0.7611550159069546,5.2928924560546875e-05,87.48103789327168,74.20096927172445,73,INTERNET-100,4,40,100
VCG,1.0,0.783714488211229,8.106231689453125e-06,97.48470117261232,76.40017268791846,73,INTERNET-100,4,40,100
HoldBack,0.933629150860276,0.5193945579431949,1.0013580322265625e-05,91.01455877765379,50.633023271773425,73,INTERNET-100,4,40,100
LIA,0.9508904351934032,0.800320774645936,5.412101745605469e-05,92.56597042582621,77.90852280681766,32,INTERNET-100,4,41,100
VCG,1.0,0.7816738634002256,7.867813110351562e-06,97.34662059882751,76.09330901244148,32,INTERNET-100,4,41,100
HoldBack,0.8635671291873314,0.5026130236200677,9.059906005859375e-06,84.06534168661781,48.927679318372256,32,INTERNET-100,4,41,100
LIA,0.9054119248650019,0.8129398571045067,5.2928924560546875e-05,90.16983536664482,80.96055625623293,47,INTERNET-100,4,42,100
VCG,1.0,0.5872629326030243,7.867813110351562e-06,99.58984732842929,58.485425799580845,55,INTERNET-100,4,42,100
HoldBack,0.8940120205968768,0.6528158771149504,9.059906005859375e-06,89.03452064102353,65.01383353545256,55,INTERNET-100,4,42,100
LIA,0.976143629452114,0.8278386090313454,5.507469177246094e-05,97.50768950850588,82.69339430908173,11,INTERNET-100,4,43,100
VCG,1.0,0.7426167347907481,7.867813110351562e-06,99.8907195278574,74.18051997167588,0,INTERNET-100,4,43,100
HoldBack,0.855070004486759,0.5946586279933103,9.059906005859375e-06,85.4135579948706,59.400878223700246,0,INTERNET-100,4,43,100
LIA,0.9151416138222643,0.6558791704269421,5.412101745605469e-05,91.28119824852375,65.42095308371218,37,INTERNET-100,4,44,100
VCG,1.0,0.7560454829121445,8.106231689453125e-06,99.74543488113314,75.41208548298816,93,INTERNET-100,4,44,100
HoldBack,0.867923504934975,0.5623102277737498,7.867813110351562e-06,86.5714074432964,56.08787820740171,93,INTERNET-100,4,44,100
LIA,0.8711608197104463,0.744468056396491,5.412101745605469e-05,86.3684609621899,73.80791102135318,92,INTERNET-100,4,45,100
VCG,1.0,0.664181332807265,8.106231689453125e-06,99.1418105682218,65.84813988012695,92,INTERNET-100,4,45,100
HoldBack,0.9419575722469964,0.7216318164296428,8.821487426757812e-06,93.38737919101382,71.54388484446946,92,INTERNET-100,4,45,100
LIA,0.9522619617770743,0.7619231999530824,5.4836273193359375e-05,94.07343782822933,75.26997576056856,84,INTERNET-100,4,46,100
VCG,1.0,0.6658870895531077,7.867813110351562e-06,98.78945248707943,65.78262099516634,21,INTERNET-100,4,46,100
HoldBack,0.8204841717931475,0.721925319587333,9.059906005859375e-06,81.05518210575985,71.31860705859246,21,INTERNET-100,4,46,100
LIA,0.8792418568018734,0.7048873693743374,5.3882598876953125e-05,86.65026086227046,69.46743260946603,33,INTERNET-100,4,47,100
VCG,1.0,0.5929274932021495,9.059906005859375e-06,98.55110990444584,58.4336625479326,33,INTERNET-100,4,47,100
HoldBack,0.8188635511108888,0.6145182881710589,8.821487426757812e-06,80.699911822274,60.56145935583795,33,INTERNET-100,4,47,100
LIA,0.8860184456552853,0.7841211883101473,5.412101745605469e-05,87.0498253182355,77.03859079394597,26,INTERNET-100,4,48,100
VCG,1.0,0.7613542210929707,8.344650268554688e-06,98.24832174216738,74.80177447369942,26,INTERNET-100,4,48,100
HoldBack,0.8144004481532761,0.5357608210108777,8.821487426757812e-06,80.01347725712837,52.637601519524466,26,INTERNET-100,4,48,100
LIA,0.8851131505267087,0.678883960358515,5.412101745605469e-05,87.38973490926524,67.02814131117412,18,INTERNET-100,4,49,100
VCG,1.0,0.7383594961083388,8.106231689453125e-06,98.73283981518273,72.90032985528366,18,INTERNET-100,4,49,100
HoldBack,0.9055693066501089,0.5771593365872313,9.059906005859375e-06,89.40942929503129,56.98458032710424,18,INTERNET-100,4,49,100
LIA,0.8662377406139916,0.7046847354883311,5.3882598876953125e-05,86.49212605656022,70.36137784621256,65,INTERNET-100,4,50,100
VCG,1.0,0.6977923238333678,7.867813110351562e-06,99.84802324042633,69.6731841671052,65,INTERNET-100,4,50,100
HoldBack,0.8422084843649809,0.6966457599878244,8.344650268554688e-06,84.09285232015884,69.55870203360875,65,INTERNET-100,4,50,100
LIA,0.8719707665558081,0.8135410496552044,6.103515625e-05,86.51867168429897,80.72115909898878,99,INTERNET-100,4,51,100
VCG,1.0,0.671038344026949,8.106231689453125e-06,99.22198656502962,66.58175755566165,99,INTERNET-100,4,51,100
HoldBack,0.8412770015984234,0.5098972437356137,9.298324584960938e-06,83.47317535006718,50.5930174674807,99,INTERNET-100,4,51,100
LIA,0.8678884946267182,0.7815536376355458,5.412101745605469e-05,86.59965483489815,77.98498963084849,51,INTERNET-100,4,52,100
VCG,1.0,0.7815980752658613,8.106231689453125e-06,99.78200583491426,77.98942370673593,51,INTERNET-100,4,52,100
HoldBack,0.8885397896601742,0.620966276764484,9.059906005859375e-06,88.660282476425,61.961260651398725,51,INTERNET-100,4,52,100
LIA,0.8521329189804832,0.7750938168332864,5.412101745605469e-05,83.80439538066364,76.22785980468869,84,INTERNET-100,4,53,100
VCG,1.0,0.7594323843594984,7.867813110351562e-06,98.34662353019958,74.68761080124543,45,INTERNET-100,4,53,100
HoldBack,0.940198993657235,0.6100056639727799,9.298324584960938e-06,92.4653964726806,59.991997386020415,45,INTERNET-100,4,53,100
LIA,0.95732422653508,0.652646820828017,5.5789947509765625e-05,95.672678152274,65.22395182892161,99,INTERNET-100,4,54,100
VCG,1.0,0.7125817610840859,7.867813110351562e-06,99.93759219752515,71.21370544661568,99,INTERNET-100,4,54,100
HoldBack,0.8797876005731131,0.659252087475221,9.059906005859375e-06,87.92385444651492,65.88406627346582,99,INTERNET-100,4,54,100
LIA,0.9377836514571453,0.84010672434623,5.412101745605469e-05,93.75722394493806,83.9917332422992,90,INTERNET-100,4,55,100
VCG,1.0,0.7667557601734154,8.106231689453125e-06,99.97745620672357,76.65829043399069,90,INTERNET-100,4,55,100
HoldBack,0.8442929609715054,0.619920159111585,8.821487426757812e-06,84.41026253117366,61.9780405592436,90,INTERNET-100,4,55,100
LIA,0.8510063834989854,0.7853688521313477,6.29425048828125e-05,85.01600793086739,78.45878227955087,38,INTERNET-100,4,56,100
VCG,1.0,0.6461885681858368,8.821487426757812e-06,99.90055254499597,64.55459501002491,38,INTERNET-100,4,56,100
HoldBack,0.9284838396118561,0.5425375547161516,8.821487426757812e-06,92.75604860632384,54.199801492554535,38,INTERNET-100,4,56,100
LIA,0.9166530759996087,0.7189040479535297,5.316734313964844e-05,90.3051100473492,70.82364185941599,83,INTERNET-100,4,57,100
VCG,1.0,0.716276636154738,9.298324584960938e-06,98.51612612423912,70.56479942726591,83,INTERNET-100,4,57,100
HoldBack,0.8970630240208554,0.6687014458446845,8.821487426757812e-06,88.37517401582994,65.87787597829599,83,INTERNET-100,4,57,100
LIA,0.9304917930384481,0.7718256616734598,5.2928924560546875e-05,92.85357271586008,77.02031413532536,22,INTERNET-100,4,58,100
VCG,1.0,0.7616507972492021,7.867813110351562e-06,99.78978150108559,76.00496663762551,22,INTERNET-100,4,58,100
HoldBack,0.8515190629156345,0.6746097308175467,8.821487426757812e-06,84.97290123236031,67.31915763678914,22,INTERNET-100,4,58,100
LIA,0.9138344247963651,0.737203098954295,5.1975250244140625e-05,90.81194941694109,73.25927839407866,82,INTERNET-100,4,59,100
VCG,1.0,0.7798403144006417,8.106231689453125e-06,99.37462077681876,77.49633551003889,3,INTERNET-100,4,59,100
HoldBack,0.8593173876582744,0.5556554133058005,8.344650268554688e-06,85.39433952546757,55.218045979850416,3,INTERNET-100,4,59,100
LIA,0.8880360441968093,0.7782902786481468,5.1975250244140625e-05,88.69193296451533,77.73115705368507,52,INTERNET-100,4,60,100
VCG,1.0,0.5579720160046178,8.106231689453125e-06,99.87424896106937,55.72703603975498,52,INTERNET-100,4,60,100
HoldBack,0.9406982496136324,0.5800766846182135,7.867813110351562e-06,93.9515311791541,57.93472321607117,52,INTERNET-100,4,60,100
LIA,0.8874977169041863,0.7655744270896927,5.078315734863281e-05,88.51638591809406,76.35611917254201,29,INTERNET-100,4,61,100
VCG,1.0,0.6184287731114515,6.9141387939453125e-06,99.73702943919824,61.680248749864084,29,INTERNET-100,4,61,100
HoldBack,0.8409906953086528,0.7081743345379061,7.867813110351562e-06,83.8779137360909,70.63120445189176,29,INTERNET-100,4,61,100
LIA,0.9033278735867037,0.7928163735296976,5.221366882324219e-05,89.30260630510483,78.3774867883205,13,INTERNET-100,4,62,100
VCG,1.0,0.7326024231868341,8.106231689453125e-06,98.85957127673348,72.42476147254649,13,INTERNET-100,4,62,100
HoldBack,0.8289920943154615,0.7281444251720159,8.821487426757812e-06,81.95380303582793,71.98404570004904,13,INTERNET-100,4,62,100
LIA,0.924853501919566,0.7412071822148404,5.173683166503906e-05,92.01479659204401,73.74360151365046,11,INTERNET-100,4,63,100
VCG,1.0,0.6713488270154596,7.867813110351562e-06,99.49121282566813,66.79330902885775,11,INTERNET-100,4,63,100
HoldBack,0.8611783893380405,0.5554153444637161,9.059906005859375e-06,85.67968241449708,55.258946242681354,11,INTERNET-100,4,63,100
LIA,0.9613157752258394,0.8188178295349887,5.1975250244140625e-05,93.54591119035094,79.67939561249915,4,INTERNET-100,4,64,100
VCG,1.0,0.7461479866966859,7.867813110351562e-06,97.31028409304366,72.60787256090707,5,INTERNET-100,4,64,100
HoldBack,0.8578344880622215,0.5590983984476532,9.059906005859375e-06,83.47611773814545,54.40602398890685,5,INTERNET-100,4,64,100
LIA,0.95033752454222,0.82255580335727,5.1975250244140625e-05,94.77684273281285,82.03321451639792,46,INTERNET-100,4,65,100
VCG,1.0,0.7242933334877986,8.106231689453125e-06,99.72966476144052,72.23353133768438,38,INTERNET-100,4,65,100
HoldBack,0.8584309114452187,0.5484546962762542,7.867813110351562e-06,85.6110270192895,54.69720299646851,38,INTERNET-100,4,65,100
LIA,0.9266613168133138,0.7084057464013829,5.221366882324219e-05,92.61230850448679,70.79942837982237,43,INTERNET-100,4,66,100
VCG,1.0,0.5875084474936604,8.344650268554688e-06,99.94191709973425,58.71672055480498,43,INTERNET-100,4,66,100
HoldBack,0.8828268119130189,0.6221182975438113,7.867813110351562e-06,88.23140404963362,62.1756953193514,43,INTERNET-100,4,66,100
LIA,0.9701836828024211,0.7861676767694303,5.316734313964844e-05,95.20353335565413,77.14615486240665,94,INTERNET-100,4,67,100
VCG,1.0,0.564702991269866,1.2159347534179688e-05,98.12939038580227,55.41396028235097,49,INTERNET-100,4,67,100
HoldBack,0.8237107719994089,0.5467539470372673,8.821487426757812e-06,80.83023591052056,53.65263151379826,49,INTERNET-100,4,67,100
LIA,0.9622821011263469,0.8134520597213231,5.1975250244140625e-05,94.85786705452007,80.18680514368148,25,INTERNET-100,4,68,100
VCG,1.0,0.759586706349337,8.106231689453125e-06,98.57594456291908,74.87697705582254,25,INTERNET-100,4,68,100
HoldBack,0.8363860522096069,0.7362785260605214,9.059906005859375e-06,82.44754511581296,72.57935116780972,25,INTERNET-100,4,68,100
LIA,0.896637901260118,0.7698392318794955,5.1975250244140625e-05,87.75863098612781,75.34818344641592,62,INTERNET-100,4,69,100
VCG,1.0,0.7887348962238826,8.106231689453125e-06,97.87521904081177,77.19760073304445,7,INTERNET-100,4,69,100
HoldBack,0.9009597019543036,0.5713598037778642,9.059906005859375e-06,88.18162817572195,55.921965945873694,7,INTERNET-100,4,69,100
LIA,0.8535911329269256,0.6908080809776665,5.078315734863281e-05,80.96050969666076,65.52103481528539,68,INTERNET-100,4,70,100
VCG,1.0,0.6977420412853911,8.106231689453125e-06,94.84694319521668,66.17869975471002,68,INTERNET-100,4,70,100
HoldBack,0.8104731252851527,0.5005895330403377,7.867813110351562e-06,76.8708984751706,47.479387004396955,68,INTERNET-100,4,70,100
LIA,0.8738645691665264,0.7762052079035633,5.1975250244140625e-05,87.3023380797127,77.54580271433014,98,INTERNET-100,4,71,100
VCG,1.0,0.6210424913530252,7.867813110351562e-06,99.90373927504558,62.044467134857385,98,INTERNET-100,4,71,100
HoldBack,0.8271061802964245,0.5133897034480702,9.059906005859375e-06,82.63100018911283,51.28955107976898,98,INTERNET-100,4,71,100
LIA,0.9728163261843136,0.7274704474184601,5.1975250244140625e-05,95.77446890999087,71.61999020153772,13,INTERNET-100,4,72,100
VCG,1.0,0.5542488372997187,6.9141387939453125e-06,98.45072120206694,54.566197757564375,80,INTERNET-100,4,72,100
HoldBack,0.8275016877934042,0.6066248139276262,8.821487426757812e-06,81.46813795918828,59.72265043024447,80,INTERNET-100,4,72,100
LIA,0.958834963217851,0.6795452876896102,5.125999450683594e-05,95.63065579785588,67.77533569281738,92,INTERNET-100,4,73,100
VCG,1.0,0.7870598518125456,8.344650268554688e-06,99.73630443858588,78.49844099176433,2,INTERNET-100,4,73,100
HoldBack,0.8049155313117988,0.5220306364162963,7.867813110351562e-06,80.27930047825967,52.065406479884466,2,INTERNET-100,4,73,100
LIA,0.9236375522048361,0.8047841205315813,5.2928924560546875e-05,92.30777387835718,80.42963437507234,17,INTERNET-100,4,74,100
VCG,1.0,0.7760127575171674,7.867813110351562e-06,99.93939035718849,77.55424189566644,17,INTERNET-100,4,74,100
HoldBack,0.871695985113874,0.7341407646175995,9.059906005859375e-06,87.11676532908942,73.3695804522431,17,INTERNET-100,4,74,100
LIA,0.9652335316485064,0.7530215415553445,5.2928924560546875e-05,96.3773665526292,75.18826351645389,68,INTERNET-100,4,75,100
VCG,1.0,0.775275509981917,7.867813110351562e-06,99.84875513807305,77.41029456072913,90,INTERNET-100,4,75,100
HoldBack,0.8230633896287534,0.7244460126040123,9.059906005859375e-06,82.1818548541538,72.3350325232514,90,INTERNET-100,4,75,100
LIA,0.8757643899797336,0.6729678491284599,5.1975250244140625e-05,87.50717559695897,67.2435605039327,45,INTERNET-100,4,76,100
VCG,1.0,0.6520765602463788,7.867813110351562e-06,99.92091091872781,65.15608388856887,45,INTERNET-100,4,76,100
HoldBack,0.9432746399391789,0.7445205375199655,8.106231689453125e-06,94.25286126925775,74.39317030669582,45,INTERNET-100,4,76,100
LIA,0.9218291875865838,0.6578513440033855,5.1975250244140625e-05,90.79125239704929,64.79198990164275,97,INTERNET-100,4,77,100
VCG,1.0,0.7722492349042,8.106231689453125e-06,98.49032078789719,76.05907487392284,97,INTERNET-100,4,77,100
HoldBack,0.8559338064744942,0.7036174637415623,8.344650268554688e-06,84.30119517287885,69.29950971587309,97,INTERNET-100,4,77,100
LIA,0.9219482048862956,0.7233912199744817,5.1975250244140625e-05,91.7062587654858,71.95578022286183,17,INTERNET-100,4,78,100
VCG,1.0,0.7328122289492353,7.3909759521484375e-06,99.47007682150212,72.89288870931664,97,INTERNET-100,4,78,100
HoldBack,0.828393506674893,0.6908676242307896,8.821487426757812e-06,82.40036574738514,68.7206556557253,97,INTERNET-100,4,78,100
LIA,0.9237018822493955,0.7188745973982508,5.1975250244140625e-05,92.18536412664876,71.74361966349576,42,INTERNET-100,4,79,100
VCG,1.0,0.7697288492812632,6.9141387939453125e-06,99.79990936270401,76.81886939212852,42,INTERNET-100,4,79,100
HoldBack,0.881460022663321,0.660322019784886,8.106231689453125e-06,87.96963036864646,65.90007772472927,42,INTERNET-100,4,79,100
LIA,0.8922300194910988,0.7749339481369788,5.1021575927734375e-05,87.93960760219795,76.37872054076051,3,INTERNET-100,4,80,100
VCG,1.0,0.6080109740158446,7.867813110351562e-06,98.56158802228607,59.92652713397856,3,INTERNET-100,4,80,100
HoldBack,0.8316204945660776,0.6976481083577271,1.0013580322265625e-05,81.96583657631153,68.7613054404815,3,INTERNET-100,4,80,100
LIA,0.9024265245548574,0.8191651895711938,5.1975250244140625e-05,89.82725797713702,81.53945036777223,70,INTERNET-100,4,81,100
VCG,1.0,0.6307993486016392,7.867813110351562e-06,99.53969163466952,62.78957264315757,38,INTERNET-100,4,81,100
HoldBack,0.9167556055395795,0.665010003391584,9.059906005859375e-06,91.25357027976447,66.1948906715688,38,INTERNET-100,4,81,100
LIA,0.897688425170602,0.8478133439110855,5.1021575927734375e-05,89.40481921877385,84.43753602953,26,INTERNET-100,4,82,100
VCG,1.0,0.6876143717138954,7.867813110351562e-06,99.5944881452413,68.4826013921571,26,INTERNET-100,4,82,100
HoldBack,0.8031792675061084,0.617804496614015,7.867813110351562e-06,79.9922280361407,61.52992261410129,26,INTERNET-100,4,82,100
LIA,0.9554050000088374,0.7086463235634434,5.1021575927734375e-05,93.60869668401573,69.43176847313929,12,INTERNET-100,4,83,100
VCG,1.0,0.693088782231603,8.106231689453125e-06,97.97802678774954,67.9074712717767,12,INTERNET-100,4,83,100
HoldBack,0.8298266305142726,0.6055104657116981,9.059906005859375e-06,81.30477583371534,59.32672062976346,12,INTERNET-100,4,83,100
LIA,0.9300457541887575,0.8382677952560235,5.078315734863281e-05,92.95947108634752,83.78612613923437,22,INTERNET-100,4,84,100
VCG,1.0,0.7259862918438406,8.344650268554688e-06,99.95150310366444,72.56342110244746,22,INTERNET-100,4,84,100
HoldBack,0.9237297969427869,0.549978239350281,8.106231689453125e-06,92.32818166607429,54.97115169736752,22,INTERNET-100,4,84,100
LIA,0.933671168763991,0.7770891691736859,5.1021575927734375e-05,93.30728292704006,77.65911746382292,87,INTERNET-100,4,85,100
VCG,1.0,0.580743178492273,8.344650268554688e-06,99.93591539359811,58.03710115121304,87,INTERNET-100,4,85,100
HoldBack,0.9289588303504555,0.6947119460780407,8.821487426757812e-06,92.83635107403897,69.42667426617696,87,INTERNET-100,4,85,100
LIA,0.9549368610658843,0.7493697228338922,5.125999450683594e-05,95.32858256003557,74.80741021079197,46,INTERNET-100,4,86,100
VCG,1.0,0.7084934128563615,8.344650268554688e-06,99.82710527440676,70.72684651143572,46,INTERNET-100,4,86,100
HoldBack,0.9409870344611814,0.7082352030023908,7.867813110351562e-06,93.93601175100818,70.70107016916052,46,INTERNET-100,4,86,100
LIA,0.9780100078040596,0.6614735328336983,5.125999450683594e-05,97.79692175676944,66.14459445048077,24,INTERNET-100,4,87,100
VCG,1.0,0.6840536788872907,8.106231689453125e-06,99.99582926186443,68.40251487996376,24,INTERNET-100,4,87,100
HoldBack,0.8086690507115591,0.5771781419586509,9.059906005859375e-06,80.86353232430706,57.71540693697741,24,INTERNET-100,4,87,100
LIA,0.9798087010118897,0.6924922854518909,5.1975250244140625e-05,94.26180721123309,66.62073345451975,98,INTERNET-100,4,88,100
VCG,1.0,0.7719785303798756,8.106231689453125e-06,96.20429693458014,74.26765176378635,98,INTERNET-100,4,88,100
HoldBack,0.9406147018070379,0.5964190659999122,9.059906005859375e-06,90.49117607367583,57.37807692290051,98,INTERNET-100,4,88,100
LIA,0.9747320273107491,0.6510224033537996,5.1975250244140625e-05,97.19890764205131,64.91903895994453,88,INTERNET-100,4,89,100
VCG,1.0,0.6408376226967859,8.106231689453125e-06,99.7185943609749,63.90342694895228,88,INTERNET-100,4,89,100
HoldBack,0.9057337637319167,0.5291689746087028,9.059906005859375e-06,90.31849778462208,52.767986327418264,88,INTERNET-100,4,89,100
LIA,0.8861972212682403,0.8467915661754837,5.1975250244140625e-05,88.0781691305227,84.16168432255657,19,INTERNET-100,4,90,100
VCG,1.0,0.7309168126159515,8.106231689453125e-06,99.38890239858085,72.64501975056862,19,INTERNET-100,4,90,100
HoldBack,0.9229685802178613,0.6029811640940509,9.059906005859375e-06,91.73283413622977,59.92963606632629,19,INTERNET-100,4,90,100
LIA,0.9132424524241829,0.6832353135881305,5.1021575927734375e-05,90.14698833183944,67.44277565988773,41,INTERNET-100,4,91,100
VCG,1.0,0.7462431661490578,8.106231689453125e-06,98.71090430864898,73.66233776472289,41,INTERNET-100,4,91,100
HoldBack,0.9077852114932349,0.6761630918803931,9.059906005859375e-06,89.60829914451539,66.74467025964572,41,INTERNET-100,4,91,100
LIA,0.8864346170940199,0.7539793900123454,5.221366882324219e-05,87.63985812342895,74.54429858041387,98,INTERNET-100,4,92,100
VCG,1.0,0.5716650257506526,8.106231689453125e-06,98.86781995353122,56.519274839646314,98,INTERNET-100,4,92,100
HoldBack,0.8497819028476892,0.5176054426990508,9.059906005859375e-06,84.0160841705145,51.17452171573758,98,INTERNET-100,4,92,100
LIA,0.8822344959727206,0.6601724983240135,5.6743621826171875e-05,88.1123074066446,65.93408258152795,60,INTERNET-100,4,93,100
VCG,1.0,0.6162466008064549,7.867813110351562e-06,99.87402193959224,61.54702652914302,60,INTERNET-100,4,93,100
HoldBack,0.8158951521660961,0.5478001312624613,8.821487426757812e-06,81.48673032784363,54.71100232821857,60,INTERNET-100,4,93,100
LIA,0.9492703429507554,0.8145654800924006,5.1975250244140625e-05,94.62253909222824,81.19526176666962,52,INTERNET-100,4,94,100
VCG,1.0,0.5954605008477567,7.152557373046875e-06,99.6792323650386,59.35504562820581,43,INTERNET-100,4,94,100
HoldBack,0.8782736073143819,0.5859166810737856,7.867813110351562e-06,87.54563898357094,58.403724999306085,43,INTERNET-100,4,94,100
LIA,0.9029514720884722,0.7248517821115311,5.1021575927734375e-05,88.55633587501184,71.08933299350136,38,INTERNET-100,4,95,100
VCG,1.0,0.631930931431774,8.106231689453125e-06,98.07430256488357,61.9761853693485,38,INTERNET-100,4,95,100
HoldBack,0.87639873442279,0.7234257880800145,9.059906005859375e-06,85.95219464726175,70.94947962339867,38,INTERNET-100,4,95,100
LIA,0.9021090637443816,0.7244525979077528,5.1021575927734375e-05,88.93607012818082,71.42148287994958,19,INTERNET-100,4,96,100
VCG,1.0,0.6158883408802862,7.867813110351562e-06,98.58682691761695,60.71847726294304,19,INTERNET-100,4,96,100
HoldBack,0.9282227699811781,0.6163049473350827,9.298324584960938e-06,91.51053756512538,60.75954917139482,19,INTERNET-100,4,96,100
LIA,0.9329681233986737,0.6993683341023773,5.221366882324219e-05,92.8237794686219,69.58224014725091,16,INTERNET-100,4,97,100
VCG,1.0,0.7474384398329311,8.106231689453125e-06,99.49298067170581,74.36487824758777,16,INTERNET-100,4,97,100
HoldBack,0.8633160837382885,0.6918426954259241,9.059906005859375e-06,85.89389043294629,68.83349192387232,16,INTERNET-100,4,97,100
LIA,0.8513823995564825,0.8186370586937819,5.221366882324219e-05,84.56718006647773,81.31460973084856,99,INTERNET-100,4,98,100
VCG,1.0,0.6646967716831833,8.106231689453125e-06,99.32925570288039,66.02383559939801,99,INTERNET-100,4,98,100
HoldBack,0.9248617918439732,0.5357433281863437,7.867813110351562e-06,91.86583341189414,53.2149860365335,99,INTERNET-100,4,98,100
LIA,0.9128683046167894,0.8419919206481516,5.125999450683594e-05,90.47727366007818,83.45249039623249,77,INTERNET-100,4,99,100
VCG,1.0,0.7841419693210104,8.344650268554688e-06,99.11317240668073,77.71879819662746,77,INTERNET-100,4,99,100
HoldBack,0.8487733420995155,0.6393588382913,8.821487426757812e-06,84.12461858970389,63.368882769300725,77,INTERNET-100,4,99,100
LIA,0.9527228202690567,0.7711919949562023,2.8848648071289062e-05,92.29309647816338,74.70766489416036,29,DSN-30,0,0,30
VCG,1.0,0.7815752196283373,5.0067901611328125e-06,96.87297765377242,75.7135187857982,25,DSN-30,0,0,30
HoldBack,0.8976615538252917,0.7287399188859451,5.7220458984375e-06,86.95914764436812,70.59520587765009,25,DSN-30,0,0,30
LIA,0.9490105499927333,0.6975275087984799,2.002716064453125e-05,94.70806768189547,69.61090423470658,19,DSN-30,0,1,30
VCG,1.0,0.7320540871529649,4.76837158203125e-06,99.79664365440476,73.05654087135501,25,DSN-30,0,1,30
HoldBack,0.855167469907888,0.6580764576483948,6.198883056640625e-06,85.3428432592364,65.67382174128984,25,DSN-30,0,1,30
LIA,0.8556684903280763,0.8489101021594682,1.9073486328125e-05,83.94138458426089,83.27838429052173,25,DSN-30,0,2,30
VCG,1.0,0.6674861284977358,3.814697265625e-06,98.10035724475081,65.48062766154352,25,DSN-30,0,2,30
HoldBack,0.8419340512695138,0.7208735055665647,5.245208740234375e-06,82.59403120605965,70.71794842435585,25,DSN-30,0,2,30
LIA,0.9213994664117956,0.7929191845400124,1.7881393432617188e-05,81.1167921153311,69.80583666611795,11,DSN-30,0,3,30
VCG,1.0,0.7150493441794329,4.0531158447265625e-06,88.03650867220934,62.95044778991024,11,DSN-30,0,3,30
HoldBack,0.8419900845418914,0.7387163201657985,5.0067901611328125e-06,74.1258673796865,65.03400572657888,11,DSN-30,0,3,30
LIA,0.9673318778683436,0.7510504744895714,1.9073486328125e-05,93.35444335706414,72.48174135803217,15,DSN-30,0,4,30
VCG,1.0,0.7566143665269355,4.0531158447265625e-06,96.50715074415228,73.01869672560625,16,DSN-30,0,4,30
HoldBack,0.8480074401545917,0.7238808071240501,4.76837158203125e-06,81.83878185916188,69.85967417391933,16,DSN-30,0,4,30
LIA,0.8882842130891259,0.8491662750058742,1.9073486328125e-05,85.88822592379542,82.10591137372217,9,DSN-30,0,5,30
VCG,1.0,0.7242312639659537,4.0531158447265625e-06,96.69002854965501,70.0259415894208,25,DSN-30,0,5,30
HoldBack,0.857630274706883,0.6842751764607549,5.0067901611328125e-06,82.92429574645699,66.1625863478106,25,DSN-30,0,5,30
LIA,0.8677282918262801,0.6529089331335765,1.7881393432617188e-05,84.2717228998603,63.40897399585027,13,DSN-30,0,6,30
VCG,1.0,0.6376468897016493,4.291534423828125e-06,97.11763888958407,61.92676037311122,26,DSN-30,0,6,30
HoldBack,0.888487653028195,0.598061011274933,4.76837158203125e-06,86.2878230446463,58.08227332693841,26,DSN-30,0,6,30
LIA,0.8925746557831289,0.6739524263638502,1.811981201171875e-05,85.20237050164944,64.33337980133108,7,DSN-30,0,7,30
VCG,1.0,0.7726318201849738,5.0067901611328125e-06,95.45685612918778,73.75300450022952,3,DSN-30,0,7,30
HoldBack,0.8890388680331073,0.6697755797861225,5.0067901611328125e-06,84.86485531909229,63.93467115848723,3,DSN-30,0,7,30
LIA,0.9463456844077076,0.7648946226359824,1.7881393432617188e-05,93.48605719086399,75.56116503187319,20,DSN-30,0,8,30
VCG,1.0,0.760457194189568,4.291534423828125e-06,98.78637239136818,75.12280757290566,5,DSN-30,0,8,30
HoldBack,0.8209658564939435,0.6988168279649726,4.76837158203125e-06,81.10023882020923,69.03357940070245,5,DSN-30,0,8,30
LIA,0.8589598001177384,0.6654642130977575,1.811981201171875e-05,81.24461917507081,62.94286014357678,27,DSN-30,0,9,30
VCG,1.0,0.5760617415129524,4.0531158447265625e-06,94.58489112521276,54.48673710240306,9,DSN-30,0,9,30
HoldBack,0.9260659447970634,0.7276715495639283,5.0067901611328125e-06,87.59184656339754,68.82673429041903,9,DSN-30,0,9,30
LIA,0.9240276573092551,0.8274920965027006,1.9073486328125e-05,90.65065147376677,81.18014330414952,12,DSN-30,0,10,30
VCG,1.0,0.6891803961958416,3.814697265625e-06,98.10382920543651,67.61123588013191,26,DSN-30,0,10,30
HoldBack,0.908121964446576,0.7013287418394762,5.245208740234375e-06,89.09024209777238,68.80303510628366,26,DSN-30,0,10,30
LIA,0.8962374531404433,0.793809181036849,1.7881393432617188e-05,87.57069283481819,77.56250279259793,1,DSN-30,0,11,30
VCG,1.0,0.6242804289057938,4.0531158447265625e-06,97.7092538678983,60.99797491271664,11,DSN-30,0,11,30
HoldBack,0.8849606960445345,0.6190126005497749,5.245208740234375e-06,86.4688493129274,60.48325933454588,11,DSN-30,0,11,30
LIA,0.9300622144636995,0.6965918949507268,1.8835067749023438e-05,92.95210574007933,69.61865826844574,9,DSN-30,0,12,30
VCG,1.0,0.5561001953891346,4.0531158447265625e-06,99.94181496092514,55.57766282731521,18,DSN-30,0,12,30
HoldBack,0.9305148310851394,0.5053173527125968,4.76837158203125e-06,92.99734106670752,50.50233336134689,18,DSN-30,0,12,30
LIA,0.9455776450880489,0.7062781921155054,1.8835067749023438e-05,94.24593174526719,70.3949026640646,8,DSN-30,0,13,30
VCG,1.0,0.6131622734902213,4.0531158447265625e-06,99.67021982260519,61.11401858569872,23,DSN-30,0,13,30
HoldBack,0.800762320972704,0.6739285732124376,4.76837158203125e-06,79.81215655700893,67.17060903681833,23,DSN-30,0,13,30
LIA,0.8501338323799323,0.6817876566553513,1.811981201171875e-05,82.63216430378603,66.269083195198,8,DSN-30,0,14,30
VCG,1.0,0.6671348541921461,3.814697265625e-06,97.19900697571224,64.84484534636317,26,DSN-30,0,14,30
HoldBack,0.9416455452436744,0.5255484049234298,5.245208740234375e-06,91.52701192078825,51.082783076226896,26,DSN-30,0,14,30
LIA,0.8955815010571935,0.6566406217582733,1.811981201171875e-05,82.12811828406524,60.216360644146036,23,DSN-30,0,15,30
VCG,1.0,0.5696446242887552,3.814697265625e-06,91.7036787686176,52.238507638045874,24,DSN-30,0,15,30
HoldBack,0.8595384914302394,0.533178938510765,5.245208740234375e-06,78.82284170738086,48.89447010338372,24,DSN-30,0,15,30
LIA,0.9282411998760611,0.7765081066452613,1.7881393432617188e-05,92.51784907335585,77.39460371338376,8,DSN-30,0,16,30
VCG,1.0,0.6432121592972336,4.0531158447265625e-06,99.67005244510678,64.10898965048565,16,DSN-30,0,16,30
HoldBack,0.8768922807808708,0.6032577936619242,5.0067901611328125e-06,87.39989961413869,60.12673593220339,16,DSN-30,0,16,30
LIA,0.898658579728173,0.6535031981724124,1.9073486328125e-05,87.69002341686402,63.768056126575075,10,DSN-30,0,17,30
VCG,1.0,0.6110368226055936,4.0531158447265625e-06,97.57879732633118,59.62423827195659,22,DSN-30,0,17,30
HoldBack,0.9246315787012558,0.7161522089887592,5.0067901611328125e-06,90.22443741961548,69.8812712557185,22,DSN-30,0,17,30
LIA,0.9200909659677831,0.7122615398312008,1.8358230590820312e-05,88.32609449714322,68.37506551065758,7,DSN-30,0,18,30
VCG,1.0,0.7025834458277296,3.814697265625e-06,95.99713263594413,67.44599623694322,23,DSN-30,0,18,30
HoldBack,0.9074226011334791,0.5681560001833834,5.245208740234375e-06,87.10996779786402,54.54134690751175,23,DSN-30,0,18,30
LIA,0.9644102813829896,0.7801754738094389,1.7881393432617188e-05,88.24087059312396,71.38389578927412,18,DSN-30,0,19,30
VCG,1.0,0.6832394466378339,3.814697265625e-06,91.49723130967065,62.514517688913266,24,DSN-30,0,19,30
HoldBack,0.8486500629673064,0.5832504782645495,5.245208740234375e-06,77.6491311122862,53.36580392124752,24,DSN-30,0,19,30
LIA,0.9153335899402475,0.7297326055544626,1.7881393432617188e-05,90.88733607406157,72.45823085063294,21,DSN-30,0,20,30
VCG,1.0,0.5865934980405623,4.0531158447265625e-06,99.29422133409814,58.245344627582455,19,DSN-30,0,20,30
HoldBack,0.8551301633437297,0.5170430773463734,5.9604644775390625e-06,84.9094837085158,51.33938976129403,19,DSN-30,0,20,30
LIA,0.9659710095622305,0.8410669373007856,1.7881393432617188e-05,96.15079196545673,83.71809434951979,25,DSN-30,0,21,30
VCG,1.0,0.7467258465638238,4.0531158447265625e-06,99.53796854527904,74.32757382721675,7,DSN-30,0,21,30
HoldBack,0.8473110343622019,0.6720336765216355,3.814697265625e-06,84.3396190864127,66.89286695497879,7,DSN-30,0,21,30
LIA,0.969460449373142,0.7004482040346723,1.7881393432617188e-05,93.15072928166215,67.30265383394385,23,DSN-30,0,22,30
VCG,1.0,0.7387604821865696,4.0531158447265625e-06,96.0851258469532,70.98389390165238,9,DSN-30,0,22,30
HoldBack,0.869080924591121,0.7104996382225154,5.245208740234375e-06,83.50575001052431,68.26844715282512,9,DSN-30,0,22,30
LIA,0.9546485699585,0.7039641440256429,1.811981201171875e-05,90.08534164557241,66.42952434689114,1,DSN-30,0,23,30
VCG,1.0,0.7562623525450156,4.76837158203125e-06,94.36492598474071,71.36464092295628,2,DSN-30,0,23,30
HoldBack,0.874738352339518,0.5192645697835828,5.245208740234375e-06,82.54461987453266,49.00036269412602,2,DSN-30,0,23,30
LIA,0.8951546324136496,0.8299666691374544,1.7881393432617188e-05,89.38233228651988,82.87323097189713,8,DSN-30,0,24,30
VCG,1.0,0.5554558491938724,4.0531158447265625e-06,99.85127602536546,55.46297531776112,5,DSN-30,0,24,30
HoldBack,0.8995684529263384,0.7408486085533876,5.0067901611328125e-06,89.82305789685878,73.97467890567223,5,DSN-30,0,24,30
LIA,0.9324957142815394,0.8095828319231788,1.811981201171875e-05,83.35784831879748,72.37039470680048,27,DSN-30,0,25,30
VCG,1.0,0.6489926181656138,4.0531158447265625e-06,89.39220528538542,58.0148813517603,0,DSN-30,0,25,30
HoldBack,0.9372635102610565,0.633257216811535,3.814697265625e-06,83.7840521157573,56.60825912366856,0,DSN-30,0,25,30
LIA,0.8942494120466677,0.8232773028502683,1.8358230590820312e-05,82.8421208623959,76.26735551315075,5,DSN-30,0,26,30
VCG,1.0,0.603882467197833,3.814697265625e-06,92.63871996604976,55.942898771147284,15,DSN-30,0,26,30
HoldBack,0.8540566729895521,0.5171263516567449,5.0067901611328125e-06,79.11871696421525,47.905923278194166,15,DSN-30,0,26,30
LIA,0.9683879553265681,0.7428866472451086,2.002716064453125e-05,93.89674282905699,72.03170597468974,15,DSN-30,0,27,30
VCG,1.0,0.5843809437042539,5.0067901611328125e-06,96.96190696361184,56.66269069475955,9,DSN-30,0,27,30
HoldBack,0.851122354968477,0.5412061688366905,5.0067901611328125e-06,82.52644659710367,52.47638219087598,9,DSN-30,0,27,30
LIA,0.9044632127243718,0.8002356095616836,1.7881393432617188e-05,89.86159983355964,79.50622104617409,6,DSN-30,0,28,30
VCG,1.0,0.5677519161333139,3.814697265625e-06,99.35351550991633,56.40814880533592,20,DSN-30,0,28,30
HoldBack,0.8120270021122855,0.588692822958996,5.0067901611328125e-06,80.67773734883383,58.488701516433046,20,DSN-30,0,28,30
LIA,0.900438278793093,0.6820049872926388,1.7881393432617188e-05,83.28799365170711,63.08353208639447,24,DSN-30,0,29,30
VCG,1.0,0.5558380240820465,4.291534423828125e-06,92.49717122570866,51.413444887276626,15,DSN-30,0,29,30
HoldBack,0.9134320420925265,0.6146307522204727,4.76837158203125e-06,84.48988000048114,56.851605928723174,15,DSN-30,0,29,30
LIA,0.9575774598738194,0.8029055589309435,1.8358230590820312e-05,95.73308106533537,80.26987495201999,25,DSN-30,0,30,30
VCG,1.0,0.6933822378638934,4.0531158447265625e-06,99.97424237403226,69.32036390605377,12,DSN-30,0,30,30
HoldBack,0.9434070715417899,0.5501186288821007,5.0067901611328125e-06,94.3164072276949,54.99769313832944,12,DSN-30,0,30,30
LIA,0.9655256804345018,0.7506167901559673,1.7881393432617188e-05,95.73104371063216,74.42301142732774,13,DSN-30,0,31,30
VCG,1.0,0.6623374355099105,3.814697265625e-06,99.14914294931201,65.67018907405284,9,DSN-30,0,31,30
HoldBack,0.8878797182680279,0.6561959656973506,5.0067901611328125e-06,88.03251310835157,65.06126760568846,9,DSN-30,0,31,30
LIA,0.9342027122381797,0.8092481191125709,1.7881393432617188e-05,88.7104018201462,76.84491264929105,6,DSN-30,0,32,30
VCG,1.0,0.7385057587320956,4.0531158447265625e-06,94.95840748268887,70.12733076599464,21,DSN-30,0,32,30
HoldBack,0.805390801238233,0.5986835884612071,4.76837158203125e-06,76.47862788678941,56.85004014629771,21,DSN-30,0,32,30
LIA,0.944331536035674,0.7739469142866179,1.7881393432617188e-05,92.27371575890409,75.62487839934474,0,DSN-30,0,33,30
VCG,1.0,0.7740187779486434,4.291534423828125e-06,97.71326302017967,75.63190043225383,1,DSN-30,0,33,30
HoldBack,0.9270791658550372,0.5787867597831383,4.76837158203125e-06,90.58793037372202,56.55514289128734,1,DSN-30,0,33,30
LIA,0.9324672795533193,0.6944151741386642,1.8835067749023438e-05,91.66836635042655,68.26610003166167,15,DSN-30,0,34,30
VCG,1.0,0.6304174974148872,4.0531158447265625e-06,98.30732762477042,61.97465945875317,14,DSN-30,0,34,30
HoldBack,0.9272063134402225,0.6822153605674868,5.0067901611328125e-06,91.15117483112353,67.0667689619588,14,DSN-30,0,34,30
LIA,0.9267560416769501,0.6622661911286566,1.811981201171875e-05,88.58265423104416,63.30176915977422,21,DSN-30,0,35,30
VCG,1.0,0.6405440636996821,3.814697265625e-06,95.58357350522935,61.22549059597688,6,DSN-30,0,35,30
HoldBack,0.9084692410823831,0.5501400627682458,5.0067901611328125e-06,86.8347364822379,52.58435312778011,6,DSN-30,0,35,30
LIA,0.8567169338155349,0.7509591196609057,1.7881393432617188e-05,84.01590984264327,73.64452738426465,29,DSN-30,0,36,30
VCG,1.0,0.7296134868306375,3.814697265625e-06,98.06729215502266,71.55121897326491,21,DSN-30,0,36,30
HoldBack,0.9293960706723768,0.5448139029769475,5.0067901611328125e-06,91.14335599035806,53.42842419335848,21,DSN-30,0,36,30
LIA,0.9754519980290813,0.7001786091382205,1.7881393432617188e-05,95.69786504088403,68.6918456030736,8,DSN-30,0,37,30
VCG,1.0,0.7190065720131369,4.0531158447265625e-06,98.10617563369937,70.53898503570493,20,DSN-30,0,37,30
HoldBack,0.9059944804818064,0.6525018542698714,4.76837158203125e-06,88.88365362531032,64.01446151631451,20,DSN-30,0,37,30
LIA,0.9523585348506637,0.7322678932998288,1.811981201171875e-05,93.26506739866096,71.71145311696412,21,DSN-30,0,38,30
VCG,1.0,0.7684307300455563,4.0531158447265625e-06,97.93062589950492,75.25290235377483,9,DSN-30,0,38,30
HoldBack,0.8956931394027108,0.7084107835359896,5.0067901611328125e-06,87.71578975559997,69.37511142563815,9,DSN-30,0,38,30
LIA,0.8789069696172621,0.753844914156041,1.811981201171875e-05,84.15828802412696,72.1831770644561,28,DSN-30,0,39,30
VCG,1.0,0.7019381707739132,3.814697265625e-06,95.75335153022554,67.212932418598,15,DSN-30,0,39,30
HoldBack,0.8368028471249317,0.5144330398062793,5.0067901611328125e-06,80.12667718224716,49.25868769933317,15,DSN-30,0,39,30
LIA,0.8980326514240794,0.659063855792179,1.7881393432617188e-05,86.5592589094109,63.52561773882535,20,DSN-30,0,40,30
VCG,1.0,0.63748623488241,4.0531158447265625e-06,96.38765224421097,61.445801518317126,1,DSN-30,0,40,30
HoldBack,0.9393932603393089,0.5948066342951123,5.0067901611328125e-06,90.54591089814085,57.33201501898685,1,DSN-30,0,40,30
LIA,0.9518904105722423,0.7357969863681781,1.7881393432617188e-05,85.69061511706757,66.23755808745865,25,DSN-30,0,41,30
VCG,1.0,0.6002662880124863,4.0531158447265625e-06,90.0215131546009,54.036879542579484,10,DSN-30,0,41,30
HoldBack,0.8771301560014009,0.6840572206321376,5.0067901611328125e-06,78.96058387677725,61.5798660856357,10,DSN-30,0,41,30
LIA,0.8524888328395888,0.8058205172791574,1.8358230590820312e-05,84.95408464486157,80.30339143032649,22,DSN-30,0,42,30
VCG,1.0,0.702424356288154,3.814697265625e-06,99.6541906148901,69.99953069408117,0,DSN-30,0,42,30
HoldBack,0.9049459354433183,0.7095387437471606,5.245208740234375e-06,90.18165474683846,70.7085092180292,0,DSN-30,0,42,30
LIA,0.8678293034598565,0.766139816910857,1.9073486328125e-05,84.26495128341423,74.39105143245901,29,DSN-30,0,43,30
VCG,1.0,0.676377190097466,3.814697265625e-06,97.09853187426057,65.67523215170161,21,DSN-30,0,43,30
HoldBack,0.82161181790198,0.6559996213822457,5.245208740234375e-06,79.77730128882457,63.69660014628685,21,DSN-30,0,43,30
LIA,0.9220638716642449,0.6899010629859217,1.7881393432617188e-05,88.17699968296652,65.9752623236272,14,DSN-30,0,44,30
VCG,1.0,0.6234872752542244,4.0531158447265625e-06,95.63003430967828,59.62410952420931,13,DSN-30,0,44,30
HoldBack,0.835562706277601,0.7371257358045487,4.76837158203125e-06,79.90489026921462,70.49135940553583,13,DSN-30,0,44,30
LIA,0.9787141499912926,0.712375887152745,1.7881393432617188e-05,94.64403544437441,68.88847853482235,17,DSN-30,0,45,30
VCG,1.0,0.6349929659483121,4.0531158447265625e-06,96.70242884014341,61.40536210360826,28,DSN-30,0,45,30
HoldBack,0.8118409104419834,0.6106995341359344,5.0067901611328125e-06,78.50698787153314,59.056128242488924,28,DSN-30,0,45,30
LIA,0.9356332930345128,0.7564583751902909,1.9311904907226562e-05,88.13067396805192,71.25354231258493,12,DSN-30,0,46,30
VCG,1.0,0.5758162522187622,3.814697265625e-06,94.19360621747461,54.23820931511613,1,DSN-30,0,46,30
HoldBack,0.8258785815419544,0.6419935743290202,5.245208740234375e-06,77.79248189320934,60.471689934496744,1,DSN-30,0,46,30
LIA,0.917375902938194,0.7920229532674559,1.9073486328125e-05,83.14138939785141,71.78070468031717,7,DSN-30,0,47,30
VCG,1.0,0.5739322636860994,5.0067901611328125e-06,90.62957630733936,52.015237886983364,7,DSN-30,0,47,30
HoldBack,0.8476542046320743,0.7421686513935892,5.0067901611328125e-06,76.82254142093963,67.26243042439044,7,DSN-30,0,47,30
LIA,0.8565809213949797,0.6578783667385639,1.7881393432617188e-05,80.5934463218536,61.89804548729227,12,DSN-30,0,48,30
VCG,1.0,0.6934874665172527,4.0531158447265625e-06,94.08737027507412,65.24841204333183,1,DSN-30,0,48,30
HoldBack,0.8589342663339768,0.5071631068944136,4.76837158203125e-06,80.81486635851401,47.717643028231684,1,DSN-30,0,48,30
LIA,0.925114916532641,0.8232203090755669,1.7881393432617188e-05,90.51596593020544,80.54629767361241,1,DSN-30,0,49,30
VCG,1.0,0.622359880404872,4.0531158447265625e-06,97.84294287401835,60.89352222553478,20,DSN-30,0,49,30
HoldBack,0.8701521818727316,0.6548474923416254,3.814697265625e-06,85.1382502226761,64.07220578437583,20,DSN-30,0,49,30
LIA,0.9444890480362709,0.8069539363649976,1.811981201171875e-05,92.67670329478202,79.18125751542152,9,DSN-30,0,50,30
VCG,1.0,0.7986038168897184,4.0531158447265625e-06,98.1236399590554,78.36191339841413,9,DSN-30,0,50,30
HoldBack,0.8908221875788918,0.5769715955040624,5.245208740234375e-06,87.41071560152929,56.61455310384236,9,DSN-30,0,50,30
LIA,0.8802303731107112,0.6952066393577304,1.9073486328125e-05,87.01979850380242,68.72830513859847,10,DSN-30,0,51,30
VCG,1.0,0.6877627383237331,3.814697265625e-06,98.86025427215914,67.9923991896007,18,DSN-30,0,51,30
HoldBack,0.8785345369294784,0.5705656176032332,5.245208740234375e-06,86.85214770772181,56.406262035207156,18,DSN-30,0,51,30
LIA,0.9454675379439884,0.691766187098918,1.7881393432617188e-05,93.33889904310936,68.29287279336269,17,DSN-30,0,52,30
VCG,1.0,0.5646413263211335,4.0531158447265625e-06,98.72247887651852,55.742791410547504,22,DSN-30,0,52,30
HoldBack,0.8828549206725852,0.6488074331798503,4.76837158203125e-06,87.15762625712973,64.05187811702598,22,DSN-30,0,52,30
LIA,0.9492799950155416,0.7546802741844016,1.7881393432617188e-05,93.43470090884425,74.28085082428152,9,DSN-30,0,53,30
VCG,1.0,0.6066931563299115,4.0531158447265625e-06,98.42691450304348,59.71493542766579,16,DSN-30,0,53,30
HoldBack,0.8999782965039552,0.5200264316524006,4.76837158203125e-06,88.58208684458951,51.18459712757362,16,DSN-30,0,53,30
LIA,0.9136831619733068,0.7761434888983858,1.8358230590820312e-05,90.75278230062237,77.09147329574904,22,DSN-30,0,54,30
VCG,1.0,0.734920724440777,3.814697265625e-06,99.32631581457743,72.99696797448266,28,DSN-30,0,54,30
HoldBack,0.8918413648540808,0.5041689533724598,5.245208740234375e-06,88.5833170620002,50.077244686577906,28,DSN-30,0,54,30
LIA,0.9553209416947613,0.7359346726710296,1.9073486328125e-05,94.80409167816518,73.03264812061155,11,DSN-30,0,55,30
VCG,1.0,0.7374649828220672,3.814697265625e-06,99.23794982446479,73.18451296259609,9,DSN-30,0,55,30
HoldBack,0.9369562200334783,0.6430307409305516,5.245208740234375e-06,92.98161435140251,63.813052404054496,9,DSN-30,0,55,30
LIA,0.892085007329355,0.8030387667508784,1.811981201171875e-05,79.5541036156826,71.6131632441203,15,DSN-30,0,56,30
VCG,1.0,0.5857903394527983,4.0531158447265625e-06,89.17771620649093,52.239444648225636,13,DSN-30,0,56,30
HoldBack,0.898657422091393,0.6603921416712486,5.0067901611328125e-06,80.14021655412297,58.89226299495536,13,DSN-30,0,56,30
LIA,0.8681030292020115,0.6521430595390718,2.1219253540039062e-05,85.3447225737298,64.11332137143575,9,DSN-30,0,57,30
VCG,1.0,0.6860643342538127,4.0531158447265625e-06,98.3117437709916,67.44818103957677,21,DSN-30,0,57,30
HoldBack,0.9463668227823399,0.5922840484523011,5.0067901611328125e-06,93.0389725947448,58.228477611088195,21,DSN-30,0,57,30
LIA,0.8847197509693232,0.7569321846151048,1.7881393432617188e-05,88.0205267092954,75.30697658783174,15,DSN-30,0,58,30
VCG,1.0,0.7646903574596761,5.0067901611328125e-06,99.48972724171433,76.0788350880322,20,DSN-30,0,58,30
HoldBack,0.8488822013923686,0.7385105662695215,5.0067901611328125e-06,84.45505867687277,73.4742148032787,20,DSN-30,0,58,30
LIA,0.9492570596768676,0.6717365078749384,1.8358230590820312e-05,90.46436183518173,64.01660528812467,25,DSN-30,0,59,30
VCG,1.0,0.7953143943478193,3.814697265625e-06,95.30017281723067,75.79359922537832,29,DSN-30,0,59,30
HoldBack,0.8572424748663703,0.6938086347247641,4.0531158447265625e-06,81.6953560010356,66.1200827913569,29,DSN-30,0,59,30
LIA,0.9133599774173655,0.7882832115026304,1.9073486328125e-05,87.39541590276457,75.42736798391432,3,DSN-30,0,60,30
VCG,1.0,0.6154377750336206,4.0531158447265625e-06,95.68562019751025,58.88854519706778,26,DSN-30,0,60,30
HoldBack,0.8936361105496277,0.7073462875355936,5.9604644775390625e-06,85.50812546883195,67.68286821724969,26,DSN-30,0,60,30
LIA,0.9461828174580524,0.8078045689096268,1.7881393432617188e-05,92.6838526888557,79.1289360626375,29,DSN-30,0,61,30
VCG,1.0,0.5797766339691791,4.0531158447265625e-06,97.95554408592363,56.792335628756334,18,DSN-30,0,61,30
HoldBack,0.8210820691993315,0.5716184344361459,4.76837158203125e-06,80.42954082761652,55.993194754736535,18,DSN-30,0,61,30
LIA,0.8568567137810882,0.8168328216416882,1.8835067749023438e-05,83.56197352225765,79.65878252028496,1,DSN-30,0,62,30
VCG,1.0,0.5794931209070154,4.291534423828125e-06,97.5215251025112,56.51305293726607,23,DSN-30,0,62,30
HoldBack,0.8067727046618438,0.6094749717857281,4.76837158203125e-06,78.67770456970086,59.43692876035419,23,DSN-30,0,62,30
LIA,0.9235040721678299,0.6542018313972722,1.811981201171875e-05,91.97729967821347,65.1558771746573,11,DSN-30,0,63,30
VCG,1.0,0.5586078271433287,3.814697265625e-06,99.59598712142797,55.63509795809583,26,DSN-30,0,63,30
HoldBack,0.8668738324740525,0.7041638108004059,5.0067901611328125e-06,86.33715505498864,70.13188983185286,26,DSN-30,0,63,30
LIA,0.9406316130577456,0.6666446132416145,1.8835067749023438e-05,92.28806309806586,65.40641338943698,8,DSN-30,0,64,30
VCG,1.0,0.7657399058282547,4.291534423828125e-06,98.11286567125006,75.12893651964322,25,DSN-30,0,64,30
HoldBack,0.8720839911254402,0.5171884766056218,5.0067901611328125e-06,85.56265947533795,50.74284353192583,25,DSN-30,0,64,30
LIA,0.9630585720346762,0.7444452851512409,1.7881393432617188e-05,96.20123458759193,74.36365512344211,19,DSN-30,0,65,30
VCG,1.0,0.7282205923361842,4.0531158447265625e-06,99.89136422340891,72.74294842404036,26,DSN-30,0,65,30
HoldBack,0.858936400340734,0.5646777368539087,4.76837158203125e-06,85.80032881118004,56.40642948092405,26,DSN-30,0,65,30
LIA,0.9568278142081007,0.6777937983773249,1.7881393432617188e-05,92.07786640146058,65.22574478708906,25,DSN-30,0,66,30
VCG,1.0,0.7368243893899642,4.0531158447265625e-06,96.23243078240465,70.9064020507573,25,DSN-30,0,66,30
HoldBack,0.8071870801870001,0.7371300818784787,5.0067901611328125e-06,77.6775748225468,70.93581958199897,25,DSN-30,0,66,30
LIA,0.8838921406372707,0.7536559441377422,1.9311904907226562e-05,87.38437233945311,74.50881008048363,23,DSN-30,0,67,30
VCG,1.0,0.7305540246684116,3.814697265625e-06,98.863162508098,72.2248812617382,26,DSN-30,0,67,30
HoldBack,0.8261235038593094,0.6367202934468582,5.245208740234375e-06,81.67318221380224,62.94818184324059,26,DSN-30,0,67,30
LIA,0.9345243316379349,0.8464965161202496,1.7881393432617188e-05,93.25665376827939,84.47231371870296,1,DSN-30,0,68,30
VCG,1.0,0.7779546423848618,4.76837158203125e-06,99.79050369381933,77.63248561453045,24,DSN-30,0,68,30
HoldBack,0.8658695991207276,0.5099869933215235,5.245208740234375e-06,86.40556342942283,50.89185894085131,24,DSN-30,0,68,30
LIA,0.9305672210839036,0.6654823103969502,1.7881393432617188e-05,91.46920942124916,65.41294324222388,7,DSN-30,0,69,30
VCG,1.0,0.6782088406087856,4.0531158447265625e-06,98.29403760290192,66.66388528142049,5,DSN-30,0,69,30
HoldBack,0.8514951453793611,0.5821426581830735,5.0067901611328125e-06,83.69689583860736,57.22115233370031,5,DSN-30,0,69,30
LIA,0.8550708346991663,0.7411133563980218,1.7881393432617188e-05,84.28266629051689,73.05009967123402,25,DSN-30,0,70,30
VCG,1.0,0.7727434711726759,5.0067901611328125e-06,98.56805175698628,76.16781846142156,14,DSN-30,0,70,30
HoldBack,0.8854245887777864,0.708097760425477,5.245208740234375e-06,87.27457669355714,69.79581669862449,14,DSN-30,0,70,30
LIA,0.8897663257239976,0.7466269291130999,1.811981201171875e-05,87.16990561757858,73.14661957944236,18,DSN-30,0,71,30
VCG,1.0,0.5657957742150567,3.814697265625e-06,97.96943657836111,55.43069321826672,21,DSN-30,0,71,30
HoldBack,0.8916712284816869,0.7459337584189394,4.291534423828125e-06,87.35652786748597,73.07871003708281,21,DSN-30,0,71,30
LIA,0.9668268012018463,0.7413017710683066,1.7881393432617188e-05,93.1799777383595,71.44452598923193,21,DSN-30,0,72,30
VCG,1.0,0.5873590646295737,4.0531158447265625e-06,96.37711493157722,56.607972077908116,10,DSN-30,0,72,30
HoldBack,0.9394903391111128,0.6146762789168846,5.0067901611328125e-06,90.54536838961818,59.240726378886805,10,DSN-30,0,72,30
LIA,0.8685980538540423,0.6528029035052114,1.9073486328125e-05,83.76152456659837,62.951748736345664,7,DSN-30,0,73,30
VCG,1.0,0.6917146083235237,5.0067901611328125e-06,96.43300971599173,66.70412154515577,29,DSN-30,0,73,30
HoldBack,0.9398400325881457,0.666486791520116,5.0067901611328125e-06,90.63160299405064,64.27132724223951,29,DSN-30,0,73,30
LIA,0.9680851373315912,0.7709148220516484,2.2172927856445312e-05,94.97424606228216,75.63080061781304,2,DSN-30,0,74,30
VCG,1.0,0.6819405163341119,4.0531158447265625e-06,98.10526202691956,66.90195304173086,9,DSN-30,0,74,30
HoldBack,0.88361614507454,0.744582701919312,5.245208740234375e-06,86.68739344375432,73.04748107250585,9,DSN-30,0,74,30
LIA,0.8718553526877042,0.7524521127752521,1.9073486328125e-05,87.14321653932673,75.20868822667543,21,DSN-30,0,75,30
VCG,1.0,0.6718437019803113,4.0531158447265625e-06,99.95146129537058,67.15175977502356,21,DSN-30,0,75,30
HoldBack,0.8937637329029793,0.7365467234978154,5.0067901611328125e-06,89.33299115645806,73.6189213259239,21,DSN-30,0,75,30
LIA,0.9742674124104637,0.6640810724805029,1.7881393432617188e-05,90.46709345319731,61.66426555924074,9,DSN-30,0,76,30
VCG,1.0,0.6387328002420041,4.0531158447265625e-06,92.85653230396983,59.31051289927676,18,DSN-30,0,76,30
HoldBack,0.8754768750577017,0.62332020683464,5.245208740234375e-06,81.29374673017404,57.8793529216579,18,DSN-30,0,76,30
LIA,0.8971725562093634,0.7702182334792606,1.811981201171875e-05,87.46278676423434,75.08637290617423,27,DSN-30,0,77,30
VCG,1.0,0.762151637974695,2.86102294921875e-06,97.48714019271014,74.29998357934275,1,DSN-30,0,77,30
HoldBack,0.9332963170754776,0.6209624925083058,5.245208740234375e-06,90.98438890407714,60.53585756157193,1,DSN-30,0,77,30
LIA,0.958314915772109,0.7353580744387839,1.811981201171875e-05,95.12699721666063,72.99521728097788,6,DSN-30,0,78,30
VCG,1.0,0.7121837847189336,4.0531158447265625e-06,99.26486132172673,70.69482462570743,29,DSN-30,0,78,30
HoldBack,0.9090902705678651,0.6584385217975841,4.76837158203125e-06,90.24071963685016,65.35980855511993,29,DSN-30,0,78,30
LIA,0.9496256664724607,0.7815899822409185,1.8835067749023438e-05,94.1628359218156,77.50077936422403,15,DSN-30,0,79,30
VCG,1.0,0.7559740954061661,3.814697265625e-06,99.15784634549611,74.96076319346004,0,DSN-30,0,79,30
HoldBack,0.8971279693355244,0.7422360992935728,5.0067901611328125e-06,88.95727733561888,73.59853308583249,0,DSN-30,0,79,30
LIA,0.9475353378313303,0.7134577967551811,1.7881393432617188e-05,94.63080198750484,71.25336733689113,4,DSN-30,0,80,30
VCG,1.0,0.6709284580976783,4.0531158447265625e-06,99.87047259270658,67.00594218611107,20,DSN-30,0,80,30
HoldBack,0.8441904999410684,0.5646762675810717,4.76837158203125e-06,84.30970418738774,56.394485705207266,20,DSN-30,0,80,30
LIA,0.9069545146343283,0.8135576861178838,1.811981201171875e-05,82.5002590172852,74.00450490870536,29,DSN-30,0,81,30
VCG,1.0,0.6873315912965038,4.0531158447265625e-06,90.96405352869122,62.52246766265569,21,DSN-30,0,81,30
HoldBack,0.9394687583945754,0.7369658604997672,4.0531158447265625e-06,85.45788642713724,67.03740198331882,21,DSN-30,0,81,30
LIA,0.9147658335430191,0.737733554406315,1.7881393432617188e-05,85.70711744686662,69.12043943213465,15,DSN-30,0,82,30
VCG,1.0,0.6045682996953735,3.814697265625e-06,93.69295868310984,56.6437927244766,28,DSN-30,0,82,30
HoldBack,0.8195677114915427,0.5031444531215489,5.0067901611328125e-06,76.787723730788,47.14109245795317,28,DSN-30,0,82,30
LIA,0.8894555081892338,0.7296957524218429,1.811981201171875e-05,88.92566322404089,72.95325976223276,0,DSN-30,0,83,30
VCG,1.0,0.6292282534546361,3.814697265625e-06,99.97764070861399,62.9087562475963,13,DSN-30,0,83,30
HoldBack,0.8701081003171888,0.5713949040596591,5.0067901611328125e-06,86.99135503116656,57.126714420809556,13,DSN-30,0,83,30
LIA,0.930600173352063,0.7180445988902514,1.9073486328125e-05,92.39624704514371,71.2922993658152,10,DSN-30,0,84,30
VCG,1.0,0.7639812973978245,4.0531158447265625e-06,99.28672881322206,75.85320389311136,24,DSN-30,0,84,30
HoldBack,0.8652017222474705,0.5482099022355614,4.76837158203125e-06,85.90304876551727,54.429967895985165,24,DSN-30,0,84,30
LIA,0.9565217700256441,0.7219649801273132,1.811981201171875e-05,91.1432570252293,68.79324842255721,3,DSN-30,0,85,30
VCG,1.0,0.6851914078251358,4.0531158447265625e-06,95.28612926686004,65.2892370585677,22,DSN-30,0,85,30
HoldBack,0.901595102950349,0.675657394109479,5.245208740234375e-06,85.90950752609494,64.38077779522561,22,DSN-30,0,85,30
LIA,0.9692049447033235,0.8493615425357708,1.9073486328125e-05,92.88213379898617,81.39714192406372,0,DSN-30,0,86,30
VCG,1.0,0.5884210339518118,3.814697265625e-06,95.83332638425371,56.39034499806401,1,DSN-30,0,86,30
HoldBack,0.9294446069713213,0.5665053441822004,5.245208740234375e-06,89.07176837596704,54.290091547436795,1,DSN-30,0,86,30
LIA,0.9400344640100856,0.7643795044917907,2.002716064453125e-05,91.41809990434105,74.33570212773763,22,DSN-30,0,87,30
VCG,1.0,0.7768657940866064,3.814697265625e-06,97.24973222190312,75.5499904472786,26,DSN-30,0,87,30
HoldBack,0.8183722125275447,0.6335090283011642,5.0067901611328125e-06,79.5864785261501,61.60858336244626,26,DSN-30,0,87,30
LIA,0.9712177171890556,0.8394613798473924,1.7881393432617188e-05,96.39506062151378,83.3180132195398,19,DSN-30,0,88,30
VCG,1.0,0.6422544331027933,3.814697265625e-06,99.25175263534621,63.74487812327295,21,DSN-30,0,88,30
HoldBack,0.8203275310341132,0.6295999066582663,4.0531158447265625e-06,81.41894519016209,62.48889419488331,21,DSN-30,0,88,30
LIA,0.9356745085428702,0.6600911141240248,1.7881393432617188e-05,86.41655842483162,60.96436507417946,19,DSN-30,0,89,30
VCG,1.0,0.5761407161885854,4.291534423828125e-06,92.35750000222673,53.21091619667019,0,DSN-30,0,89,30
HoldBack,0.9321506127222061,0.6318739861395654,4.76837158203125e-06,86.0911002165668,58.35830167629192,0,DSN-30,0,89,30
LIA,0.9090000532948985,0.7581221988649458,1.7881393432617188e-05,90.02868902218358,75.08552660148592,1,DSN-30,0,90,30
VCG,1.0,0.7624000437456145,4.291534423828125e-06,99.04145626378353,75.50921058813793,12,DSN-30,0,90,30
HoldBack,0.872020240945756,0.5933018422762817,4.76837158203125e-06,86.36615455476307,58.761478463028546,12,DSN-30,0,90,30
LIA,0.8674463154224256,0.7789513453180186,2.6941299438476562e-05,84.45467953295736,75.83879840283028,13,DSN-30,0,91,30
VCG,1.0,0.6349151551203607,4.76837158203125e-06,97.36012250144834,61.815417280544395,16,DSN-30,0,91,30
HoldBack,0.9061921740051784,0.6393561861675355,5.0067901611328125e-06,88.22698107099797,62.24779660733007,16,DSN-30,0,91,30
LIA,0.9710417377660419,0.8078758651207154,1.9311904907226562e-05,94.6148812017907,78.71657420209341,2,DSN-30,0,92,30
VCG,1.0,0.7308486722137322,4.0531158447265625e-06,97.43647211237253,71.2113162685178,21,DSN-30,0,92,30
HoldBack,0.8411062384556414,0.7114913140246333,5.245208740234375e-06,81.95442454682566,69.32520357715647,21,DSN-30,0,92,30
LIA,0.9601932428362031,0.8043139452111652,1.811981201171875e-05,95.79662139797641,80.24484557599682,19,DSN-30,0,93,30
VCG,1.0,0.7702203559436842,4.0531158447265625e-06,99.76806451481987,76.84339416241701,27,DSN-30,0,93,30
HoldBack,0.9208620338267179,0.6506278408936822,5.0067901611328125e-06,91.87262280007224,64.91188040541884,27,DSN-30,0,93,30
LIA,0.8720215449521052,0.7741637607011783,1.7881393432617188e-05,84.43099480689331,74.95619441723333,1,DSN-30,0,94,30
VCG,1.0,0.7297476892133083,4.291534423828125e-06,96.82214309456148,70.65573518793653,26,DSN-30,0,94,30
HoldBack,0.8854281918023049,0.6845878192802987,4.76837158203125e-06,85.7290550866416,66.28325979915087,26,DSN-30,0,94,30
LIA,0.8633829988110372,0.7938045640867202,1.7881393432617188e-05,86.08057575123561,79.14350178847877,26,DSN-30,0,95,30
VCG,1.0,0.6759721991978185,4.0531158447265625e-06,99.70149501412118,67.39543884800582,3,DSN-30,0,95,30
HoldBack,0.9063148448518482,0.5622358811992182,5.0067901611328125e-06,90.36094498522056,56.05575790614388,3,DSN-30,0,95,30
LIA,0.9686623601002483,0.6736724455702596,1.8358230590820312e-05,91.3611425204003,63.538635180829644,18,DSN-30,0,96,30
VCG,1.0,0.7114397944845082,3.814697265625e-06,94.31680870819137,67.10073100379034,9,DSN-30,0,96,30
HoldBack,0.8375123703370912,0.7091380977924034,5.0067901611328125e-06,78.99149402382737,66.88364231717682,9,DSN-30,0,96,30
LIA,0.956834189703046,0.8038501118483173,1.8835067749023438e-05,94.19191003113166,79.13197315538063,7,DSN-30,0,97,30
VCG,1.0,0.6991807475265543,4.0531158447265625e-06,98.44120438501906,68.82819486933195,17,DSN-30,0,97,30
HoldBack,0.8505803052753429,0.565627151066636,3.814697265625e-06,83.73214967748194,55.68101798386677,17,DSN-30,0,97,30
LIA,0.9374711549152598,0.8186073893855407,1.8358230590820312e-05,91.11608369600079,79.56330070994008,26,DSN-30,0,98,30
VCG,1.0,0.6497053817310143,4.0531158447265625e-06,97.19347973350389,63.14712685202175,4,DSN-30,0,98,30
HoldBack,0.8783189740148265,0.6003854345013206,5.245208740234375e-06,85.36687740046197,58.35354956049504,4,DSN-30,0,98,30
LIA,0.8984386634650203,0.6960685664204702,1.7881393432617188e-05,85.84992325137002,66.51253495082372,22,DSN-30,0,99,30
VCG,1.0,0.6902517091037302,3.814697265625e-06,95.55457344218856,65.95670763114856,28,DSN-30,0,99,30
HoldBack,0.8201735159743254,0.5800465548510139,5.0067901611328125e-06,78.37133046750668,55.426101125399654,28,DSN-30,0,99,30
LIA,0.8633565612145175,0.8387284856368582,1.9073486328125e-05,82.79928829939702,80.43735903213651,14,DSN-30,1,0,30
VCG,1.0,0.6758349082231955,4.0531158447265625e-06,95.90393125977987,64.81522458119697,9,DSN-30,1,0,30
HoldBack,0.9349510429051119,0.5496449711090785,5.9604644775390625e-06,89.66548055003135,52.71311352652876,9,DSN-30,1,0,30
LIA,0.9376113226309908,0.8489629160212416,1.811981201171875e-05,90.52562988848896,81.96669650824782,0,DSN-30,1,1,30
VCG,1.0,0.669876255360167,4.0531158447265625e-06,96.54920722850156,64.6760213962214,28,DSN-30,1,1,30
HoldBack,0.8238706244830972,0.7380707631945991,5.245208740234375e-06,79.54405565269354,71.26014706497365,28,DSN-30,1,1,30
LIA,0.9581882105671851,0.7688361983279859,1.8835067749023438e-05,95.5922421533711,76.70181623643852,19,DSN-30,1,2,30
VCG,1.0,0.5996041696839325,3.814697265625e-06,99.76353403136396,59.81863098761073,3,DSN-30,1,2,30
HoldBack,0.916295641866866,0.501357826598822,4.0531158447265625e-06,91.41289145017556,50.01722859578225,3,DSN-30,1,2,30
LIA,0.8834122325238836,0.7599832765607003,1.7881393432617188e-05,87.03532464170539,74.8748871280082,22,DSN-30,1,3,30
VCG,1.0,0.5676756266615225,4.0531158447265625e-06,98.5217562508139,55.92839971947455,25,DSN-30,1,3,30
HoldBack,0.8163216396932875,0.7415658097379925,4.0531158447265625e-06,80.4254416081268,73.06036595094393,25,DSN-30,1,3,30
LIA,0.9285343429380868,0.7636599602759355,1.811981201171875e-05,91.1603779373565,74.97356573166921,13,DSN-30,1,4,30
VCG,1.0,0.5581459299524727,3.814697265625e-06,98.176635717,54.79688964187011,4,DSN-30,1,4,30
HoldBack,0.8890666113549142,0.5327555398695171,5.0067901611328125e-06,87.28556883113902,52.304146563983245,4,DSN-30,1,4,30
LIA,0.8518280486979316,0.809606966876025,1.7881393432617188e-05,84.05061246670711,79.88462169948289,0,DSN-30,1,5,30
VCG,1.0,0.7029391827682117,4.0531158447265625e-06,98.67086743056105,69.35961891466913,3,DSN-30,1,5,30
HoldBack,0.9365840487032426,0.7371283410195163,3.814697265625e-06,92.41356050717579,72.73309281604608,3,DSN-30,1,5,30
LIA,0.8798669319774068,0.8255529947427986,1.811981201171875e-05,87.7038202889697,82.28988823028338,16,DSN-30,1,6,30
VCG,1.0,0.5814505462225181,3.814697265625e-06,99.67850489830859,57.95812111976548,26,DSN-30,1,6,30
HoldBack,0.8171094744359656,0.6246974294980651,5.0067901611328125e-06,81.44825075001975,62.26890578618366,26,DSN-30,1,6,30
LIA,0.9015936584957478,0.8394524126561993,1.7881393432617188e-05,87.51491410626336,81.48305514090893,5,DSN-30,1,7,30
VCG,1.0,0.5804315675164249,4.0531158447265625e-06,97.0669139934685,56.34070104321092,17,DSN-30,1,7,30
HoldBack,0.9405486607301331,0.6594249955790807,5.0067901611328125e-06,91.29615595776382,64.00834933101798,17,DSN-30,1,7,30
LIA,0.9644262415162655,0.7391120985824889,1.811981201171875e-05,96.00108574347995,73.57282588920951,12,DSN-30,1,8,30
VCG,1.0,0.7025751675446498,3.814697265625e-06,99.54217503719889,69.93586030451887,10,DSN-30,1,8,30
HoldBack,0.8825658504104085,0.5219093213049266,5.0067901611328125e-06,87.85252436340717,51.95198901488068,10,DSN-30,1,8,30
LIA,0.9304147031320104,0.6815112284128633,1.7881393432617188e-05,87.84662556126239,64.34599700181911,14,DSN-30,1,9,30
VCG,1.0,0.5852436115509261,4.0531158447265625e-06,94.41663514726122,55.25673254406926,8,DSN-30,1,9,30
HoldBack,0.8340700545802072,0.662349197794816,5.0067901611328125e-06,78.75008803055567,62.5367825482743,8,DSN-30,1,9,30
LIA,0.8665430520630877,0.8310452836678328,1.7881393432617188e-05,84.62601225839134,81.15932404687052,24,DSN-30,1,10,30
VCG,1.0,0.5577241399315254,3.314018249511719e-05,97.65932812791192,54.466964786430296,19,DSN-30,1,10,30
HoldBack,0.9403911674431334,0.5951260675573975,1.0013580322265625e-05,91.83796958991913,58.11961190906176,19,DSN-30,1,10,30
LIA,0.968771993694911,0.7845122141913047,2.09808349609375e-05,96.03358108646269,77.76805876428672,5,DSN-30,1,11,30
VCG,1.0,0.7172886662092377,5.0067901611328125e-06,99.12918799416276,71.10424303873779,0,DSN-30,1,11,30
HoldBack,0.9164668735842562,0.5786758281709548,5.9604644775390625e-06,90.84861700195633,57.3636649584364,0,DSN-30,1,11,30
LIA,0.9170713878162942,0.6856614276359685,1.9073486328125e-05,86.86609043387428,64.94666431788892,8,DSN-30,1,12,30
VCG,1.0,0.6095076868260468,4.0531158447265625e-06,94.72118701764046,57.733291592539416,20,DSN-30,1,12,30
HoldBack,0.9245228249892696,0.6694181077060903,5.0067901611328125e-06,87.5718994078859,63.408077773023564,20,DSN-30,1,12,30
LIA,0.8757687519561657,0.7767709493827161,1.7881393432617188e-05,86.65262566766626,76.85732352979319,28,DSN-30,1,13,30
VCG,1.0,0.7133822259120585,4.0531158447265625e-06,98.94464203491407,70.58534897693882,24,DSN-30,1,13,30
HoldBack,0.8043597200215776,0.6741022630411522,5.0067901611328125e-06,79.5870845648387,66.69880711153229,24,DSN-30,1,13,30
LIA,0.8818293761243561,0.6731245725363428,1.9073486328125e-05,87.97654421978685,67.154911510702,16,DSN-30,1,14,30
VCG,1.0,0.6946629948291096,4.0531158447265625e-06,99.76594860838514,69.30371264226787,10,DSN-30,1,14,30
HoldBack,0.8923553727895429,0.6249350752957289,4.76837158203125e-06,89.0266802621379,62.34724060553099,10,DSN-30,1,14,30
LIA,0.9668007555855158,0.7520295631846781,1.8835067749023438e-05,95.59698871318642,74.36047318788962,20,DSN-30,1,15,30
VCG,1.0,0.6255669466284208,4.0531158447265625e-06,98.87972072931488,61.85588498010848,14,DSN-30,1,15,30
HoldBack,0.9376663315514379,0.6130364206298079,5.245208740234375e-06,92.71618500108735,60.61687006877421,14,DSN-30,1,15,30
LIA,0.9377604747671452,0.7378761776698931,1.9073486328125e-05,93.20220339662815,73.33608895149112,16,DSN-30,1,16,30
VCG,1.0,0.7365405244663393,3.814697265625e-06,99.38806966647975,73.20334095784607,15,DSN-30,1,16,30
HoldBack,0.8892183234355872,0.5912333140599398,5.0067901611328125e-06,88.37769267832645,58.761537806933006,15,DSN-30,1,16,30
LIA,0.893468342558966,0.7290003310225781,2.09808349609375e-05,88.80176608650054,72.45530008040105,1,DSN-30,1,17,30
VCG,1.0,0.6862647505884598,3.814697265625e-06,99.38994126212134,68.20781325125137,22,DSN-30,1,17,30
HoldBack,0.8065530656176495,0.5963893579204771,5.245208740234375e-06,80.16326181652208,59.275103253070476,22,DSN-30,1,17,30
LIA,0.8937876779252708,0.782473415592566,2.0265579223632812e-05,87.94208017773339,76.98958214630892,3,DSN-30,1,18,30
VCG,1.0,0.7792619279257202,4.0531158447265625e-06,98.39258511805774,76.6735955726932,2,DSN-30,1,18,30
HoldBack,0.8170728547873368,0.5290434918269264,5.0067901611328125e-06,80.39391041231747,52.05395680073534,2,DSN-30,1,18,30
LIA,0.9294922271187921,0.6948186283579929,1.811981201171875e-05,91.19134939676174,68.16780867805437,15,DSN-30,1,19,30
VCG,1.0,0.7882957496720866,3.814697265625e-06,98.10878104858772,77.33873510611106,19,DSN-30,1,19,30
HoldBack,0.9096089132080761,0.693885100822627,5.245208740234375e-06,89.24062170577497,68.07622142948432,19,DSN-30,1,19,30
LIA,0.9034223230643736,0.768947333755289,1.9311904907226562e-05,88.46386231850691,75.29595995898785,4,DSN-30,1,20,30
VCG,1.0,0.7787498458166686,3.814697265625e-06,97.92082845422826,76.25583006097071,21,DSN-30,1,20,30
HoldBack,0.8749403480727095,0.5910535962199511,5.245208740234375e-06,85.67488373131054,57.87645780270853,21,DSN-30,1,20,30
LIA,0.9162146238327152,0.7244550550174493,1.8358230590820312e-05,84.25548640328635,66.62119491443468,21,DSN-30,1,21,30
VCG,1.0,0.6230244559377615,3.814697265625e-06,91.96042522310792,57.29359389243201,5,DSN-30,1,21,30
HoldBack,0.8302274111021513,0.5655616828063006,5.0067901611328125e-06,76.34806575683386,52.009292840763884,5,DSN-30,1,21,30
LIA,0.9116118863967083,0.8055704444286224,1.9073486328125e-05,76.5626030195167,67.65661029808503,4,DSN-30,1,22,30
VCG,1.0,0.7880215461070812,3.814697265625e-06,83.98596394145608,66.18274915643978,8,DSN-30,1,22,30
HoldBack,0.9272991021565727,0.5256590827477547,5.0067901611328125e-06,77.88010895666652,44.147984769151805,8,DSN-30,1,22,30
LIA,0.908879076702057,0.8329003046553178,1.8835067749023438e-05,87.95124981588859,80.59886583843479,29,DSN-30,1,23,30
VCG,1.0,0.7427080305393055,3.814697265625e-06,96.76892346892502,71.87105656701408,7,DSN-30,1,23,30
HoldBack,0.875322997682586,0.6236328253357143,5.245208740234375e-06,84.7040641733362,60.348277147621225,7,DSN-30,1,23,30
LIA,0.8959390589811722,0.7572035702966657,1.7881393432617188e-05,89.04531845483916,75.25671793892035,24,DSN-30,1,24,30
VCG,1.0,0.7343182978073131,4.0531158447265625e-06,99.3876955828872,72.98220344341713,13,DSN-30,1,24,30
HoldBack,0.8535284844967039,0.5910168925951287,5.0067901611328125e-06,84.83022918848147,58.739807005588595,13,DSN-30,1,24,30
LIA,0.9116056112979704,0.7959315853159206,1.9073486328125e-05,90.67439498203215,79.16868221428804,24,DSN-30,1,25,30
VCG,1.0,0.7257573916265616,5.0067901611328125e-06,99.46669245807662,72.18868727209508,15,DSN-30,1,25,30
HoldBack,0.8153085306981744,0.6083213782006265,5.0067901611328125e-06,81.09604288140164,60.50771544115503,15,DSN-30,1,25,30
LIA,0.9396478508599153,0.847291700183474,1.8835067749023438e-05,92.60329115057769,83.50149466074339,2,DSN-30,1,26,30
VCG,1.0,0.7057762870632233,4.291534423828125e-06,98.55105938446209,69.55500077851288,0,DSN-30,1,26,30
HoldBack,0.9430912968498786,0.6155108365989449,4.76837158203125e-06,92.94264640082176,60.659245009442564,0,DSN-30,1,26,30
LIA,0.9180546765301906,0.7892066723356832,1.7881393432617188e-05,88.36680513267524,75.9646173660126,15,DSN-30,1,27,30
VCG,1.0,0.7838184771242196,5.245208740234375e-06,96.25440335063666,75.4459798507964,8,DSN-30,1,27,30
HoldBack,0.8719801651871922,0.6979113476122396,4.76837158203125e-06,83.93193053368279,67.1770403560549,8,DSN-30,1,27,30
LIA,0.9180334141730261,0.8359365177066187,1.8835067749023438e-05,90.78721448550428,82.6683939360322,29,DSN-30,1,28,30
VCG,1.0,0.5525531148630406,4.291534423828125e-06,98.89314820559808,54.643717079615534,1,DSN-30,1,28,30
HoldBack,0.9012192714914448,0.6747175759985726,4.76837158203125e-06,89.12441098134458,66.72494524014873,1,DSN-30,1,28,30
LIA,0.9506407881190163,0.7900568679640189,1.8835067749023438e-05,90.81533656738146,75.4746495923978,14,DSN-30,1,29,30
VCG,1.0,0.7553257156478167,4.0531158447265625e-06,95.5306543779518,72.15675988433068,17,DSN-30,1,29,30
HoldBack,0.8947629149509396,0.56421627643246,4.76837158203125e-06,85.4772867783869,53.89995009828425,17,DSN-30,1,29,30
LIA,0.9354812091530623,0.6845069744954423,1.9073486328125e-05,92.61230035904335,67.76594216919167,25,DSN-30,1,30,30
VCG,1.0,0.7781318765906784,4.0531158447265625e-06,98.99963724860905,77.03477351405658,17,DSN-30,1,30,30
HoldBack,0.8466079486130113,0.6157382769564221,5.0067901611328125e-06,83.81387980447717,60.95786605876936,17,DSN-30,1,30,30
LIA,0.8943883980486169,0.6835854646317006,1.7881393432617188e-05,88.82041411758081,67.8858806596976,20,DSN-30,1,31,30
VCG,1.0,0.56799196119776,4.291534423828125e-06,99.3085490726063,56.406457551453634,25,DSN-30,1,31,30
HoldBack,0.9267378626363221,0.6999059002604051,4.76837158203125e-06,92.03299250906146,69.50663944221714,25,DSN-30,1,31,30
LIA,0.9694848867552995,0.6539260565146314,1.9073486328125e-05,96.62321094301994,65.17320296886518,28,DSN-30,1,32,30
VCG,1.0,0.6153073851626669,4.0531158447265625e-06,99.66448395745635,61.32429301744904,13,DSN-30,1,32,30
HoldBack,0.9204640597314939,0.5238693423541849,5.245208740234375e-06,91.73757551452462,52.211167666861876,13,DSN-30,1,32,30
LIA,0.9778169962074671,0.7053859424274493,1.811981201171875e-05,96.8360735787432,69.85643048469029,26,DSN-30,1,33,30
VCG,1.0,0.6736447455376681,4.0531158447265625e-06,99.03292124633629,66.71300703284012,13,DSN-30,1,33,30
HoldBack,0.824723091786014,0.6231303542993283,5.0067901611328125e-06,81.6747369988793,61.710419303527004,13,DSN-30,1,33,30
LIA,0.9101251526915889,0.6558390776968323,1.9311904907226562e-05,90.04517240688956,64.8868374286086,4,DSN-30,1,34,30
VCG,1.0,0.6786771668696225,3.814697265625e-06,98.9371320423257,67.14637247269135,27,DSN-30,1,34,30
HoldBack,0.9034635127893672,0.6022942742029816,5.245208740234375e-06,89.38608886026503,59.58926813515712,27,DSN-30,1,34,30
LIA,0.8596774375013774,0.7838576408588318,1.7881393432617188e-05,84.38470278351105,76.94234042096829,28,DSN-30,1,35,30
VCG,1.0,0.6855413110531086,3.814697265625e-06,98.15856401765325,67.2917506677525,27,DSN-30,1,35,30
HoldBack,0.9206745706783606,0.5205826806337464,5.0067901611328125e-06,90.37209378535728,51.09964838346913,27,DSN-30,1,35,30
LIA,0.8693703379756864,0.6620145110985429,1.9073486328125e-05,84.52677891044151,64.36607251338673,11,DSN-30,1,36,30
VCG,1.0,0.6378164102851227,3.814697265625e-06,97.22758555031982,62.013349596394654,19,DSN-30,1,36,30
HoldBack,0.859466823541266,0.7131823376081599,5.245208740234375e-06,83.56388411352006,69.34099674277444,19,DSN-30,1,36,30
LIA,0.929741587534352,0.6609349596096762,1.8835067749023438e-05,88.55983482123625,62.955440130240206,16,DSN-30,1,37,30
VCG,1.0,0.7979319134180088,4.291534423828125e-06,95.25209586041471,76.0046871069763,28,DSN-30,1,37,30
HoldBack,0.9198510805393688,0.6179060310073768,4.76837158203125e-06,87.61774330084201,58.85684449824304,28,DSN-30,1,37,30
LIA,0.9587560785230844,0.8428572975277787,1.7881393432617188e-05,95.77661357489973,84.19870235238218,0,DSN-30,1,38,30
VCG,1.0,0.6680320138448785,4.0531158447265625e-06,99.89674717102059,66.73422518920955,7,DSN-30,1,38,30
HoldBack,0.9122316496637853,0.6551534681938485,5.0067901611328125e-06,91.1289744678662,65.44770037037816,7,DSN-30,1,38,30
LIA,0.8934209289121777,0.7574681358221342,1.9073486328125e-05,89.09651997177953,75.5386097496462,20,DSN-30,1,39,30
VCG,1.0,0.7436155019296424,4.0531158447265625e-06,99.72513189305153,74.1571540076513,19,DSN-30,1,39,30
HoldBack,0.9161858287699247,0.7257418925551947,4.76837158203125e-06,91.36675261262546,72.37470595537962,19,DSN-30,1,39,30
LIA,0.9054214676921881,0.7581090773625458,1.7881393432617188e-05,89.29880119702415,74.76985492470389,10,DSN-30,1,40,30
VCG,1.0,0.7428696204514298,4.0531158447265625e-06,98.6267770131806,73.26683640612927,5,DSN-30,1,40,30
HoldBack,0.8544162114322296,0.6651159271695692,5.9604644775390625e-06,84.26831716137308,65.59824023686798,5,DSN-30,1,40,30
LIA,0.9186044961041031,0.6938820271112347,1.811981201171875e-05,87.25318014011832,65.90803089283573,24,DSN-30,1,41,30
VCG,1.0,0.5527592490325064,4.0531158447265625e-06,94.98449061611183,52.50355570269713,22,DSN-30,1,41,30
HoldBack,0.9106758836460519,0.5775184428400948,3.814697265625e-06,86.50008492449776,54.8552951145765,22,DSN-30,1,41,30
LIA,0.901538267833332,0.658600052563423,1.8835067749023438e-05,87.21954069616419,63.71642351367256,6,DSN-30,1,42,30
VCG,1.0,0.5566295097743826,4.0531158447265625e-06,96.74524510842896,53.8512583577073,20,DSN-30,1,42,30
HoldBack,0.9336926418219501,0.6294757614415952,4.76837158203125e-06,90.33032348900113,60.89878683048209,20,DSN-30,1,42,30
LIA,0.8720960495039787,0.7563883115367862,1.8835067749023438e-05,86.69370954584294,75.19138358846739,23,DSN-30,1,43,30
VCG,1.0,0.6720834857896169,4.291534423828125e-06,99.40844198887456,66.81077220879773,20,DSN-30,1,43,30
HoldBack,0.8176958535900102,0.6571938871805526,4.76837158203125e-06,81.2858708261458,65.33062040923093,20,DSN-30,1,43,30
LIA,0.9468396988964349,0.7269394062454444,1.9311904907226562e-05,91.28365609587627,70.08333811899855,17,DSN-30,1,44,30
VCG,1.0,0.5972566284621282,4.0531158447265625e-06,96.4087756378082,57.5807802915991,5,DSN-30,1,44,30
HoldBack,0.8675588060393952,0.5699594002782904,5.245208740234375e-06,83.64028228405681,54.94908794408942,5,DSN-30,1,44,30
LIA,0.9491665075555465,0.8378294543513096,1.811981201171875e-05,92.6778013869898,81.8067126773293,23,DSN-30,1,45,30
VCG,1.0,0.775349834702699,3.814697265625e-06,97.64124697748689,75.70612470415986,16,DSN-30,1,45,30
HoldBack,0.9119367135533681,0.5518641463680616,5.245208740234375e-06,89.04263787590213,53.884703413543875,16,DSN-30,1,45,30
LIA,0.9085214955219171,0.7264157312170033,1.8835067749023438e-05,84.77910792495409,67.78582342716304,1,DSN-30,1,46,30
VCG,1.0,0.6315664108086676,4.291534423828125e-06,93.31546732006726,58.93491476826839,29,DSN-30,1,46,30
HoldBack,0.9119833244734601,0.7062675057570083,5.0067901611328125e-06,85.10215011134946,65.90568235269352,29,DSN-30,1,46,30
LIA,0.9474160753732208,0.7290006641365518,2.002716064453125e-05,94.16781772730168,72.45855696131147,9,DSN-30,1,47,30
VCG,1.0,0.6154257368079734,3.814697265625e-06,99.39436344291038,61.16984935641261,23,DSN-30,1,47,30
HoldBack,0.8414915988865179,0.7097954526429417,5.0067901611328125e-06,83.63952181388231,70.54966719011763,23,DSN-30,1,47,30
LIA,0.8569310079563363,0.8317035837712331,1.811981201171875e-05,84.07756231034084,81.60238016713558,3,DSN-30,1,48,30
VCG,1.0,0.5840006254891517,4.0531158447265625e-06,98.11473914435,57.29906903000535,15,DSN-30,1,48,30
HoldBack,0.8761255122943257,0.5278153066836813,3.814697265625e-06,85.96082609646777,51.78646113166448,15,DSN-30,1,48,30
LIA,0.9609066683389971,0.7979730559282645,1.7881393432617188e-05,93.83561473263188,77.92462547121103,6,DSN-30,1,49,30
VCG,1.0,0.6814827396963031,4.0531158447265625e-06,97.6532038172179,66.54897287747914,24,DSN-30,1,49,30
HoldBack,0.8343320790475742,0.6827026647668996,5.0067901611328125e-06,81.47520056647592,66.66810246903982,24,DSN-30,1,49,30
LIA,0.8802346867381065,0.8079843049278577,1.7881393432617188e-05,80.33780236067534,73.74360994607662,20,DSN-30,1,50,30
VCG,1.0,0.681303244414396,4.0531158447265625e-06,91.26861684851781,62.181604772109594,9,DSN-30,1,50,30
HoldBack,0.8163172490736743,0.6696605242979786,4.76837158203125e-06,74.50414623254126,61.11898981072976,9,DSN-30,1,50,30
LIA,0.8823189622263892,0.785533135354488,1.8358230590820312e-05,87.63762403502348,78.02422993328571,26,DSN-30,1,51,30
VCG,1.0,0.64115892461951,3.814697265625e-06,99.32646558324453,63.68404985960983,19,DSN-30,1,51,30
HoldBack,0.8678742566020018,0.5820421434256473,5.245208740234375e-06,86.20288247896266,57.81218892696543,19,DSN-30,1,51,30
LIA,0.8735688928448159,0.6791832406029629,1.8835067749023438e-05,82.44509331674355,64.09949588329353,13,DSN-30,1,52,30
VCG,1.0,0.550568671327963,2.86102294921875e-06,94.37732271836906,51.96119717254283,1,DSN-30,1,52,30
HoldBack,0.8686121513155222,0.5071792639773031,5.245208740234375e-06,81.97728932180185,47.86622107245082,1,DSN-30,1,52,30
LIA,0.9550792070594356,0.7572910794404565,1.7881393432617188e-05,92.27547200204205,73.16606966395341,15,DSN-30,1,53,30
VCG,1.0,0.7732657059529535,4.0531158447265625e-06,96.61551766596008,74.70946647397868,14,DSN-30,1,53,30
HoldBack,0.9260300828658506,0.6183462039472389,4.0531158447265625e-06,89.46887583033607,59.74183859114382,14,DSN-30,1,53,30
LIA,0.9342864782902683,0.8301852851394647,1.9073486328125e-05,92.63999553071964,82.3177503817999,13,DSN-30,1,54,30
VCG,1.0,0.6381459850674518,3.814697265625e-06,99.15587743520551,63.27592508111674,29,DSN-30,1,54,30
HoldBack,0.8035230760183327,0.5808278586621094,5.245208740234375e-06,79.67403564203312,57.592495964452986,29,DSN-30,1,54,30
LIA,0.9254359725861142,0.8374732855448566,1.8835067749023438e-05,92.03995987858582,83.29156190625976,3,DSN-30,1,55,30
VCG,1.0,0.6988600497794355,3.814697265625e-06,99.45578365770871,69.50567391787908,20,DSN-30,1,55,30
HoldBack,0.8055017515828563,0.6005810954535187,5.0067901611328125e-06,80.11180794132999,59.731263498334854,20,DSN-30,1,55,30
LIA,0.9456525940022054,0.6625943881948962,1.9073486328125e-05,94.31150176155988,66.08163738542753,29,DSN-30,1,56,30
VCG,1.0,0.5628717836270735,4.0531158447265625e-06,99.73165870820837,56.1361366211758,18,DSN-30,1,56,30
HoldBack,0.868056562871979,0.6733550970273297,4.76837158203125e-06,86.57272086776862,67.15482072616217,18,DSN-30,1,56,30
LIA,0.9431528306405965,0.7957240668152581,1.7881393432617188e-05,94.18030132305273,79.45852458690612,25,DSN-30,1,57,30
VCG,1.0,0.5508357303725935,4.0531158447265625e-06,99.85688243026823,55.004738766207,8,DSN-30,1,57,30
HoldBack,0.9194653158811564,0.5426841355565181,5.0067901611328125e-06,91.81493994665408,54.19074592103897,8,DSN-30,1,57,30
LIA,0.9771073810626922,0.6538006520098173,1.8835067749023438e-05,95.73471458827674,64.05787125435006,12,DSN-30,1,58,30
VCG,1.0,0.5737061864987995,4.0531158447265625e-06,97.97768028745891,56.210401319716645,19,DSN-30,1,58,30
HoldBack,0.8500360244446241,0.6690577502443085,4.0531158447265625e-06,83.28455783585798,65.55272634728338,19,DSN-30,1,58,30
LIA,0.9272541277126234,0.7211098761445545,2.09808349609375e-05,89.74688454933032,69.79463651606905,11,DSN-30,1,59,30
VCG,1.0,0.5664756436356702,4.291534423828125e-06,96.78779728996243,54.827929765910234,20,DSN-30,1,59,30
HoldBack,0.9273682968199627,0.5082452247203106,5.0067901611328125e-06,89.75793472574826,49.191935783820824,20,DSN-30,1,59,30
LIA,0.9004942418757128,0.6714550477051356,1.811981201171875e-05,89.9754312720771,67.0903318284862,6,DSN-30,1,60,30
VCG,1.0,0.7409573460654585,3.814697265625e-06,99.9178307733095,74.034850714409,1,DSN-30,1,60,30
HoldBack,0.8837133045051518,0.5660236842310329,4.0531158447265625e-06,88.2987164116679,56.55585869468152,1,DSN-30,1,60,30
LIA,0.9532420735167162,0.7902070043139072,1.7881393432617188e-05,94.65087674973778,78.46253102967296,7,DSN-30,1,61,30
VCG,1.0,0.5930355129598492,3.814697265625e-06,99.29364154117769,58.884655645023706,27,DSN-30,1,61,30
HoldBack,0.8645122729864158,0.6713134624492405,5.245208740234375e-06,85.84057174186192,66.65715830220174,27,DSN-30,1,61,30
LIA,0.9225610359887526,0.6653408301215652,1.7881393432617188e-05,92.18510435506333,66.48287914165573,19,DSN-30,1,62,30
VCG,1.0,0.6236761317686683,4.0531158447265625e-06,99.92304114194911,62.31961577397232,6,DSN-30,1,62,30
HoldBack,0.9175199072319725,0.5459325699785557,5.0067901611328125e-06,91.68137943889772,54.55124265069723,6,DSN-30,1,62,30
LIA,0.8931385557459259,0.8064379235475635,1.7881393432617188e-05,87.8357789418125,79.30919869858188,14,DSN-30,1,63,30
VCG,1.0,0.7449675581404641,4.0531158447265625e-06,98.34507577433422,73.26389095474468,14,DSN-30,1,63,30
HoldBack,0.9176272797502742,0.5801230421424952,4.76837158203125e-06,90.2441243596369,57.05224453794098,14,DSN-30,1,63,30
LIA,0.9056724782521738,0.655375074122977,1.811981201171875e-05,90.41753460444124,65.42916988905452,2,DSN-30,1,64,30
VCG,1.0,0.5960316329028498,4.0531158447265625e-06,99.8346938607817,59.50463560219783,15,DSN-30,1,64,30
HoldBack,0.9057813489431665,0.6242005358967032,4.76837158203125e-06,90.4284036765469,62.316869408983244,15,DSN-30,1,64,30
LIA,0.9361006021906046,0.7749280478685229,1.811981201171875e-05,93.57602574064276,77.46463017414642,4,DSN-30,1,65,30
VCG,1.0,0.6460748975529221,3.814697265625e-06,99.96364228552139,64.58399994863518,18,DSN-30,1,65,30
HoldBack,0.8495155103662363,0.5278668018267111,5.0067901611328125e-06,84.92066459425259,52.767488152207555,18,DSN-30,1,65,30
LIA,0.9622231470665019,0.8406851356201515,1.8835067749023438e-05,94.96830576665864,82.97289797741853,15,DSN-30,1,66,30
VCG,1.0,0.6642975830821286,4.0531158447265625e-06,98.696758705281,65.56401826595821,22,DSN-30,1,66,30
HoldBack,0.9018549143655974,0.6540161435624101,4.76837158203125e-06,89.01015687031322,64.5492735105376,22,DSN-30,1,66,30
LIA,0.8562026762872227,0.7884580776292647,1.811981201171875e-05,83.59103191428584,76.97712954598934,19,DSN-30,1,67,30
VCG,1.0,0.7364665626517597,4.76837158203125e-06,97.6299586877772,71.90120008662058,28,DSN-30,1,67,30
HoldBack,0.9266899271847453,0.7361194441952403,5.245208740234375e-06,90.47269930742596,71.86731092605083,28,DSN-30,1,67,30
LIA,0.8709936278501246,0.6507795326460377,1.811981201171875e-05,86.09400283897746,64.32677936975378,1,DSN-30,1,68,30
VCG,1.0,0.6954129053005871,4.0531158447265625e-06,98.84573214557662,68.73859776791907,1,DSN-30,1,68,30
HoldBack,0.9165760808965834,0.7157914581280915,4.0531158447265625e-06,90.59963378334605,70.75293074222105,1,DSN-30,1,68,30
LIA,0.9781052356627282,0.8495156423951907,1.7881393432617188e-05,95.03272690236139,82.53895910119054,25,DSN-30,1,69,30
VCG,1.0,0.6986208875039212,3.814697265625e-06,97.16002270243519,67.8780212902764,2,DSN-30,1,69,30
HoldBack,0.8138855114418765,0.7064598867512679,4.0531158447265625e-06,79.0771347688758,68.63965863511298,2,DSN-30,1,69,30
LIA,0.9062680728836149,0.6712832452253855,1.811981201171875e-05,90.0450164864517,66.69738534545199,6,DSN-30,1,70,30
VCG,1.0,0.6722437540875286,3.814697265625e-06,99.35803674506748,66.79281962027078,16,DSN-30,1,70,30
HoldBack,0.8036169294271653,0.524978265956056,4.0531158447265625e-06,79.84580040298259,52.160809839223624,16,DSN-30,1,70,30
LIA,0.9227494850818678,0.6522914805116701,1.8835067749023438e-05,87.6272692701908,61.9437042550897,7,DSN-30,1,71,30
VCG,1.0,0.6857406700432926,4.0531158447265625e-06,94.96322749225524,65.12014725001274,8,DSN-30,1,71,30
HoldBack,0.9288550447665106,0.6598853973439445,4.0531158447265625e-06,88.20707292349107,62.66484710679024,8,DSN-30,1,71,30
LIA,0.9178493504485963,0.8200498100210054,1.7881393432617188e-05,87.92949179353921,78.56034653758104,1,DSN-30,1,72,30
VCG,1.0,0.694355288716765,4.0531158447265625e-06,95.79948141877959,66.51887657945306,19,DSN-30,1,72,30
HoldBack,0.9050546278046289,0.5681902479039054,4.76837158203125e-06,86.70376399935002,54.43233109640195,19,DSN-30,1,72,30
LIA,0.866525061738024,0.6515789682950975,1.9073486328125e-05,85.52583191594626,64.31070003976416,25,DSN-30,1,73,30
VCG,1.0,0.685213086136452,5.0067901611328125e-06,98.69977879739989,67.63038003075152,20,DSN-30,1,73,30
HoldBack,0.9368619868088931,0.5727685667682104,5.0067901611328125e-06,92.46807086173033,56.532130842126136,20,DSN-30,1,73,30
LIA,0.8898525312255947,0.7473064953130824,1.811981201171875e-05,88.50311912726389,74.32574888355776,9,DSN-30,1,74,30
VCG,1.0,0.6560883990315226,4.0531158447265625e-06,99.45818663387793,65.25336243919935,2,DSN-30,1,74,30
HoldBack,0.8945148094450961,0.5856850483851569,5.245208740234375e-06,88.96682086455812,58.25117285096276,2,DSN-30,1,74,30
LIA,0.9143073540807997,0.7581764387587717,1.9073486328125e-05,90.38886122688149,74.95368445040594,28,DSN-30,1,75,30
VCG,1.0,0.6654451809088973,3.814697265625e-06,98.86047708514177,65.78622805866206,12,DSN-30,1,75,30
HoldBack,0.8776925594333979,0.5790568291885592,5.0067901611328125e-06,86.76910515966486,57.2458343929904,12,DSN-30,1,75,30
LIA,0.9532263105209701,0.6949902234357684,1.7881393432617188e-05,94.53689188022803,68.92614574901347,9,DSN-30,1,76,30
VCG,1.0,0.6396993097457909,4.291534423828125e-06,99.17570553477532,63.44263037414759,22,DSN-30,1,76,30
HoldBack,0.800309925873189,0.6659125845197986,4.76837158203125e-06,79.37130154495726,66.04235039423673,22,DSN-30,1,76,30
LIA,0.8510178177626334,0.7091728033085642,2.09808349609375e-05,79.13101830569319,65.94170522545053,12,DSN-30,1,77,30
VCG,1.0,0.6375264884342022,5.0067901611328125e-06,92.98397360672475,59.27974617415377,6,DSN-30,1,77,30
HoldBack,0.9214427255687353,0.6522562912324279,5.0067901611328125e-06,85.67940607439179,60.649381768776244,6,DSN-30,1,77,30
LIA,0.9282483621832033,0.803119627570325,1.8835067749023438e-05,91.06020705883464,78.78520723436972,28,DSN-30,1,78,30
VCG,1.0,0.6375623187552205,4.0531158447265625e-06,98.09896873360988,62.544205973296194,11,DSN-30,1,78,30
HoldBack,0.9314052700789132,0.7194965500174904,4.76837158203125e-06,91.36989646779077,70.58186956410596,11,DSN-30,1,78,30
LIA,0.9222888052609169,0.8163344264066735,1.9073486328125e-05,89.21524171900427,78.9660166750181,4,DSN-30,1,79,30
VCG,1.0,0.5850872528187144,4.0531158447265625e-06,96.73243479710798,56.59691453390533,4,DSN-30,1,79,30
HoldBack,0.8093808722086755,0.6470448230907322,4.76837158203125e-06,78.2933824469521,62.590221160430524,4,DSN-30,1,79,30
LIA,0.8542245310196324,0.6728286183123869,1.8835067749023438e-05,82.59224029818768,65.0536491346408,29,DSN-30,1,80,30
VCG,1.0,0.7243239381967257,4.0531158447265625e-06,96.68680458005892,70.03256706508549,9,DSN-30,1,80,30
HoldBack,0.8127836839347745,0.6674956813586554,4.76837158203125e-06,78.58545721446191,64.5380245015576,9,DSN-30,1,80,30
LIA,0.8891567767219315,0.7329931728361846,1.8835067749023438e-05,84.67178096669656,69.80078092558786,8,DSN-30,1,81,30
VCG,1.0,0.7421757254880281,4.0531158447265625e-06,95.22705464705265,70.6752083687644,9,DSN-30,1,81,30
HoldBack,0.9155427627996898,0.6216669061048391,5.245208740234375e-06,87.18444070483963,59.199508439909664,9,DSN-30,1,81,30
LIA,0.9574575781240834,0.8483732393947765,1.7881393432617188e-05,84.93570479655459,75.25887377664381,28,DSN-30,1,82,30
VCG,1.0,0.753614671504582,4.0531158447265625e-06,88.70962718052371,66.85287654694432,17,DSN-30,1,82,30
HoldBack,0.8484136250764921,0.7437622496791187,5.245208740234375e-06,75.26245637541224,65.97887187998222,17,DSN-30,1,82,30
LIA,0.9045790263448236,0.8341337020594675,2.1219253540039062e-05,85.56500742446569,78.90151587762801,29,DSN-30,1,83,30
VCG,1.0,0.6186072956821289,4.0531158447265625e-06,94.59096986828489,58.51466406616945,21,DSN-30,1,83,30
HoldBack,0.9264399925439794,0.6280758692757528,5.245208740234375e-06,87.63285741950163,59.41030562565957,21,DSN-30,1,83,30
LIA,0.9452771908594579,0.6632046845649071,1.811981201171875e-05,90.66216356411434,63.60840203267966,22,DSN-30,1,84,30
VCG,1.0,0.5641085961778508,3.814697265625e-06,95.91066455510595,54.104030340665574,16,DSN-30,1,84,30
HoldBack,0.8858358454347524,0.6503985822528618,5.0067901611328125e-06,84.96110462238121,62.38016024957072,16,DSN-30,1,84,30
LIA,0.9368743125845195,0.7678129712596505,1.7881393432617188e-05,92.08839662420613,75.47081233929137,11,DSN-30,1,85,30
VCG,1.0,0.6818755564915929,3.814697265625e-06,98.29322395462565,67.02374678341313,4,DSN-30,1,85,30
HoldBack,0.9326165170613555,0.5729360732803758,5.0067901611328125e-06,91.66988417529477,56.31573376263179,4,DSN-30,1,85,30
LIA,0.9371097143137525,0.6665169397911405,1.7881393432617188e-05,93.4241364331959,66.44768330427914,21,DSN-30,1,86,30
VCG,1.0,0.557537101306936,4.0531158447265625e-06,99.69391524407641,55.58305652312172,15,DSN-30,1,86,30
HoldBack,0.8952822365848632,0.6449218811968715,4.0531158447265625e-06,89.25419141361851,64.29478736309123,15,DSN-30,1,86,30
LIA,0.8518772415442732,0.7987795902395259,1.7881393432617188e-05,82.95959092575727,77.78870571302981,9,DSN-30,1,87,30
VCG,1.0,0.7185599223456819,4.0531158447265625e-06,97.3844432976858,69.97655801366257,19,DSN-30,1,87,30
HoldBack,0.8393742764002864,0.6473245500499887,4.76837158203125e-06,81.74199662563974,63.0393409395431,19,DSN-30,1,87,30
LIA,0.9783513576752967,0.7754893764606937,1.811981201171875e-05,92.87157225578514,73.61457322520114,14,DSN-30,1,88,30
VCG,1.0,0.6677792753848125,4.0531158447265625e-06,94.9266043606883,63.390019074721216,9,DSN-30,1,88,30
HoldBack,0.8857730096175593,0.7310772339682622,4.76837158203125e-06,84.08342403734221,69.39867934601158,9,DSN-30,1,88,30
LIA,0.8976651614904304,0.6930486712764655,1.8358230590820312e-05,89.46526687826959,69.07228551950449,26,DSN-30,1,89,30
VCG,1.0,0.7637949508797509,3.814697265625e-06,99.66440797337698,76.12317159248492,9,DSN-30,1,89,30
HoldBack,0.8586428193522937,0.7052745682975043,5.0067901611328125e-06,85.57612825133764,70.2907723080498,9,DSN-30,1,89,30
LIA,0.9763205864141308,0.6928215897429305,1.811981201171875e-05,94.23437523609255,66.87107756202542,16,DSN-30,1,90,30
VCG,1.0,0.7442826018861388,4.0531158447265625e-06,96.51991010678195,71.8380898280919,19,DSN-30,1,90,30
HoldBack,0.906429026230903,0.5680349283766868,5.0067901611328125e-06,87.48844812998466,54.826680224430135,19,DSN-30,1,90,30
LIA,0.9244977752123372,0.7304663786168645,1.811981201171875e-05,90.28345084603355,71.33497468221461,27,DSN-30,1,91,30
VCG,1.0,0.6652716785457632,4.0531158447265625e-06,97.65675296005702,64.96827196306606,28,DSN-30,1,91,30
HoldBack,0.8594822144178205,0.6956826778163063,4.76837158203125e-06,83.93424228696385,67.93811140609796,28,DSN-30,1,91,30
LIA,0.8675762827827481,0.8098272736736706,1.9073486328125e-05,85.66150970910755,79.95957040686946,9,DSN-30,1,92,30
VCG,1.0,0.7660349607511378,4.0531158447265625e-06,98.73657384264648,75.63566746825352,6,DSN-30,1,92,30
HoldBack,0.8903254253739402,0.7248723770405741,5.0067901611328125e-06,87.90768210641968,71.57141498216131,6,DSN-30,1,92,30
LIA,0.9762986145246848,0.6605287136199257,1.811981201171875e-05,96.07355184458383,64.99992796127817,25,DSN-30,1,93,30
VCG,1.0,0.6896579842069404,3.814697265625e-06,98.40590820807182,67.86642028883202,4,DSN-30,1,93,30
HoldBack,0.9148417504563797,0.7224853582382131,5.245208740234375e-06,90.02583332032225,71.0968278444655,4,DSN-30,1,93,30
LIA,0.9688634069071809,0.6688553496674019,1.9073486328125e-05,96.12091097275018,66.35712016852675,19,DSN-30,1,94,30
VCG,1.0,0.7198358073462755,3.814697265625e-06,99.20997148564902,71.41488992117313,26,DSN-30,1,94,30
HoldBack,0.8758518825438589,0.5662604229952636,5.245208740234375e-06,86.89324029282825,56.17868041881165,26,DSN-30,1,94,30
LIA,0.8597759669073239,0.844638110149323,1.7881393432617188e-05,85.52385097090335,84.01805428057821,15,DSN-30,1,95,30
VCG,1.0,0.6128419172254775,3.814697265625e-06,99.4722512174175,60.96076514681648,27,DSN-30,1,95,30
HoldBack,0.8374838173368017,0.6786373319019356,5.245208740234375e-06,83.30640066864812,67.50558316446728,27,DSN-30,1,95,30
LIA,0.9395078429125979,0.6605859778289964,1.7881393432617188e-05,92.50210789525312,65.0400056329426,10,DSN-30,1,96,30
VCG,1.0,0.7372090493123644,4.291534423828125e-06,98.45804757572265,72.58416365045004,29,DSN-30,1,96,30
HoldBack,0.9495954125738478,0.5886449084275427,3.814697265625e-06,93.49531030888389,57.9568283991659,29,DSN-30,1,96,30
LIA,0.9791383982811018,0.7244361497523124,1.7881393432617188e-05,95.33355259506015,70.53453516419808,18,DSN-30,1,97,30
VCG,1.0,0.642994892587069,4.291534423828125e-06,97.36473695896333,62.60502858269685,16,DSN-30,1,97,30
HoldBack,0.8745736529067453,0.6312220881139166,3.814697265625e-06,85.15263366650495,61.45877257189906,16,DSN-30,1,97,30
LIA,0.9157559410236251,0.8468291938422274,1.811981201171875e-05,87.72941409671071,81.12623209708651,28,DSN-30,1,98,30
VCG,1.0,0.6168958875865704,3.814697265625e-06,95.79999448176928,59.09862262661961,18,DSN-30,1,98,30
HoldBack,0.9480016792167891,0.6048818730375743,5.245208740234375e-06,90.81855563767641,57.94768009912188,18,DSN-30,1,98,30
LIA,0.897866045278213,0.7613423694885852,1.7881393432617188e-05,88.67165378225171,75.18881836781397,19,DSN-30,1,99,30
VCG,1.0,0.5626340328482251,3.814697265625e-06,98.75822150594401,55.56473644280759,4,DSN-30,1,99,30
HoldBack,0.8596081726889432,0.6948109142527511,5.245208740234375e-06,84.89337432673442,68.61829017452067,4,DSN-30,1,99,30
LIA,0.927230091828863,0.7861626815587646,1.8835067749023438e-05,89.53053560970648,75.90949277486372,7,DSN-30,2,0,30
VCG,1.0,0.7081079562505435,4.0531158447265625e-06,96.55697803456421,68.37276437778388,20,DSN-30,2,0,30
HoldBack,0.9408053734313101,0.6842798981852453,4.76837158203125e-06,90.841323777207,66.07199909856656,20,DSN-30,2,0,30
LIA,0.8709288691759084,0.6731712692671351,1.8835067749023438e-05,83.24821481582309,64.3454458971113,7,DSN-30,2,1,30
VCG,1.0,0.5827191658123086,4.0531158447265625e-06,95.58554982176022,55.699531855846985,7,DSN-30,2,1,30
HoldBack,0.8799028204303377,0.6190756179678918,5.0067901611328125e-06,84.10599488055139,59.17468332470692,7,DSN-30,2,1,30
LIA,0.9189932618162592,0.767403974098564,1.8835067749023438e-05,90.62476912176948,75.67608040821032,4,DSN-30,2,2,30
VCG,1.0,0.7429531608188611,3.814697265625e-06,98.61309422733147,73.2649100543241,5,DSN-30,2,2,30
HoldBack,0.8551059971581645,0.5243358679180234,5.0067901611328125e-06,84.32464827211432,51.706382349769676,5,DSN-30,2,2,30
LIA,0.9729661860954775,0.7368175018189911,1.811981201171875e-05,97.03210147959656,73.48143402121002,21,DSN-30,2,3,30
VCG,1.0,0.608483215614384,4.0531158447265625e-06,99.72813327561497,60.68289522276604,12,DSN-30,2,3,30
HoldBack,0.9265367793882269,0.5947265939659659,5.0067901611328125e-06,92.40178341958816,59.3109730255904,12,DSN-30,2,3,30
LIA,0.8864415635185543,0.8497713867286933,1.811981201171875e-05,88.00785068334203,84.36715559832835,24,DSN-30,2,4,30
VCG,1.0,0.7467069201399401,4.0531158447265625e-06,99.28217979086212,74.13469069641445,0,DSN-30,2,4,30
HoldBack,0.9462647937600773,0.5953342323627829,4.76837158203125e-06,93.94723138385106,59.106080293096696,0,DSN-30,2,4,30
LIA,0.94894867191153,0.8213836914655304,1.9073486328125e-05,90.3480964946023,78.20281034392869,8,DSN-30,2,5,30
VCG,1.0,0.6880052874110717,4.0531158447265625e-06,95.20862315198583,65.50403613569443,5,DSN-30,2,5,30
HoldBack,0.857879196247443,0.6085726789066755,5.0067901611328125e-06,81.6774971054513,57.94136684662015,5,DSN-30,2,5,30
LIA,0.9313958907873705,0.7796755495725566,1.811981201171875e-05,92.8630239251907,77.73604106481022,22,DSN-30,2,6,30
VCG,1.0,0.6793209218178526,3.814697265625e-06,99.70306380317767,67.73037721083884,3,DSN-30,2,6,30
HoldBack,0.933135315004377,0.7056077427700123,5.245208740234375e-06,93.03644984887968,70.35125379741471,3,DSN-30,2,6,30
LIA,0.8506349172649793,0.7178900941961301,2.09808349609375e-05,84.9689824856932,71.7092487062839,7,DSN-30,2,7,30
VCG,1.0,0.594889878722737,5.0067901611328125e-06,99.8888956485485,59.42289301811315,22,DSN-30,2,7,30
HoldBack,0.9389016187646806,0.5963425713250531,5.0067901611328125e-06,93.78584582103845,59.56800087787532,22,DSN-30,2,7,30
LIA,0.9041123712787766,0.698076651581553,1.8358230590820312e-05,82.71069335918402,63.86197745364612,25,DSN-30,2,8,30
VCG,1.0,0.7376832895437209,3.814697265625e-06,91.48275810251108,67.48530193359286,0,DSN-30,2,8,30
HoldBack,0.9251007688260494,0.7076445912114199,5.245208740234375e-06,84.6307698549605,64.73727896034467,0,DSN-30,2,8,30
LIA,0.9197796868302361,0.8478764459023488,1.811981201171875e-05,91.06796584028513,83.9487806893358,23,DSN-30,2,9,30
VCG,1.0,0.6035094200587752,4.0531158447265625e-06,99.01062954991477,59.75384761932329,28,DSN-30,2,9,30
HoldBack,0.820176296037974,0.6248576006536288,4.76837158203125e-06,81.20617141263708,61.867544419765025,28,DSN-30,2,9,30
LIA,0.9169512717717794,0.7611099260694605,1.7881393432617188e-05,91.26469714913578,75.75371673318209,1,DSN-30,2,10,30
VCG,1.0,0.7770143282390445,4.0531158447265625e-06,99.53058571235694,77.33669119652566,25,DSN-30,2,10,30
HoldBack,0.9435903735639806,0.7370185513640235,5.0067901611328125e-06,93.91610255336467,73.35588809813409,25,DSN-30,2,10,30
LIA,0.8991063796065569,0.71205803406638,1.7881393432617188e-05,89.16146398131522,70.6124861273898,10,DSN-30,2,11,30
VCG,1.0,0.6165927298023666,4.0531158447265625e-06,99.16675713093227,61.14550148500983,7,DSN-30,2,11,30
HoldBack,0.83788489871484,0.7295744810920337,5.245208740234375e-06,83.09032825453032,72.34953537537965,7,DSN-30,2,11,30
LIA,0.915010662201428,0.6787029051772154,1.811981201171875e-05,89.0365829183748,66.04227687179699,12,DSN-30,2,12,30
VCG,1.0,0.7211992333169743,3.814697265625e-06,97.3066070117274,70.17745037353392,29,DSN-30,2,12,30
HoldBack,0.9164342577461617,0.6459403197341835,4.0531158447265625e-06,89.17510817058985,62.854260845403736,29,DSN-30,2,12,30
LIA,0.9602277414651893,0.734339915882414,1.8835067749023438e-05,94.72912677775712,72.44466701560563,16,DSN-30,2,13,30
VCG,1.0,0.6542886081093626,4.0531158447265625e-06,98.65277026178407,64.54738374071542,15,DSN-30,2,13,30
HoldBack,0.9239635166266753,0.7155232556837776,4.0531158447265625e-06,91.1515605360415,70.5883513599355,15,DSN-30,2,13,30
LIA,0.971161416502375,0.6712290564081586,1.8835067749023438e-05,95.04372592669274,65.69053237416541,20,DSN-30,2,14,30
VCG,1.0,0.5927055449411053,4.0531158447265625e-06,97.86604400841156,58.005746945235764,20,DSN-30,2,14,30
HoldBack,0.8108989724140524,0.5290673560854228,4.76837158203125e-06,79.35947452064937,51.77772915406994,20,DSN-30,2,14,30
LIA,0.8696942067125282,0.6801313706630113,1.811981201171875e-05,81.97809721843066,64.10974707567138,5,DSN-30,2,15,30
VCG,1.0,0.7478363034806084,4.291534423828125e-06,94.26082936473784,70.49167019514194,8,DSN-30,2,15,30
HoldBack,0.914682279101157,0.6324690229011017,5.0067901611328125e-06,86.21871023330367,59.617054646163226,8,DSN-30,2,15,30
LIA,0.8778641356822667,0.6711160686742221,1.811981201171875e-05,81.74242332917866,62.491052497487935,28,DSN-30,2,16,30
VCG,1.0,0.5873173528014035,3.814697265625e-06,93.11511885110708,54.68812510942028,4,DSN-30,2,16,30
HoldBack,0.9398585462369347,0.6328196399760275,5.0067901611328125e-06,87.51504023608089,58.9250759876826,4,DSN-30,2,16,30
LIA,0.9159130687835266,0.8454970552483461,1.811981201171875e-05,87.22946810528195,80.52320785404858,29,DSN-30,2,17,30
VCG,1.0,0.5553985086332333,4.0531158447265625e-06,95.23771532284837,52.89488505594641,25,DSN-30,2,17,30
HoldBack,0.8602606845581645,0.6662919994190761,4.76837158203125e-06,81.92926217938914,63.45612776256543,25,DSN-30,2,17,30
LIA,0.9772820013722437,0.7273558375641016,1.811981201171875e-05,97.64601265905232,72.6744145729614,13,DSN-30,2,18,30
VCG,1.0,0.5901040516065226,4.0531158447265625e-06,99.91590198319763,58.9607785802051,9,DSN-30,2,18,30
HoldBack,0.8347574606054865,0.6530955488362535,5.0067901611328125e-06,83.40554461360074,65.25463084318577,9,DSN-30,2,18,30
LIA,0.9529253652935183,0.769153159625225,1.7881393432617188e-05,92.51650620325522,74.67464468405886,14,DSN-30,2,19,30
VCG,1.0,0.7767978290854516,4.0531158447265625e-06,97.0868334213755,75.41684143450536,29,DSN-30,2,19,30
HoldBack,0.8589619269511142,0.5721033592356906,4.0531158447265625e-06,83.39389351720654,55.543703537924834,29,DSN-30,2,19,30
LIA,0.8928432565903519,0.7149723608753373,1.811981201171875e-05,80.21871688091296,64.23766430601094,7,DSN-30,2,20,30
VCG,1.0,0.7760303705708067,8.821487426757812e-06,89.84636025281462,69.72350424142992,24,DSN-30,2,20,30
HoldBack,0.8748676747992784,0.58005345806045,4.76837158203125e-06,78.60367628355823,52.11569195879008,24,DSN-30,2,20,30
LIA,0.9641886782093395,0.8176674132899229,1.9073486328125e-05,95.61916971186933,81.08856795999351,21,DSN-30,2,21,30
VCG,1.0,0.5632745732917595,4.0531158447265625e-06,99.17059997992324,55.86027738677903,1,DSN-30,2,21,30
HoldBack,0.9420699778103612,0.5202748298267492,5.0067901611328125e-06,93.42564492252649,51.595967028371184,1,DSN-30,2,21,30
LIA,0.9608189550152684,0.7393288901680918,1.9073486328125e-05,94.52562164968498,72.73537078127272,4,DSN-30,2,22,30
VCG,1.0,0.6208082683126703,4.0531158447265625e-06,98.38026316641815,61.075280812488835,24,DSN-30,2,22,30
HoldBack,0.9314388539500809,0.5237779428718481,5.0067901611328125e-06,91.63519957503587,51.52941186049755,24,DSN-30,2,22,30
LIA,0.9285594733724984,0.6506235913197898,1.811981201171875e-05,90.95822170928808,63.732659636350895,6,DSN-30,2,23,30
VCG,1.0,0.7534806813688257,3.814697265625e-06,97.95626916489336,73.80815643471195,9,DSN-30,2,23,30
HoldBack,0.9480946746244218,0.6300694580407082,5.245208740234375e-06,92.87181714131185,61.7192534244141,9,DSN-30,2,23,30
LIA,0.9367627106469409,0.8107947440291705,1.7881393432617188e-05,93.05042948772056,80.53779073485704,25,DSN-30,2,24,30
VCG,1.0,0.5672996317936061,4.76837158203125e-06,99.33191023739478,56.35095610302959,22,DSN-30,2,24,30
HoldBack,0.9041605299461793,0.6304612688366447,5.245208740234375e-06,89.81199260080918,62.624922164235606,22,DSN-30,2,24,30
LIA,0.9077099803699293,0.7445722173457079,1.8835067749023438e-05,85.61124894670714,70.2248062007723,29,DSN-30,2,25,30
VCG,1.0,0.625243130292908,4.0531158447265625e-06,94.31564133713393,58.970206825212806,23,DSN-30,2,25,30
HoldBack,0.8470605420251859,0.6060684371070306,3.814697265625e-06,79.8910582724857,57.16173333994401,23,DSN-30,2,25,30
LIA,0.8566365709740971,0.6676856376582361,1.7881393432617188e-05,85.51250382499914,66.65075083033473,1,DSN-30,2,26,30
VCG,1.0,0.7557448991801153,4.291534423828125e-06,99.82355029246686,75.44113895158154,26,DSN-30,2,26,30
HoldBack,0.8801913748868475,0.5535779124965023,4.76837158203125e-06,87.86382797801278,55.26011258889342,26,DSN-30,2,26,30
LIA,0.9591402419289138,0.756930275550713,1.811981201171875e-05,94.83844394583913,74.84420564437671,28,DSN-30,2,27,30
VCG,1.0,0.7941323495130593,4.0531158447265625e-06,98.8785996040692,78.52269462014053,13,DSN-30,2,27,30
HoldBack,0.8431942974879246,0.6311282548878603,5.0067901611328125e-06,83.37387132974291,62.405078013871666,13,DSN-30,2,27,30
LIA,0.8773984664511914,0.6531263307776694,1.7881393432617188e-05,87.06972024244969,64.81379792444942,3,DSN-30,2,28,30
VCG,1.0,0.7083122436275288,3.814697265625e-06,99.2362348142915,70.2902401304591,20,DSN-30,2,28,30
HoldBack,0.8316272802731176,0.7061517093892583,5.0067901611328125e-06,82.52756006315371,70.07583684746578,20,DSN-30,2,28,30
LIA,0.88469925211045,0.7022846203964888,1.7881393432617188e-05,83.46349669586522,66.25430049159974,9,DSN-30,2,29,30
VCG,1.0,0.7976853108558686,4.0531158447265625e-06,94.34109557204107,75.25450614786679,29,DSN-30,2,29,30
HoldBack,0.8999609914144869,0.7146327189537598,4.76837158203125e-06,84.90330590214295,67.41923363772422,29,DSN-30,2,29,30
LIA,0.8668661161916841,0.7007702501714645,1.9073486328125e-05,84.88275926041648,68.61879975593962,27,DSN-30,2,30,30
VCG,1.0,0.5502813709086407,4.0531158447265625e-06,97.91911077724826,53.88306251665923,2,DSN-30,2,30,30
HoldBack,0.8388935991474411,0.6805994043263501,5.0067901611328125e-06,82.14371526524279,66.64368846716106,2,DSN-30,2,30,30
LIA,0.9354096076607172,0.7026279895742215,1.9073486328125e-05,92.05363796141627,69.14560428299883,16,DSN-30,2,31,30
VCG,1.0,0.5568649907013119,3.814697265625e-06,98.40997698497563,54.80107091865477,26,DSN-30,2,31,30
HoldBack,0.8040450142556771,0.5546843139090876,5.245208740234375e-06,79.12605134778559,54.586470565720305,26,DSN-30,2,31,30
LIA,0.9247459122655679,0.7898092663294867,1.8835067749023438e-05,90.85253867480021,77.59555999454733,10,DSN-30,2,32,30
VCG,1.0,0.5742859853779361,3.814697265625e-06,98.2459478541704,56.42127097282157,27,DSN-30,2,32,30
HoldBack,0.8723905412575025,0.6480750402412834,5.245208740234375e-06,85.70883562485608,63.670746609134504,27,DSN-30,2,32,30
LIA,0.9539554947971469,0.7043752615066736,1.7881393432617188e-05,94.84232495450681,70.0290399353874,19,DSN-30,2,33,30
VCG,1.0,0.7954068323768184,4.0531158447265625e-06,99.42007302413461,79.07940535879888,1,DSN-30,2,33,30
HoldBack,0.9193141169881034,0.6176164685266253,5.0067901611328125e-06,91.39827664307506,61.40347440182523,1,DSN-30,2,33,30
LIA,0.929035316732057,0.7228546884768071,1.9073486328125e-05,89.615051313469,69.72680029850095,11,DSN-30,2,34,30
VCG,1.0,0.6214025362608093,4.0531158447265625e-06,96.46032793316819,59.9406924262201,29,DSN-30,2,34,30
HoldBack,0.908433591203312,0.7212257936112343,5.0067901611328125e-06,87.62780211297712,69.56967656559914,29,DSN-30,2,34,30
LIA,0.9136404879547343,0.7675020851070669,1.7881393432617188e-05,90.45017694568944,75.98251207050184,4,DSN-30,2,35,30
VCG,1.0,0.7004526834283583,4.0531158447265625e-06,98.99974676929021,69.34463828327728,15,DSN-30,2,35,30
HoldBack,0.9442991017485757,0.6773455669071373,3.814697265625e-06,93.4853719475772,67.05703959910791,15,DSN-30,2,35,30
LIA,0.9419919590289324,0.806944942816314,1.811981201171875e-05,92.03737742145888,78.84260109490123,28,DSN-30,2,36,30
VCG,1.0,0.7100901695518977,3.814697265625e-06,97.70505633226117,69.37940001705306,5,DSN-30,2,36,30
HoldBack,0.8488047146026585,0.7119281580352234,5.0067901611328125e-06,82.93251245534161,69.55898078535442,5,DSN-30,2,36,30
LIA,0.9188174922206096,0.6597963602911031,1.9788742065429688e-05,86.80321353990243,62.33277537716687,27,DSN-30,2,37,30
VCG,1.0,0.7484912674969748,3.814697265625e-06,94.4727481516654,70.71202700796252,11,DSN-30,2,37,30
HoldBack,0.8457306873031695,0.577052817528825,5.0067901611328125e-06,79.89850222572721,54.51576550060961,11,DSN-30,2,37,30
LIA,0.8576887100696075,0.6513045469414976,1.7881393432617188e-05,82.40621277424903,62.57694714407642,14,DSN-30,2,38,30
VCG,1.0,0.7844929112956553,3.0994415283203125e-06,96.07939548086296,75.37360467630882,18,DSN-30,2,38,30
HoldBack,0.8101280002444441,0.6936266498026198,5.245208740234375e-06,77.83660852560658,66.64322920245193,18,DSN-30,2,38,30
LIA,0.9616827133528081,0.7742729968632083,1.7881393432617188e-05,86.64763047808383,69.76201151361366,26,DSN-30,2,39,30
VCG,1.0,0.6251207739868516,4.0531158447265625e-06,90.10001872238688,56.32339343996831,25,DSN-30,2,39,30
HoldBack,0.8169775368089554,0.6889258068474919,3.814697265625e-06,73.6096913622564,62.07222809529451,25,DSN-30,2,39,30
LIA,0.9700029684127348,0.7326882108771747,1.7881393432617188e-05,94.60192052978435,71.45721627216659,15,DSN-30,2,40,30
VCG,1.0,0.5578282397611377,3.0994415283203125e-06,97.52745466808858,54.403568365884006,7,DSN-30,2,40,30
HoldBack,0.9214814062266183,0.5862900824900552,4.76837158203125e-06,89.86973607325304,57.179379442398776,7,DSN-30,2,40,30
LIA,0.9746776946517862,0.7225154502465834,1.811981201171875e-05,94.49377233635174,70.04696100026032,1,DSN-30,2,41,30
VCG,1.0,0.7404241570344031,5.0067901611328125e-06,96.94873788007493,71.78318752040379,21,DSN-30,2,41,30
HoldBack,0.9277486496104138,0.6003351410252755,5.0067901611328125e-06,89.94406064967349,58.20173422745725,21,DSN-30,2,41,30
LIA,0.8728981949734956,0.8268876604606706,1.7881393432617188e-05,84.07107835130304,79.63968500636607,29,DSN-30,2,42,30
VCG,1.0,0.5521117544016579,4.0531158447265625e-06,96.31258127857137,53.17530822066431,7,DSN-30,2,42,30
HoldBack,0.8665588075390068,0.6585862001298214,5.245208740234375e-06,83.46051558376249,63.4301369289489,7,DSN-30,2,42,30
LIA,0.8828522595988212,0.8222150521051649,1.7881393432617188e-05,87.42319528747197,81.4186816502596,7,DSN-30,2,43,30
VCG,1.0,0.7517948036050639,4.291534423828125e-06,99.02358445250866,74.4454162257432,13,DSN-30,2,43,30
HoldBack,0.8950331485159597,0.5715415988611783,4.76837158203125e-06,88.62939056986487,56.596097782951716,13,DSN-30,2,43,30
LIA,0.963204966129215,0.7223399219343948,2.002716064453125e-05,93.24726377523857,69.92927113601056,26,DSN-30,2,44,30
VCG,1.0,0.786479209061161,4.0531158447265625e-06,96.80936774025035,76.13855497006317,0,DSN-30,2,44,30
HoldBack,0.9407077736163031,0.5366244887555628,3.814697265625e-06,91.06932479213286,51.950277470361115,0,DSN-30,2,44,30
LIA,0.9698694557753549,0.7018776014975429,1.811981201171875e-05,91.80385550117336,66.4368483033404,14,DSN-30,2,45,30
VCG,1.0,0.7939891309930129,3.814697265625e-06,94.65588894928283,75.15574701021221,2,DSN-30,2,45,30
HoldBack,0.8985373145146672,0.6486828594248251,5.0067901611328125e-06,85.05184825948716,61.40165270501949,2,DSN-30,2,45,30
LIA,0.8733902490574786,0.6552085352684763,6.890296936035156e-05,85.94272676239733,64.47336477563924,2,DSN-30,2,46,30
VCG,1.0,0.76195598004191,6.9141387939453125e-06,98.4012895210848,74.97745099442591,0,DSN-30,2,46,30
HoldBack,0.8177477998112698,0.6314941454841467,5.0067901611328125e-06,80.46743800445886,62.13983824065557,0,DSN-30,2,46,30
LIA,0.9023594800797089,0.7538839259185905,2.002716064453125e-05,88.92529263880277,74.29339438211292,4,DSN-30,2,47,30
VCG,1.0,0.7949557420414738,5.9604644775390625e-06,98.54752413189881,78.34092017262367,16,DSN-30,2,47,30
HoldBack,0.8241704545167704,0.6608256435284089,6.198883056640625e-06,81.21995775528944,65.12273105259344,16,DSN-30,2,47,30
LIA,0.9239759059907021,0.6715441181845776,1.9311904907226562e-05,90.97700379778105,66.1219317455564,0,DSN-30,2,48,30
VCG,1.0,0.6203875975175108,4.76837158203125e-06,98.46252830611856,61.084931381332794,8,DSN-30,2,48,30
HoldBack,0.8287379182106456,0.6246719889140989,5.245208740234375e-06,81.59963073016945,61.506783390493844,8,DSN-30,2,48,30
LIA,0.9674531089266282,0.6510436520266955,1.811981201171875e-05,90.82253535006745,61.11865738509498,26,DSN-30,2,49,30
VCG,1.0,0.6125400096767578,3.814697265625e-06,93.87797146141111,57.504013547407155,14,DSN-30,2,49,30
HoldBack,0.8471613430867226,0.5255945279449608,5.245208740234375e-06,79.52978838950605,49.34174809469087,14,DSN-30,2,49,30
LIA,0.8679744908346712,0.754669263210547,1.8835067749023438e-05,82.27321552413218,71.5332853640118,29,DSN-30,2,50,30
VCG,1.0,0.6981234046851691,4.0531158447265625e-06,94.7875961711913,66.17343936095497,17,DSN-30,2,50,30
HoldBack,0.949203812855064,0.5591391497449232,4.76837158203125e-06,89.97274769706085,52.999455929525034,17,DSN-30,2,50,30
LIA,0.9307085394700756,0.80516620309465,1.7881393432617188e-05,92.03388624783706,79.61952813757165,2,DSN-30,2,51,30
VCG,1.0,0.6346188573509304,4.0531158447265625e-06,98.88582982191082,62.7548123297796,5,DSN-30,2,51,30
HoldBack,0.8509973505740784,0.6443872259192525,5.0067901611328125e-06,84.15157918776531,63.7207655616644,5,DSN-30,2,51,30
LIA,0.855073208567246,0.8291121650160659,1.811981201171875e-05,82.12904959946185,79.63551359329779,17,DSN-30,2,52,30
VCG,1.0,0.790604161790009,2.86102294921875e-06,96.04914383538767,75.93685285262468,7,DSN-30,2,52,30
HoldBack,0.9224155097779555,0.5088429767228733,5.245208740234375e-06,88.59721997465529,48.87393226088207,7,DSN-30,2,52,30
LIA,0.9591220255610595,0.7071382743560343,1.9073486328125e-05,88.85761969947386,65.5126482169088,20,DSN-30,2,53,30
VCG,1.0,0.7862108910752534,4.0531158447265625e-06,92.64474939723613,72.83831097704456,11,DSN-30,2,53,30
HoldBack,0.9008015152161007,0.6224736033684235,5.0067901611328125e-06,83.45453063384623,57.66891099046215,11,DSN-30,2,53,30
LIA,0.942651629539308,0.8225790101746479,1.811981201171875e-05,88.92161446915698,77.59500044456315,8,DSN-30,2,54,30
VCG,1.0,0.7395325207692127,4.0531158447265625e-06,94.33136450696497,69.76111178143525,20,DSN-30,2,54,30
HoldBack,0.8068507910335588,0.5206793272510303,5.0067901611328125e-06,76.11133607171966,49.116391410158236,20,DSN-30,2,54,30
LIA,0.908482961155855,0.8307170813823818,1.811981201171875e-05,89.84854856828076,82.15753869299118,1,DSN-30,2,55,30
VCG,1.0,0.7247331272844874,3.814697265625e-06,98.89954177452842,71.67577419725677,16,DSN-30,2,55,30
HoldBack,0.9452276194449444,0.7078875728722523,4.0531158447265625e-06,93.48257843573333,70.00975658494885,16,DSN-30,2,55,30
LIA,0.9460238896896406,0.7536254681419083,1.7881393432617188e-05,94.33656867528877,75.15078795117905,3,DSN-30,2,56,30
VCG,1.0,0.5690208959807147,4.291534423828125e-06,99.71901312792166,56.74220219636263,0,DSN-30,2,56,30
HoldBack,0.8871792541254154,0.5519769943036017,4.76837158203125e-06,88.46863968895204,55.0426011412716,0,DSN-30,2,56,30
LIA,0.8677038447231352,0.6848364637691523,1.7881393432617188e-05,83.09240311424995,65.5807944852438,18,DSN-30,2,57,30
VCG,1.0,0.7135626620561177,3.0994415283203125e-06,95.76124805666024,68.33165108512671,6,DSN-30,2,57,30
HoldBack,0.8487513687728258,0.687625191428874,4.76837158203125e-06,81.27749036348447,65.84784652642888,6,DSN-30,2,57,30
LIA,0.9097174650068612,0.6908374103797453,1.811981201171875e-05,87.81606571197966,66.6873240976461,17,DSN-30,2,58,30
VCG,1.0,0.7169773121924704,3.814697265625e-06,96.53114190933702,69.2106386690264,25,DSN-30,2,58,30
HoldBack,0.8993317271108001,0.7221358330290679,5.245208740234375e-06,86.8135185733018,69.70859657594626,25,DSN-30,2,58,30
LIA,0.8923293788808704,0.734646517460832,1.811981201171875e-05,88.10893514761366,72.53927069459208,23,DSN-30,2,59,30
VCG,1.0,0.7036156094751869,4.0531158447265625e-06,98.74037237025294,69.47526728510242,21,DSN-30,2,59,30
HoldBack,0.9294654251005775,0.5483927371716755,4.76837158203125e-06,91.77576217970646,54.148503073473485,21,DSN-30,2,59,30
LIA,0.8617437095498576,0.6515582717500671,1.7881393432617188e-05,85.15885302413038,64.3880013114388,7,DSN-30,2,60,30
VCG,1.0,0.7929598690314954,4.291534423828125e-06,98.82155457637649,78.36152697437227,27,DSN-30,2,60,30
HoldBack,0.8264781025173866,0.6232685294686511,5.9604644775390625e-06,81.673850914102,61.59236500062422,27,DSN-30,2,60,30
LIA,0.957284532234332,0.7835282988251117,1.7881393432617188e-05,95.3650198920738,78.05536315212147,28,DSN-30,2,61,30
VCG,1.0,0.7956921302532797,4.0531158447265625e-06,99.62034972975994,79.26712829304942,5,DSN-30,2,61,30
HoldBack,0.9112394539263304,0.6643663954709919,4.0531158447265625e-06,90.7779930876965,66.18441266552021,5,DSN-30,2,61,30
LIA,0.9289406644602539,0.6538733734356008,2.5987625122070312e-05,82.26204073329751,57.903545552321425,21,DSN-30,2,62,30
VCG,1.0,0.6181515838327172,5.7220458984375e-06,88.554677258202,54.74021400295267,22,DSN-30,2,62,30
HoldBack,0.8561419186173457,0.7247424929723039,5.0067901611328125e-06,75.81537129037689,64.1793375604671,22,DSN-30,2,62,30
LIA,0.9308832550651038,0.6701510376096665,1.9311904907226562e-05,89.23480032772933,64.24091711300241,23,DSN-30,2,63,30
VCG,1.0,0.7347588945861014,3.814697265625e-06,95.86035611037869,70.43424929029187,3,DSN-30,2,63,30
HoldBack,0.8139658700335065,0.5871046187987862,5.0067901611328125e-06,78.02705816310615,56.28005783209977,3,DSN-30,2,63,30
LIA,0.8787727460515854,0.6571832091868945,1.8835067749023438e-05,85.12042579748663,63.65663346330433,4,DSN-30,2,64,30
VCG,1.0,0.6404423172072097,4.0531158447265625e-06,96.86284216248318,62.03506308581694,19,DSN-30,2,64,30
HoldBack,0.8484907398243271,0.6615303296943226,5.0067901611328125e-06,82.18722460793238,64.07770791087663,19,DSN-30,2,64,30
LIA,0.8593674574274753,0.6513019903600404,1.8835067749023438e-05,85.14682033133167,64.53152615370614,22,DSN-30,2,65,30
VCG,1.0,0.7274355377525032,4.0531158447265625e-06,99.08080599912346,72.07489939292383,10,DSN-30,2,65,30
HoldBack,0.8750571395712575,0.5869999686412385,4.76837158203125e-06,86.70136668400767,58.160430014434105,10,DSN-30,2,65,30
LIA,0.9686523615223627,0.7082159559259281,1.9073486328125e-05,93.47997640172798,68.34651261597588,23,DSN-30,2,66,30
VCG,1.0,0.5577617846252705,4.0531158447265625e-06,96.50518608638097,53.82690481713367,12,DSN-30,2,66,30
HoldBack,0.936094954219464,0.5030380209001467,5.0067901611328125e-06,90.33801775147165,48.54577781549346,12,DSN-30,2,66,30
LIA,0.9044162441394352,0.6925833128079999,2.4080276489257812e-05,90.11171514501734,69.00569356461614,19,DSN-30,2,67,30
VCG,1.0,0.695705293477197,4.291534423828125e-06,99.635224078444,69.31675280816016,16,DSN-30,2,67,30
HoldBack,0.911596401464558,0.724984428254208,5.0067901611328125e-06,90.82711172902442,72.23398596249062,16,DSN-30,2,67,30
LIA,0.8544454000730104,0.6745679016552057,1.8835067749023438e-05,83.99775566519972,66.31458227521476,21,DSN-30,2,68,30
VCG,1.0,0.6389172253185519,4.0531158447265625e-06,98.30675623980456,62.80987992680316,11,DSN-30,2,68,30
HoldBack,0.859852358884087,0.7014757726755918,4.76837158203125e-06,84.52929624703889,68.95980779254796,11,DSN-30,2,68,30
LIA,0.9588526426724798,0.7073120023799107,1.8835067749023438e-05,93.99083092035077,69.33374312692291,16,DSN-30,2,69,30
VCG,1.0,0.6938524805201405,4.0531158447265625e-06,98.02427060990611,68.01438331386086,0,DSN-30,2,69,30
HoldBack,0.9011203865531852,0.5096141038267838,5.0067901611328125e-06,88.33166862359262,49.95455082014145,0,DSN-30,2,69,30
LIA,0.9669623273879052,0.8098499089328023,1.8358230590820312e-05,95.70083085945407,80.15132230196107,7,DSN-30,2,70,30
VCG,1.0,0.645128844856828,2.86102294921875e-06,98.97058876944527,63.84878160763238,28,DSN-30,2,70,30
HoldBack,0.9430048210593567,0.6786528066352674,5.0067901611328125e-06,93.32974235266991,67.16666784272891,28,DSN-30,2,70,30
LIA,0.9767267105297706,0.7167788822638064,1.8835067749023438e-05,96.63269210975749,70.9146911760056,22,DSN-30,2,71,30
VCG,1.0,0.5874267385202546,4.0531158447265625e-06,98.9352406031207,58.11720571220786,23,DSN-30,2,71,30
HoldBack,0.8841121886945662,0.5987935555141689,4.76837158203125e-06,87.46985210864855,59.24178448639241,23,DSN-30,2,71,30
LIA,0.9344342746489258,0.8076054655123489,1.9311904907226562e-05,89.35473871491307,77.2268069712062,8,DSN-30,2,72,30
VCG,1.0,0.6676555382278697,4.0531158447265625e-06,95.62442339616057,63.84417587029328,11,DSN-30,2,72,30
HoldBack,0.8851367674339092,0.6782298139709815,5.245208740234375e-06,84.64069301260905,64.85533489106035,11,DSN-30,2,72,30
LIA,0.9473876618908866,0.8429250915337325,1.8835067749023438e-05,94.39302568202055,83.98489131086764,2,DSN-30,2,73,30
VCG,1.0,0.580853462116731,3.814697265625e-06,99.63505909885077,57.87336902577257,15,DSN-30,2,73,30
HoldBack,0.8581992517490157,0.7358365360333018,5.0067901611328125e-06,85.50673316660269,73.31511675477167,15,DSN-30,2,73,30
LIA,0.8699243945002191,0.7747834616031898,2.9087066650390625e-05,85.84470800240844,76.45613854136414,9,DSN-30,2,74,30
VCG,1.0,0.5901473989641433,8.344650268554688e-06,98.68065379604299,58.23613116581588,26,DSN-30,2,74,30
HoldBack,0.9032236942864765,0.5606944696487045,5.9604644775390625e-06,89.13070467626676,55.329696844759745,26,DSN-30,2,74,30
LIA,0.9497758397694489,0.8073690601194374,2.002716064453125e-05,94.79989633956953,80.58586037067178,22,DSN-30,2,75,30
VCG,1.0,0.7002591769423168,5.0067901611328125e-06,99.81291623777406,69.89491057287607,29,DSN-30,2,75,30
HoldBack,0.8120115376720245,0.6788518494373159,4.76837158203125e-06,81.0492395937639,67.75818278574482,29,DSN-30,2,75,30
LIA,0.8583786380547805,0.6585513714860871,1.9073486328125e-05,84.14226432675258,64.55426674864601,0,DSN-30,2,76,30
VCG,1.0,0.6998376554470916,5.0067901611328125e-06,98.02464856002479,68.60134022427287,2,DSN-30,2,76,30
HoldBack,0.8073021996839477,0.6003481721614565,6.9141387939453125e-06,79.13551440575392,58.848918589780034,2,DSN-30,2,76,30
LIA,0.9589139887899398,0.7671411298178892,1.8835067749023438e-05,87.40452694055993,69.92452746777859,10,DSN-30,2,77,30
VCG,1.0,0.7382763333821774,3.814697265625e-06,91.14949616164877,67.2935158158549,12,DSN-30,2,77,30
HoldBack,0.8889499947840827,0.5390768401757011,5.0067901611328125e-06,81.02734413746944,49.13658237442882,12,DSN-30,2,77,30
LIA,0.963859735762639,0.7925352253436234,1.9073486328125e-05,91.67077095494544,75.37643955914018,12,DSN-30,2,78,30
VCG,1.0,0.6198391743395939,3.814697265625e-06,95.10799917626228,58.95166368250519,25,DSN-30,2,78,30
HoldBack,0.857584215459494,0.5204181948178263,4.0531158447265625e-06,81.56311885749709,49.49593324404572,25,DSN-30,2,78,30
LIA,0.9466773734674042,0.8024859986296284,1.9073486328125e-05,93.98782853181568,79.67225007409704,15,DSN-30,2,79,30
VCG,1.0,0.7547180668284672,3.814697265625e-06,99.28179458601146,74.92976408121555,25,DSN-30,2,79,30
HoldBack,0.8836267008096798,0.5205373474721219,5.245208740234375e-06,87.72804460050163,51.67988200607447,25,DSN-30,2,79,30
LIA,0.8693989913178675,0.6658005849643889,1.8835067749023438e-05,86.93061960138876,66.57295207369297,13,DSN-30,2,80,30
VCG,1.0,0.7821788433632133,3.814697265625e-06,99.98932649969616,78.20953575019904,5,DSN-30,2,80,30
HoldBack,0.8313962772617324,0.5720115834214166,5.0067901611328125e-06,83.13075381775528,57.19505297633221,5,DSN-30,2,80,30
LIA,0.8978973876654059,0.7074566280104194,1.811981201171875e-05,88.2890626762598,69.56327463380792,28,DSN-30,2,81,30
VCG,1.0,0.6399214807906205,4.0531158447265625e-06,98.32867751828229,62.9226329216826,29,DSN-30,2,81,30
HoldBack,0.9390398902924992,0.7461202252889847,5.245208740234375e-06,92.33455054937434,73.36501502230871,29,DSN-30,2,81,30
LIA,0.8977558245570633,0.8221437317577529,1.8835067749023438e-05,89.34599556116517,81.82096757156599,16,DSN-30,2,82,30
VCG,1.0,0.7657984656634568,4.0531158447265625e-06,99.52148804520081,76.21340284555883,5,DSN-30,2,82,30
HoldBack,0.8133649765664308,0.6902788975178872,4.76837158203125e-06,80.94729279174108,68.6975830471808,5,DSN-30,2,82,30
LIA,0.8558457628963108,0.8104680904164863,1.8835067749023438e-05,85.31238874335297,80.78905311128025,7,DSN-30,2,83,30
VCG,1.0,0.6591840013307904,3.814697265625e-06,99.68196659015173,65.70875759741838,2,DSN-30,2,83,30
HoldBack,0.9141336410214828,0.6400100533776967,5.0067901611328125e-06,91.1226390632372,63.79746075815679,2,DSN-30,2,83,30
LIA,0.9252499945254932,0.7479571367782588,1.811981201171875e-05,89.83692694528561,72.62271932183411,18,DSN-30,2,84,30
VCG,1.0,0.6553525575812738,3.814697265625e-06,97.09476085039886,63.63129985105102,0,DSN-30,2,84,30
HoldBack,0.8563765603210389,0.6728793431143587,5.245208740234375e-06,83.14967732225844,65.33305890086214,0,DSN-30,2,84,30
LIA,0.852484762300655,0.7159962673111591,1.7881393432617188e-05,78.00783068771622,65.51825682222261,10,DSN-30,2,85,30
VCG,1.0,0.5625475669136465,4.291534423828125e-06,91.50642232852529,51.47671523788448,15,DSN-30,2,85,30
HoldBack,0.9050847950469659,0.6380779710555659,4.0531158447265625e-06,82.82107149869442,58.38823229793915,15,DSN-30,2,85,30
LIA,0.942325904194345,0.6620158606417219,1.9073486328125e-05,89.85696942690487,63.12756413150751,17,DSN-30,2,86,30
VCG,1.0,0.6918963197190949,4.0531158447265625e-06,95.35657358770092,65.97686232635333,17,DSN-30,2,86,30
HoldBack,0.9046805397452753,0.5701391391188454,5.0067901611328125e-06,86.26723646158133,54.366514774614636,17,DSN-30,2,86,30
LIA,0.8610802587720959,0.6501752265695905,2.09808349609375e-05,83.97065614146614,63.40366049017142,18,DSN-30,2,87,30
VCG,1.0,0.5500478592110988,5.9604644775390625e-06,97.51780427669848,53.63945947736494,21,DSN-30,2,87,30
HoldBack,0.9297041216724968,0.5134772307795636,5.9604644775390625e-06,90.66270457249841,50.073172091702624,21,DSN-30,2,87,30
LIA,0.9713211770289517,0.8495920541108629,1.8835067749023438e-05,94.82770162374369,82.94358623535608,25,DSN-30,2,88,30
VCG,1.0,0.6267885247718583,4.0531158447265625e-06,97.62754469515413,61.19182471657432,13,DSN-30,2,88,30
HoldBack,0.8240882749063746,0.5205344445362888,5.0067901611328125e-06,80.45371489117454,50.81849974933377,13,DSN-30,2,88,30
LIA,0.9495325807804393,0.7224331133073078,1.9073486328125e-05,88.74307604310339,67.5184169642629,19,DSN-30,2,89,30
VCG,1.0,0.6938000063044343,4.0531158447265625e-06,93.45974834287806,64.84237398949963,19,DSN-30,2,89,30
HoldBack,0.8091501840934856,0.69954347980879,4.76837158203125e-06,75.62297257697061,65.37915757783071,19,DSN-30,2,89,30
LIA,0.8619094377637588,0.7173919277738998,1.811981201171875e-05,83.74801987926078,69.70587720249233,17,DSN-30,2,90,30
VCG,1.0,0.797357472943881,4.0531158447265625e-06,97.16568378291191,77.47578407800688,0,DSN-30,2,90,30
HoldBack,0.907982489217512,0.5176999389404384,5.245208740234375e-06,88.22473942773,50.30266856151945,0,DSN-30,2,90,30
LIA,0.8711780663830273,0.8232863217064412,1.8358230590820312e-05,84.8828605119182,80.21654895068596,15,DSN-30,2,91,30
VCG,1.0,0.7129072078945664,3.814697265625e-06,97.43457025305558,69.46180743151284,18,DSN-30,2,91,30
HoldBack,0.8403341957831948,0.7421945969164898,5.0067901611328125e-06,81.87760123508265,72.31541159469799,18,DSN-30,2,91,30
LIA,0.9757993295916391,0.8019911011537558,1.811981201171875e-05,95.2871846077268,78.31474340259356,3,DSN-30,2,92,30
VCG,1.0,0.5925092318836099,3.814697265625e-06,97.65038949924613,57.85875727533365,8,DSN-30,2,92,30
HoldBack,0.9413857140932631,0.5145628531142292,5.245208740234375e-06,91.9266816502331,50.24726302844786,8,DSN-30,2,92,30
LIA,0.970751152185844,0.8182066442699402,1.9073486328125e-05,95.40139504835376,80.409953802703,26,DSN-30,2,93,30
VCG,1.0,0.7280846346841594,3.814697265625e-06,98.27585044173071,71.5531366671426,23,DSN-30,2,93,30
HoldBack,0.8644994113632896,0.5386859897167167,5.245208740234375e-06,84.95941485810287,52.93982376045573,23,DSN-30,2,93,30
LIA,0.9288501864585149,0.7194831374820956,1.7881393432617188e-05,92.66751585636942,71.77983707493212,4,DSN-30,2,94,30
VCG,1.0,0.5836589632402467,4.0531158447265625e-06,99.76583652277516,58.22922471167889,13,DSN-30,2,94,30
HoldBack,0.9344712874438103,0.5091615990985005,5.0067901611328125e-06,93.22830969834641,50.79693285933578,13,DSN-30,2,94,30
LIA,0.9770240811946169,0.7182496550622685,1.811981201171875e-05,97.24662462303526,71.48990074641961,11,DSN-30,2,95,30
VCG,1.0,0.6549402257441566,4.0531158447265625e-06,99.53349819600236,65.18849177759539,5,DSN-30,2,95,30
HoldBack,0.8600315136994957,0.5285192588169414,4.76837158203125e-06,85.60194511731393,52.605370694008535,5,DSN-30,2,95,30
LIA,0.9592776131928042,0.8072307829573594,1.8835067749023438e-05,95.01708932762264,79.9567490759843,22,DSN-30,2,96,30
VCG,1.0,0.5835599281746411,4.0531158447265625e-06,99.0506689834794,57.80200127764939,28,DSN-30,2,96,30
HoldBack,0.861904974012279,0.5786819023689345,4.76837158203125e-06,85.37226427610466,57.31882955827547,28,DSN-30,2,96,30
LIA,0.8804897737156007,0.773246945675162,2.09808349609375e-05,86.63688960378907,76.08459776452156,28,DSN-30,2,97,30
VCG,1.0,0.6160607632189413,5.245208740234375e-06,98.39624739556929,60.618067268394185,17,DSN-30,2,97,30
HoldBack,0.8346450597334806,0.5621570711189403,4.76837158203125e-06,82.12594178502526,55.31414624498789,17,DSN-30,2,97,30
LIA,0.9034281171092353,0.7649902663710734,1.7881393432617188e-05,84.81756791765517,71.82044995664918,11,DSN-30,2,98,30
VCG,1.0,0.6387820888669906,4.0531158447265625e-06,93.88413567318683,59.971504296790236,5,DSN-30,2,98,30
HoldBack,0.8359870150599031,0.6130612345653864,3.814697265625e-06,78.48591834290643,57.556724121908154,5,DSN-30,2,98,30
LIA,0.8787311648121864,0.7414693482696926,1.7881393432617188e-05,85.34749943725326,72.01583068663973,7,DSN-30,2,99,30
VCG,1.0,0.6105427893139705,4.0531158447265625e-06,97.12583649573281,59.29947912855735,14,DSN-30,2,99,30
HoldBack,0.8557481598713306,0.5600400869694098,3.814697265625e-06,83.11525585718708,54.394361918046876,14,DSN-30,2,99,30
LIA,0.9185010417201037,0.7939949811092314,1.9073486328125e-05,89.8664160242629,77.68470589855097,23,DSN-30,3,0,30
VCG,1.0,0.6454006242751376,4.0531158447265625e-06,97.84029842357874,63.14618968184348,6,DSN-30,3,0,30
HoldBack,0.8074891802641364,0.5287933879430414,4.76837158203125e-06,79.00498237085408,51.73730288076242,6,DSN-30,3,0,30
LIA,0.9223591548557998,0.7698932819323495,1.8835067749023438e-05,89.31403945519219,74.55043796854106,19,DSN-30,3,1,30
VCG,1.0,0.5956827130593864,4.291534423828125e-06,96.83217105288601,57.68125036421372,19,DSN-30,3,1,30
HoldBack,0.8843127719969052,0.5778033143155596,4.76837158203125e-06,85.62992560225611,55.94994936672873,19,DSN-30,3,1,30
LIA,0.8915072534769867,0.8114246885876976,1.811981201171875e-05,83.75341133773009,76.22998629324027,7,DSN-30,3,2,30
VCG,1.0,0.7340909091064192,4.0531158447265625e-06,93.94585519195901,68.9647982446452,14,DSN-30,3,2,30
HoldBack,0.8633138242845598,0.6878202849456792,5.245208740234375e-06,81.10475552145361,64.61786488759876,14,DSN-30,3,2,30
LIA,0.9387955457971492,0.6645580754102735,1.9073486328125e-05,92.96241358643543,65.80657837062672,19,DSN-30,3,3,30
VCG,1.0,0.7070379296748132,3.814697265625e-06,99.0230663136554,70.01306379645865,23,DSN-30,3,3,30
HoldBack,0.9184375876685804,0.7458624694862923,5.0067901611328125e-06,90.94650614865954,73.8575887768079,23,DSN-30,3,3,30
LIA,0.9511581699584225,0.7068373530215065,1.8835067749023438e-05,93.34265994157116,69.3660431681629,29,DSN-30,3,4,30
VCG,1.0,0.6588671233222139,4.291534423828125e-06,98.13579159568319,64.65844670359607,28,DSN-30,3,4,30
HoldBack,0.937001259145693,0.5722774744881504,4.0531158447265625e-06,91.95336029241446,56.160902971273025,28,DSN-30,3,4,30
LIA,0.8505152348348408,0.6922592580893031,1.9311904907226562e-05,81.73917978418498,66.52991226572924,15,DSN-30,3,5,30
VCG,1.0,0.6165482698226324,3.814697265625e-06,96.10548575306554,59.25367096151621,24,DSN-30,3,5,30
HoldBack,0.8113545153054044,0.6116429788768578,5.245208740234375e-06,77.97561981136893,58.78224559241242,24,DSN-30,3,5,30
LIA,0.9609881523920388,0.7632478726985553,1.7881393432617188e-05,95.40794737234627,75.77607766466183,3,DSN-30,3,6,30
VCG,1.0,0.6445794579398711,3.814697265625e-06,99.28108596850238,63.99454857725901,18,DSN-30,3,6,30
HoldBack,0.8869334158091832,0.625197908698036,5.245208740234375e-06,88.05571270328899,62.07032732077762,18,DSN-30,3,6,30
LIA,0.8948793923058884,0.7512229157450199,1.7881393432617188e-05,85.29391502979679,71.6015410511206,20,DSN-30,3,7,30
VCG,1.0,0.7537325504033074,4.0531158447265625e-06,95.3133078749472,71.8407426319596,29,DSN-30,3,7,30
HoldBack,0.9384225532453718,0.7159651936665518,4.76837158203125e-06,89.44415773427015,68.24101093168625,29,DSN-30,3,7,30
LIA,0.9038339988397807,0.6550930331882087,1.811981201171875e-05,88.73751419764508,64.31637602473258,20,DSN-30,3,8,30
VCG,1.0,0.5772840789839011,4.0531158447265625e-06,98.17899560268174,56.677171052058604,2,DSN-30,3,8,30
HoldBack,0.8143605408722545,0.6373027768688919,4.76837158203125e-06,79.9530999612946,62.5697465277878,2,DSN-30,3,8,30
LIA,0.9136555256235367,0.7132821589962585,1.8835067749023438e-05,87.38496175149248,68.2206066004712,24,DSN-30,3,9,30
VCG,1.0,0.7446197829809411,4.0531158447265625e-06,95.64322581188947,71.21783804764628,18,DSN-30,3,9,30
HoldBack,0.8222361542927213,0.6324733846100782,5.0067901611328125e-06,78.64131817571834,60.49179474427172,18,DSN-30,3,9,30
LIA,0.8972095332298011,0.8372134908269747,1.811981201171875e-05,86.3553975499073,80.58084667719585,10,DSN-30,3,10,30
VCG,1.0,0.5865195404480892,4.0531158447265625e-06,96.24886311566776,56.4518389632525,20,DSN-30,3,10,30
HoldBack,0.8596649602912042,0.6166262760180231,4.76837158203125e-06,82.74177508840407,59.349578033982674,20,DSN-30,3,10,30
LIA,0.8621708864048222,0.8450006681711536,1.7881393432617188e-05,86.02528246447301,84.31208048001811,1,DSN-30,3,11,30
VCG,1.0,0.7346643611879011,4.0531158447265625e-06,99.77753113792902,73.30299617435253,14,DSN-30,3,11,30
HoldBack,0.8929213835304173,0.6667654590245509,4.76837158203125e-06,89.09349114892886,66.52821134951766,14,DSN-30,3,11,30
LIA,0.9574729542445357,0.8238738708714827,1.8835067749023438e-05,94.02820660057225,80.90816790145283,24,DSN-30,3,12,30
VCG,1.0,0.5587760665324666,3.0994415283203125e-06,98.20455625794912,54.874355661383134,23,DSN-30,3,12,30
HoldBack,0.8390095181316782,0.7270411586415184,4.76837158203125e-06,82.39455742431718,71.3987543656555,23,DSN-30,3,12,30
LIA,0.8908202328964718,0.6923675926330686,1.7881393432617188e-05,88.49572731620432,68.78107548254762,26,DSN-30,3,13,30
VCG,1.0,0.7711861374584409,4.0531158447265625e-06,99.3418470396249,76.61105530647558,23,DSN-30,3,13,30
HoldBack,0.8433721316142002,0.7168790943690888,4.76837158203125e-06,83.78214529630027,71.21609333871884,23,DSN-30,3,13,30
LIA,0.850700279506792,0.7351279434420649,1.9073486328125e-05,81.32654731435056,70.27788624814363,11,DSN-30,3,14,30
VCG,1.0,0.614940887068965,4.76837158203125e-06,95.59953049680556,58.78806008708218,6,DSN-30,3,14,30
HoldBack,0.8623699494874484,0.5641170280399013,5.9604644775390625e-06,82.44216228555399,53.92932302586786,6,DSN-30,3,14,30
LIA,0.8796260644285842,0.8290224209249815,2.0265579223632812e-05,82.49706261121942,77.75112326802312,24,DSN-30,3,15,30
VCG,1.0,0.7704293880543231,4.0531158447265625e-06,93.78651446033551,72.25588694342422,8,DSN-30,3,15,30
HoldBack,0.9204362054686962,0.7130713684547676,5.245208740234375e-06,86.32450349400622,66.87647820883429,8,DSN-30,3,15,30
LIA,0.8856610502083367,0.8093644723499372,1.811981201171875e-05,85.2743815085693,77.92829410124237,24,DSN-30,3,16,30
VCG,1.0,0.6565737109422218,3.814697265625e-06,96.28331458012065,63.217093155687145,9,DSN-30,3,16,30
HoldBack,0.9060258357212703,0.6770323189953062,5.245208740234375e-06,87.23517055846777,65.18691575073366,9,DSN-30,3,16,30
LIA,0.9449586391096163,0.8088673704217936,1.7881393432617188e-05,92.17117571049532,78.89684631687362,21,DSN-30,3,17,30
VCG,1.0,0.5597978114754536,3.814697265625e-06,97.53990481249345,54.602625245557896,1,DSN-30,3,17,30
HoldBack,0.8198171878117184,0.6644711376001264,5.9604644775390625e-06,79.96489046280108,64.81245151216557,1,DSN-30,3,17,30
LIA,0.8883736635971429,0.8018036991635009,1.7881393432617188e-05,83.37435490396248,75.24971632621762,5,DSN-30,3,18,30
VCG,1.0,0.7893556453308619,4.0531158447265625e-06,93.85054771476301,74.0814596560416,27,DSN-30,3,18,30
HoldBack,0.8243768897960765,0.5201457708713464,4.0531158447265625e-06,77.3682226307546,48.815965487793484,27,DSN-30,3,18,30
LIA,0.9146945247982624,0.7828816365849317,1.9073486328125e-05,91.2835151054414,78.12902095892053,28,DSN-30,3,19,30
VCG,1.0,0.6410394783652482,4.0531158447265625e-06,99.7967218898289,63.97363854281767,7,DSN-30,3,19,30
HoldBack,0.9238132372073853,0.6568434057440082,5.0067901611328125e-06,92.19353271172797,65.55081868820284,7,DSN-30,3,19,30
LIA,0.8638398469946814,0.8219779335843501,1.8835067749023438e-05,86.20735554374045,82.0297236995267,5,DSN-30,3,20,30
VCG,1.0,0.5965085230093167,3.814697265625e-06,99.7955302058105,59.52888432599966,24,DSN-30,3,20,30
HoldBack,0.8843877148866046,0.5823508161044846,5.0067901611328125e-06,88.25794091461387,58.116008458933486,24,DSN-30,3,20,30
LIA,0.9274603751149727,0.7349038893088207,2.3126602172851562e-05,91.9780087624513,72.88181596116904,28,DSN-30,3,21,30
VCG,1.0,0.7870917074306224,3.814697265625e-06,99.17190128047167,78.05738110798758,6,DSN-30,3,21,30
HoldBack,0.8587654676813363,0.5049392225286895,5.245208740234375e-06,85.16540418397157,50.07578272925331,6,DSN-30,3,21,30
LIA,0.9333336745732655,0.8149290173642058,2.09808349609375e-05,91.89510222774403,80.2370978345752,12,DSN-30,3,22,30
VCG,1.0,0.6525371697694264,4.0531158447265625e-06,98.45900210314375,64.24815857070743,28,DSN-30,3,22,30
HoldBack,0.9042491387321359,0.5087270161841495,5.245208740234375e-06,89.03146785219329,50.08875435640122,28,DSN-30,3,22,30
LIA,0.9612865663787802,0.6771161715125695,1.9311904907226562e-05,94.75042471457093,66.74081077987323,4,DSN-30,3,23,30
VCG,1.0,0.6080324123074801,3.0994415283203125e-06,98.56626320234666,59.931482787056844,10,DSN-30,3,23,30
HoldBack,0.8823880231714698,0.7298736434001376,5.245208740234375e-06,86.97369013851745,71.94091763983367,10,DSN-30,3,23,30
LIA,0.8656869394419634,0.8176931650934275,1.7881393432617188e-05,86.40486542916814,81.61457066430052,1,DSN-30,3,24,30
VCG,1.0,0.787549977870107,3.814697265625e-06,99.81075316310789,78.60595644480433,15,DSN-30,3,24,30
HoldBack,0.8459706938517081,0.7132817259077404,5.245208740234375e-06,84.43697210725595,71.19318628033305,15,DSN-30,3,24,30
LIA,0.9053927523185816,0.7385554475005992,1.7881393432617188e-05,89.63454597553812,73.11753053572345,2,DSN-30,3,25,30
VCG,1.0,0.7969580289816626,3.0994415283203125e-06,99.00073282671728,78.89942890132079,28,DSN-30,3,25,30
HoldBack,0.8273711533853286,0.7222045951272276,5.0067901611328125e-06,81.91035050483384,71.49878416841818,28,DSN-30,3,25,30
LIA,0.8749841446995864,0.8431043427943996,1.7881393432617188e-05,86.46425677276298,83.31395582789125,3,DSN-30,3,26,30
VCG,1.0,0.6914826833224987,4.0531158447265625e-06,98.81808407219684,68.33099393503095,5,DSN-30,3,26,30
HoldBack,0.9222893877719487,0.6687758400690296,5.0067901611328125e-06,91.13887025974337,66.08714718939544,5,DSN-30,3,26,30
LIA,0.8656138087586781,0.7337700478533858,2.002716064453125e-05,78.11588929613018,66.21786672873083,4,DSN-30,3,27,30
VCG,1.0,0.7056185797730501,5.0067901611328125e-06,90.24334929239545,63.67738396166336,18,DSN-30,3,27,30
HoldBack,0.8402362398835985,0.711342474223962,5.0067901611328125e-06,75.82573248394455,64.19392736790981,18,DSN-30,3,27,30
LIA,0.8586382244253281,0.7530909026132604,1.811981201171875e-05,84.16059405331995,73.81522967079931,9,DSN-30,3,28,30
VCG,1.0,0.5677196415303372,3.814697265625e-06,98.01636085983384,55.645813251453035,9,DSN-30,3,28,30
HoldBack,0.8905670452374852,0.6301253552409465,5.0067901611328125e-06,87.29014087587332,61.7625942062276,9,DSN-30,3,28,30
LIA,0.8601772521239233,0.7449542073195639,1.9788742065429688e-05,83.25638671307422,72.10397091411797,7,DSN-30,3,29,30
VCG,1.0,0.6188522007512779,3.814697265625e-06,96.78980292433927,59.89858255000983,19,DSN-30,3,29,30
HoldBack,0.9028007970487826,0.7274958074601615,4.0531158447265625e-06,87.38191122628808,70.4141758323521,19,DSN-30,3,29,30
LIA,0.8593166401019188,0.7527327001162537,1.7881393432617188e-05,83.33346853491133,72.99733748074152,1,DSN-30,3,30,30
VCG,1.0,0.6600800629703742,3.814697265625e-06,96.97643993607247,64.01221457964543,16,DSN-30,3,30,30
HoldBack,0.8420034602073865,0.5587397703065751,5.245208740234375e-06,81.65449798476679,54.18459377503051,16,DSN-30,3,30,30
LIA,0.9266818011201363,0.7172606644337598,1.8835067749023438e-05,91.87438290008204,71.11165973444147,13,DSN-30,3,31,30
VCG,1.0,0.5978734370490284,4.0531158447265625e-06,99.14339829381339,59.27520429864299,6,DSN-30,3,31,30
HoldBack,0.9178865416322349,0.5302636587538221,4.76837158203125e-06,91.0023909855756,52.57214112056493,6,DSN-30,3,31,30
LIA,0.9517487837741143,0.7034600329194194,1.8835067749023438e-05,92.47927670588518,68.35362035127768,7,DSN-30,3,32,30
VCG,1.0,0.7600712585110165,4.0531158447265625e-06,97.16773825458755,73.85440510183341,8,DSN-30,3,32,30
HoldBack,0.9452798945762979,0.7309593221561062,4.76837158203125e-06,91.85070937351382,71.02566409001525,8,DSN-30,3,32,30
LIA,0.9633071019491081,0.7715034240537452,1.8835067749023438e-05,83.55508729228242,66.9184684849454,5,DSN-30,3,33,30
VCG,1.0,0.7750817352308579,4.291534423828125e-06,86.73774658488574,67.22884313302765,8,DSN-30,3,33,30
HoldBack,0.883155506560604,0.5603207562242201,3.814697265625e-06,76.60291852310007,48.60095975962794,8,DSN-30,3,33,30
LIA,0.9501726063536302,0.7791308619404826,1.811981201171875e-05,94.35432310914962,77.36948487071238,12,DSN-30,3,34,30
VCG,1.0,0.5780967558633983,4.0531158447265625e-06,99.30229779117977,57.40633620286212,10,DSN-30,3,34,30
HoldBack,0.8066666262259686,0.6575726023127925,5.0067901611328125e-06,80.10384953569744,65.29847037418594,10,DSN-30,3,34,30
LIA,0.9384571281702878,0.7124696213899179,1.9311904907226562e-05,92.52753782668924,70.24621356124487,9,DSN-30,3,35,30
VCG,1.0,0.6382977767282338,3.814697265625e-06,98.59538070438062,62.93321229927995,18,DSN-30,3,35,30
HoldBack,0.8697526579675962,0.5057151789211994,5.245208740234375e-06,85.75359443096208,49.86118059371962,18,DSN-30,3,35,30
LIA,0.8725552834611396,0.7575617552981815,1.7881393432617188e-05,83.40057685496639,72.40926574246464,8,DSN-30,3,36,30
VCG,1.0,0.7277394728836002,4.291534423828125e-06,95.58199742272346,69.55879242157441,29,DSN-30,3,36,30
HoldBack,0.8470498427409875,0.5581510953159262,4.76837158203125e-06,80.96271588578738,53.34919655397714,29,DSN-30,3,36,30
LIA,0.9432903888836005,0.6650912131696348,1.811981201171875e-05,91.86063426818467,64.76870898713048,4,DSN-30,3,37,30
VCG,1.0,0.661285898391658,3.814697265625e-06,97.38319752934535,64.39813526644542,20,DSN-30,3,37,30
HoldBack,0.8306489631258553,0.5419828143795589,5.0067901611328125e-06,80.89125205363108,52.780019470235096,20,DSN-30,3,37,30
LIA,0.9393085858287111,0.7066246916132698,1.7881393432617188e-05,89.93378215990015,67.6555415793283,5,DSN-30,3,38,30
VCG,1.0,0.6237023684374012,3.814697265625e-06,95.74466103762427,59.716171854402425,9,DSN-30,3,38,30
HoldBack,0.8813871210077034,0.524072675210855,5.245208740234375e-06,84.3881111438101,50.17716064714426,9,DSN-30,3,38,30
LIA,0.9647867237463004,0.827431072766363,5.698204040527344e-05,96.14697646494255,82.45863455781695,4,DSN-30,3,39,30
VCG,1.0,0.5708273407015576,1.0013580322265625e-05,99.65619768439652,56.886482308612784,2,DSN-30,3,39,30
HoldBack,0.8084181844606451,0.5948766371782404,5.9604644775390625e-06,80.56388240227098,59.283143752463744,2,DSN-30,3,39,30
LIA,0.8713072769459471,0.7594736718159993,1.9788742065429688e-05,85.6099916640125,74.62181991765712,19,DSN-30,3,40,30
VCG,1.0,0.5993311127907592,3.814697265625e-06,98.25465014373275,58.887068807510076,18,DSN-30,3,40,30
HoldBack,0.9463089554869157,0.6195905563368379,5.9604644775390625e-06,92.97925534924806,60.877653345236745,18,DSN-30,3,40,30
LIA,0.8505680279476533,0.8142375437783488,1.8835067749023438e-05,83.6792034946537,80.1049967551904,21,DSN-30,3,41,30
VCG,1.0,0.5519887601445568,4.0531158447265625e-06,98.3803772833601,54.30486247919566,13,DSN-30,3,41,30
HoldBack,0.8880419023887123,0.7236328306097384,4.76837158203125e-06,87.36589740043436,71.19127089001188,13,DSN-30,3,41,30
LIA,0.8994291145844207,0.6581485682639178,1.8358230590820312e-05,88.6377317259159,64.85980416202914,20,DSN-30,3,42,30
VCG,1.0,0.6260957698997176,4.0531158447265625e-06,98.5488798268119,61.70103678792255,23,DSN-30,3,42,30
HoldBack,0.9118707022021852,0.5579534865936563,5.245208740234375e-06,89.86383624891373,54.98569109926894,23,DSN-30,3,42,30
LIA,0.8833888837101398,0.8008417069360317,1.811981201171875e-05,85.3543818081365,77.37854763873932,7,DSN-30,3,43,30
VCG,1.0,0.7145883010041021,3.814697265625e-06,96.62152578789211,69.04461195319386,3,DSN-30,3,43,30
HoldBack,0.8081031575412833,0.6713158740636225,5.0067901611328125e-06,78.08016007565215,64.86356403765963,3,DSN-30,3,43,30
LIA,0.9276349893109662,0.7866131786439513,1.9073486328125e-05,85.7552708888726,72.7185013466069,20,DSN-30,3,44,30
VCG,1.0,0.7572941384072502,4.0531158447265625e-06,92.44505853813294,70.0081009556432,17,DSN-30,3,44,30
HoldBack,0.831233491322449,0.5599951629325929,4.76837158203125e-06,76.84342876416041,51.76878561837484,17,DSN-30,3,44,30
LIA,0.9546762336444387,0.7972955533021129,1.811981201171875e-05,85.19617558310847,71.15138049624592,10,DSN-30,3,45,30
VCG,1.0,0.6506767686572597,4.0531158447265625e-06,89.24090972483462,58.06698677178961,20,DSN-30,3,45,30
HoldBack,0.8038057444554284,0.5094561472496627,5.0067901611328125e-06,71.73235587725037,45.464330045469204,20,DSN-30,3,45,30
LIA,0.9669419184711467,0.6916604075760014,1.8835067749023438e-05,90.48310487124414,64.72320622208528,26,DSN-30,3,46,30
VCG,1.0,0.7146775633756922,3.814697265625e-06,93.57656664043377,66.87707263564829,27,DSN-30,3,46,30
HoldBack,0.941534852236465,0.5873444892341008,5.0067901611328125e-06,88.10559884459653,54.96168073770637,27,DSN-30,3,46,30
LIA,0.9020618133103466,0.7202576188379833,1.8835067749023438e-05,89.2207681702842,71.23895179355726,2,DSN-30,3,47,30
VCG,1.0,0.7925496229994007,4.291534423828125e-06,98.90759907335593,78.38918035736411,9,DSN-30,3,47,30
HoldBack,0.8179303543462492,0.7368418581594738,4.76837158203125e-06,80.89952755760676,72.87925908730382,9,DSN-30,3,47,30
LIA,0.8771453266391104,0.8078776681059334,1.7881393432617188e-05,86.22165551339958,79.41278130420639,19,DSN-30,3,48,30
VCG,1.0,0.782380773039535,4.0531158447265625e-06,98.29802758428686,76.90648680965589,19,DSN-30,3,48,30
HoldBack,0.8942748850525565,0.5434880285126704,4.0531158447265625e-06,87.90545731883115,53.42380121846816,19,DSN-30,3,48,30
LIA,0.8593677657696519,0.659377606469672,1.9073486328125e-05,82.47581419813625,63.28222575220655,6,DSN-30,3,49,30
VCG,1.0,0.7959444457737392,3.814697265625e-06,95.97266442065197,76.38890919172489,15,DSN-30,3,49,30
HoldBack,0.9043071749523027,0.5760316919671692,5.245208740234375e-06,86.78876903488516,55.283296268825495,15,DSN-30,3,49,30
LIA,0.9720993069447039,0.7781552240542079,1.7881393432617188e-05,93.58439666425957,74.9133207214571,15,DSN-30,3,50,30
VCG,1.0,0.687318807860019,4.0531158447265625e-06,96.270407761522,66.16846189484721,28,DSN-30,3,50,30
HoldBack,0.8508185880742408,0.5364311275301785,3.814697265625e-06,81.90865240498958,51.642443383303295,28,DSN-30,3,50,30
LIA,0.9178384045353134,0.7731870438993794,1.7881393432617188e-05,90.10675310649584,75.90592606010554,24,DSN-30,3,51,30
VCG,1.0,0.6132401542937801,4.0531158447265625e-06,98.17278582074087,60.203494324161355,18,DSN-30,3,51,30
HoldBack,0.8775911221861971,0.6214093126035097,5.0067901611328125e-06,86.15556527656915,61.00548335323817,18,DSN-30,3,51,30
LIA,0.8826931548367749,0.8332412108430884,1.8358230590820312e-05,81.44645082065257,76.88350014815954,28,DSN-30,3,52,30
VCG,1.0,0.5905470643265128,3.814697265625e-06,92.27040039266353,54.490014076119365,0,DSN-30,3,52,30
HoldBack,0.9242819118133547,0.7014978008087744,5.0067901611328125e-06,85.28386207871476,64.72748295519854,0,DSN-30,3,52,30
LIA,0.8582778781866188,0.8267669791743198,1.9073486328125e-05,84.31678689564237,81.22117203192987,9,DSN-30,3,53,30
VCG,1.0,0.7672203694331935,4.0531158447265625e-06,98.23949683264355,75.37134305287182,28,DSN-30,3,53,30
HoldBack,0.845952338457927,0.563377436767155,4.76837158203125e-06,83.10593207450492,55.34591591486977,28,DSN-30,3,53,30
LIA,0.9247617464014815,0.826396446681384,1.8835067749023438e-05,89.61698857700303,80.08458525723772,26,DSN-30,3,54,30
VCG,1.0,0.6336949597391321,4.291534423828125e-06,96.90819167826628,61.410232623951046,29,DSN-30,3,54,30
HoldBack,0.9139273435534531,0.7397225895794448,4.76837158203125e-06,88.56704618908674,71.68517849970833,29,DSN-30,3,54,30
LIA,0.8589574428719051,0.6661102993615068,1.8835067749023438e-05,82.84219051968832,64.24303879634904,9,DSN-30,3,55,30
VCG,1.0,0.5944166334247218,4.291534423828125e-06,96.44504650044978,57.328539851288106,0,DSN-30,3,55,30
HoldBack,0.8050025433825906,0.6013642318436854,4.76837158203125e-06,77.63850772951429,57.998601303871496,0,DSN-30,3,55,30
LIA,0.8827513332458915,0.7568856377332305,1.9073486328125e-05,87.67497339683635,75.17397669477533,28,DSN-30,3,56,30
VCG,1.0,0.6831864485783642,3.814697265625e-06,99.32012571927136,67.85416396250565,7,DSN-30,3,56,30
HoldBack,0.806656722264996,0.6974418000761706,5.0067901611328125e-06,80.11724706765476,69.27000726544019,7,DSN-30,3,56,30
LIA,0.866209272248132,0.7080728671538545,2.09808349609375e-05,85.60998796319264,69.98090597296247,21,DSN-30,3,57,30
VCG,1.0,0.7540572304029088,3.814697265625e-06,98.83291567752812,74.52567466844108,25,DSN-30,3,57,30
HoldBack,0.9433320902429059,0.5536992419375336,5.0067901611328125e-06,93.23226093088347,54.723710489123505,25,DSN-30,3,57,30
LIA,0.9344541466991516,0.6677060534273364,1.7881393432617188e-05,83.98036075118043,60.00743368805211,13,DSN-30,3,58,30
VCG,1.0,0.6661560316554792,4.291534423828125e-06,89.87103438711368,59.86813162809276,13,DSN-30,3,58,30
HoldBack,0.9165651411028363,0.5985603486877337,4.76837158203125e-06,82.3726573140827,53.793237679678064,13,DSN-30,3,58,30
LIA,0.9398052429038208,0.8172462558229494,1.811981201171875e-05,91.56456292059158,79.62372712638344,13,DSN-30,3,59,30
VCG,1.0,0.5694437705270052,3.0994415283203125e-06,97.42929570990088,55.480505508836536,9,DSN-30,3,59,30
HoldBack,0.8699174681727547,0.7204309730398267,5.0067901611328125e-06,84.75544624981161,70.19108231086891,9,DSN-30,3,59,30
LIA,0.902964704626189,0.7346356626601285,1.8835067749023438e-05,88.90389386763657,72.33059127328225,6,DSN-30,3,60,30
VCG,1.0,0.7010999982497272,3.814697265625e-06,98.45777294743891,69.02874444112146,0,DSN-30,3,60,30
HoldBack,0.8192324872444444,0.7020999710494472,5.0067901611328125e-06,80.65980622027915,69.1271995359899,0,DSN-30,3,60,30
LIA,0.9522878025948176,0.845495198452237,1.8835067749023438e-05,92.49406504042295,82.12148434949628,9,DSN-30,3,61,30
VCG,1.0,0.561580813318351,4.0531158447265625e-06,97.1282681437196,54.545371820352926,19,DSN-30,3,61,30
HoldBack,0.8022872127122734,0.5986191590602901,4.76837158203125e-06,77.9247675245951,58.14284219717578,19,DSN-30,3,61,30
LIA,0.8600393563262084,0.6864733843676981,1.7881393432617188e-05,83.55543523954724,66.69297397763762,23,DSN-30,3,62,30
VCG,1.0,0.5669188839613699,4.291534423828125e-06,97.15303680574253,55.077891199369446,1,DSN-30,3,62,30
HoldBack,0.8337335307257774,0.6519933601468129,4.76837158203125e-06,80.99974439678311,63.34313491544305,1,DSN-30,3,62,30
LIA,0.9371391258355934,0.8159246101309696,1.811981201171875e-05,91.90224964338817,80.01512810979952,19,DSN-30,3,63,30
VCG,1.0,0.7023774115568086,3.814697265625e-06,98.06681538500933,68.87991594974227,5,DSN-30,3,63,30
HoldBack,0.8551827203483477,0.5822917043375215,5.245208740234375e-06,83.86504595685149,57.10349306949016,5,DSN-30,3,63,30
LIA,0.9319566110536348,0.8469890447924877,1.9073486328125e-05,90.92666515843351,82.63677552717716,29,DSN-30,3,64,30
VCG,1.0,0.7068951537030593,4.0531158447265625e-06,97.56534164786413,68.96846718025841,2,DSN-30,3,64,30
HoldBack,0.9030331967302846,0.6974868982849555,4.76837158203125e-06,88.10474235835312,68.05054752608073,2,DSN-30,3,64,30
LIA,0.9744009221759068,0.7749812052774238,1.9073486328125e-05,95.92566354998232,76.29363300374767,12,DSN-30,3,65,30
VCG,1.0,0.6162390803617814,3.814697265625e-06,98.44578485801662,60.66613992639795,12,DSN-30,3,65,30
HoldBack,0.8391105104832379,0.5426603529298064,5.0067901611328125e-06,82.60689278713335,53.42262435550309,12,DSN-30,3,65,30
LIA,0.979171894655169,0.8094862166215221,1.8358230590820312e-05,97.66260166726254,80.73815267837945,4,DSN-30,3,66,30
VCG,1.0,0.6758193212491588,3.814697265625e-06,99.73999682829539,67.40621695789184,21,DSN-30,3,66,30
HoldBack,0.8524644655740402,0.5274737075817941,4.0531158447265625e-06,85.0248030925893,52.610225921217356,21,DSN-30,3,66,30
LIA,0.8576349720425004,0.7926826925722551,1.811981201171875e-05,83.01979069372533,76.73235510343214,23,DSN-30,3,67,30
VCG,1.0,0.7504210607689135,4.0531158447265625e-06,96.80084581440232,72.64139339937182,17,DSN-30,3,67,30
HoldBack,0.9425490958814662,0.7329011952268203,5.0067901611328125e-06,91.23954970292611,70.94545559634261,17,DSN-30,3,67,30
LIA,0.8805961537958132,0.7654589628739741,1.8835067749023438e-05,82.86821775733902,72.03326944629787,3,DSN-30,3,68,30
VCG,1.0,0.7093735599089412,4.291534423828125e-06,94.10467829110455,66.7553706434465,23,DSN-30,3,68,30
HoldBack,0.8175968480334259,0.5144633017653706,4.76837158203125e-06,76.93968835600664,48.41340350520964,23,DSN-30,3,68,30
LIA,0.9362033796578598,0.7702488728723778,1.8835067749023438e-05,90.93232319215679,74.81335890073608,25,DSN-30,3,69,30
VCG,1.0,0.7624683118500429,4.291534423828125e-06,97.12881321298846,74.05764224250545,10,DSN-30,3,69,30
HoldBack,0.9414814887199227,0.5117352871008831,4.76837158203125e-06,91.44497966136367,49.7042411153167,10,DSN-30,3,69,30
LIA,0.9392906621001783,0.7150826570765809,1.811981201171875e-05,91.92746586317595,69.98444592302954,26,DSN-30,3,70,30
VCG,1.0,0.7069291582815296,3.814697265625e-06,97.86902986731874,69.18647090593352,21,DSN-30,3,70,30
HoldBack,0.813102669559884,0.749897648909853,4.0531158447265625e-06,79.57756945235289,73.3917553985905,21,DSN-30,3,70,30
LIA,0.9330863102456333,0.7551352182962505,1.9073486328125e-05,88.2527691450017,71.42187529899122,1,DSN-30,3,71,30
VCG,1.0,0.7487605281311542,4.0531158447265625e-06,94.58157104648691,70.81894708824183,2,DSN-30,3,71,30
HoldBack,0.8550434197694353,0.7220711678011568,5.0067901611328125e-06,80.87134995475398,68.29462545800489,2,DSN-30,3,71,30
LIA,0.9418137897362041,0.8130997657765157,1.7881393432617188e-05,93.92908629703284,81.09216375894358,6,DSN-30,3,72,30
VCG,1.0,0.6966290693016094,4.0531158447265625e-06,99.7321204262063,69.47629423198411,18,DSN-30,3,72,30
HoldBack,0.8661185596764955,0.6308771507770528,5.0067901611328125e-06,86.3798404970286,62.91871597543893,18,DSN-30,3,72,30
LIA,0.884806937028495,0.7677035024756171,1.8358230590820312e-05,86.66022810037946,75.19082169656933,14,DSN-30,3,73,30
VCG,1.0,0.7061507948082224,3.814697265625e-06,97.9425278823154,69.16219390962351,18,DSN-30,3,73,30
HoldBack,0.8999527665291908,0.6704332051953825,5.245208740234375e-06,88.14364892855215,65.66392289307883,18,DSN-30,3,73,30
LIA,0.9059735406409932,0.8325931534343621,1.9073486328125e-05,86.22569425197347,79.2417432340511,23,DSN-30,3,74,30
VCG,1.0,0.6482479911885864,4.0531158447265625e-06,95.17462749625908,61.696761086571954,28,DSN-30,3,74,30
HoldBack,0.8237267684329247,0.5358808151709278,5.245208740234375e-06,78.39788834430087,51.00225696628471,28,DSN-30,3,74,30
LIA,0.9582582356661835,0.7814713990341136,1.7881393432617188e-05,94.40822701988193,76.99107245164154,14,DSN-30,3,75,30
VCG,1.0,0.5941063011732546,4.0531158447265625e-06,98.52065289504044,58.53174068064657,1,DSN-30,3,75,30
HoldBack,0.8351940405107916,0.5403077158330233,5.0067901611328125e-06,82.28386216517005,53.231468928097435,1,DSN-30,3,75,30
LIA,0.8951215844024946,0.8308787361818131,1.7881393432617188e-05,87.34210156054321,81.07356165311286,7,DSN-30,3,76,30
VCG,1.0,0.6940031916632469,4.0531158447265625e-06,97.57568478124143,67.71783666690845,19,DSN-30,3,76,30
HoldBack,0.876230455993246,0.7310344460703121,5.0067901611328125e-06,85.49878676972041,71.33118667398621,19,DSN-30,3,76,30
LIA,0.8746211585738706,0.8081309784809961,1.811981201171875e-05,86.97853330254084,80.36627805716128,0,DSN-30,3,77,30
VCG,1.0,0.7089605049386876,3.814697265625e-06,99.44709483631206,70.50406256983734,5,DSN-30,3,77,30
HoldBack,0.883519361204887,0.6364186890162693,5.245208740234375e-06,87.86343370346026,63.28998972220233,5,DSN-30,3,77,30
LIA,0.9453608614871909,0.7442493153135696,1.9788742065429688e-05,91.89145829933574,72.3429091562542,12,DSN-30,3,78,30
VCG,1.0,0.6527223983320269,3.814697265625e-06,97.20252026805619,63.446262153283094,26,DSN-30,3,78,30
HoldBack,0.8944652797763586,0.7174361739124879,4.0531158447265625e-06,86.94427948653404,69.7366042357653,26,DSN-30,3,78,30
LIA,0.8899395062670816,0.7538340099501185,1.9073486328125e-05,87.98549295549635,74.529174741653,3,DSN-30,3,79,30
VCG,1.0,0.7738359631516486,4.0531158447265625e-06,98.8668244705285,76.5067043378964,11,DSN-30,3,79,30
HoldBack,0.8354846409636233,0.5581703584972889,3.814697265625e-06,82.60171334597307,55.18453085820343,11,DSN-30,3,79,30
LIA,0.8791746815198548,0.7507136830737114,1.8835067749023438e-05,87.75235031871365,74.93037673952668,20,DSN-30,3,80,30
VCG,1.0,0.6493125993472479,4.0531158447265625e-06,99.8121899586708,64.80931250860581,15,DSN-30,3,80,30
HoldBack,0.8216595535001331,0.7144677791444252,5.9604644775390625e-06,82.01163943531192,71.31259369131303,15,DSN-30,3,80,30
LIA,0.9623970010529165,0.7470139330138258,1.9311904907226562e-05,93.62839616349443,72.67449543519815,11,DSN-30,3,81,30
VCG,1.0,0.7734822263298897,4.0531158447265625e-06,97.28666658464199,75.24950746210257,29,DSN-30,3,81,30
HoldBack,0.9467527494801058,0.6853107215046492,5.245208740234375e-06,92.10641907676414,66.67159566990325,29,DSN-30,3,81,30
LIA,0.9377902912563306,0.655205991354942,1.8835067749023438e-05,91.4120623702129,63.866870349912894,5,DSN-30,3,82,30
VCG,1.0,0.5856587915873633,4.0531158447265625e-06,97.47601699709514,57.08768632326803,16,DSN-30,3,82,30
HoldBack,0.888267184044707,0.6634981691868662,5.0067901611328125e-06,86.58474712990369,64.67515881720048,16,DSN-30,3,82,30
LIA,0.8908123698731,0.7538528600031646,1.8835067749023438e-05,87.93020175696132,74.41121869982943,11,DSN-30,3,83,30
VCG,1.0,0.5631020409292199,3.814697265625e-06,98.70788140210419,55.58260947332426,13,DSN-30,3,83,30
HoldBack,0.8353687644745377,0.7013423479868476,5.245208740234375e-06,82.45748093077498,69.22801730735904,13,DSN-30,3,83,30
LIA,0.8594792508171745,0.7238265135556484,1.8835067749023438e-05,84.08797042326353,70.81625577996454,1,DSN-30,3,84,30
VCG,1.0,0.6464286525691909,4.0531158447265625e-06,97.83595164550451,63.24396239502799,23,DSN-30,3,84,30
HoldBack,0.9476857247550776,0.6352079868295227,5.0067901611328125e-06,92.71773474227267,62.14617788429145,23,DSN-30,3,84,30
LIA,0.8594202434254541,0.7571335561501168,1.8835067749023438e-05,82.82625554558548,72.96842014551285,17,DSN-30,3,85,30
VCG,1.0,0.6978393217989997,4.0531158447265625e-06,96.37456899485963,67.25396386604375,4,DSN-30,3,85,30
HoldBack,0.9467247498035202,0.7308592968083591,5.0067901611328125e-06,91.24018971908058,70.4362497257918,4,DSN-30,3,85,30
LIA,0.9205500651705951,0.6756154174643204,1.8835067749023438e-05,87.11799675658443,63.93814304542749,7,DSN-30,3,86,30
VCG,1.0,0.6517284344391885,4.0531158447265625e-06,94.636891628963,61.6775532215352,7,DSN-30,3,86,30
HoldBack,0.9127234374079208,0.7262000642461864,5.0067901611328125e-06,86.377309033188,68.72531678101231,7,DSN-30,3,86,30
LIA,0.914394684365728,0.7643710344383198,2.002716064453125e-05,90.02530421150504,75.25495946370756,14,DSN-30,3,87,30
VCG,1.0,0.6046493052050241,3.814697265625e-06,98.45344220690795,59.529805425449894,22,DSN-30,3,87,30
HoldBack,0.8187197873732658,0.6387249154518936,5.245208740234375e-06,80.60578126980579,62.88466654955517,22,DSN-30,3,87,30
LIA,0.9438973121122716,0.6853966254577745,1.8835067749023438e-05,93.71939168562281,68.05290573138201,24,DSN-30,3,88,30
VCG,1.0,0.5822793115883198,2.6226043701171875e-06,99.28981731698732,57.81440647506541,13,DSN-30,3,88,30
HoldBack,0.8270030676728556,0.6178734200227058,5.0067901611328125e-06,82.11298350982594,61.34853899907664,13,DSN-30,3,88,30
LIA,0.8975326566311231,0.6571428078981956,1.7881393432617188e-05,86.73151951621983,63.501861293934205,5,DSN-30,3,89,30
VCG,1.0,0.7285938505967366,4.0531158447265625e-06,96.63327442788037,70.40640951118051,14,DSN-30,3,89,30
HoldBack,0.8875820286368422,0.6846349465864003,5.0067901611328125e-06,85.76995775051874,66.15851667640084,14,DSN-30,3,89,30
LIA,0.859597479229397,0.7105339797313711,1.7881393432617188e-05,85.05890789911622,70.30877335208493,12,DSN-30,3,90,30
VCG,1.0,0.5617168561200729,4.0531158447265625e-06,98.95202109639612,55.583018196994765,0,DSN-30,3,90,30
HoldBack,0.8731582019289678,0.644235185244884,5.0067901611328125e-06,86.40076881776652,63.748373641392426,0,DSN-30,3,90,30
LIA,0.8973157139929921,0.6803341536973283,1.9311904907226562e-05,88.27747022995884,66.93093307391825,28,DSN-30,3,91,30
VCG,1.0,0.6814034614943099,3.814697265625e-06,98.37949882447758,67.0361310390744,17,DSN-30,3,91,30
HoldBack,0.8479056563203086,0.7253290674358568,4.291534423828125e-06,83.41653351923169,71.35751013716529,17,DSN-30,3,91,30
LIA,0.9043175032827169,0.817989647914218,1.7881393432617188e-05,89.69409333586934,81.13172592752024,12,DSN-30,3,92,30
VCG,1.0,0.7915503441130024,4.0531158447265625e-06,99.18429424430622,78.50936223968587,15,DSN-30,3,92,30
HoldBack,0.8516826919650451,0.5768343034744403,4.76837158203125e-06,84.47354672264385,57.21290328601832,15,DSN-30,3,92,30
LIA,0.9486133929832543,0.6573514540674953,1.811981201171875e-05,93.60919600871273,64.86745977399745,19,DSN-30,3,93,30
VCG,1.0,0.6306145153503023,4.291534423828125e-06,98.68002781863021,62.22905791759984,24,DSN-30,3,93,30
HoldBack,0.922363378712113,0.6904899700041839,5.0067901611328125e-06,91.01884387019706,68.137569448498,24,DSN-30,3,93,30
LIA,0.8690244201011247,0.8464801322868921,1.9311904907226562e-05,85.79676332023793,83.57101812702926,10,DSN-30,3,94,30
VCG,1.0,0.7188731143401299,3.814697265625e-06,98.72767822825293,70.97267351951442,19,DSN-30,3,94,30
HoldBack,0.8280681810904911,0.6390275574280639,5.245208740234375e-06,81.75324893375668,63.08970706874432,19,DSN-30,3,94,30
LIA,0.9211316855354399,0.845904220195391,1.7881393432617188e-05,86.83479484797641,79.74312530461548,1,DSN-30,3,95,30
VCG,1.0,0.6352243238362515,4.0531158447265625e-06,94.26968609542583,59.88239760822255,20,DSN-30,3,95,30
HoldBack,0.8626622085397402,0.7106537162068651,4.76837158203125e-06,81.32289560542807,66.993102749369,20,DSN-30,3,95,30
LIA,0.9695930569763251,0.8078628001385231,1.7881393432617188e-05,85.92060511072268,71.5888589908081,4,DSN-30,3,96,30
VCG,1.0,0.6121632288286737,4.291534423828125e-06,88.61512001608797,54.24691799208884,5,DSN-30,3,96,30
HoldBack,0.9227599145680999,0.7112372643640719,4.76837158203125e-06,81.77048057548726,63.02637554153632,5,DSN-30,3,96,30
LIA,0.9547646143698819,0.8016983922529374,1.9073486328125e-05,92.64074034913514,77.78873606877393,3,DSN-30,3,97,30
VCG,1.0,0.7254173089946013,3.814697265625e-06,97.02992649164679,70.3871881675144,8,DSN-30,3,97,30
HoldBack,0.9378987421719893,0.5093606242943419,5.245208740234375e-06,91.00424600955611,49.423223933019315,8,DSN-30,3,97,30
LIA,0.9763691378866645,0.8203030749712142,1.7881393432617188e-05,90.31070635898375,75.8751452237075,26,DSN-30,3,98,30
VCG,1.0,0.7268325862989888,4.0531158447265625e-06,92.4964778735836,67.22945423640397,20,DSN-30,3,98,30
HoldBack,0.9211570746178703,0.6471297136624284,4.76837158203125e-06,85.20378497048684,59.8572192411153,20,DSN-30,3,98,30
LIA,0.9034181574461206,0.798780946956718,1.9311904907226562e-05,89.38049609738277,79.0281186222302,8,DSN-30,3,99,30
VCG,1.0,0.6933498357558606,3.814697265625e-06,98.93590842811169,68.5971958589881,25,DSN-30,3,99,30
HoldBack,0.9184494566267782,0.5628662036361142,4.291534423828125e-06,90.86763133667587,55.68767918022146,25,DSN-30,3,99,30
LIA,0.9249466840963078,0.7122194423447897,1.8835067749023438e-05,88.26329528262629,67.96373891228542,19,DSN-30,4,0,30
VCG,1.0,0.7130178403771043,4.0531158447265625e-06,95.42527888389736,68.03992626717938,10,DSN-30,4,0,30
HoldBack,0.8136425902175349,0.5918128941878553,4.76837158203125e-06,77.6420710833249,56.47391047496254,10,DSN-30,4,0,30
LIA,0.9789514729506416,0.716627359389402,1.7881393432617188e-05,97.77172738075397,71.5723881640688,11,DSN-30,4,1,30
VCG,1.0,0.7840626323406839,4.0531158447265625e-06,99.8739264225854,78.30741365309208,24,DSN-30,4,1,30
HoldBack,0.8756582806084953,0.5683448141168794,4.76837158203125e-06,87.4554306888205,56.76282814776719,24,DSN-30,4,1,30
LIA,0.9334686129780314,0.674213393117702,1.9073486328125e-05,93.18645860220727,67.30548576923071,3,DSN-30,4,2,30
VCG,1.0,0.6500197295997058,3.814697265625e-06,99.82816487521295,64.89027673862077,27,DSN-30,4,2,30
HoldBack,0.8874192656224796,0.5700472143585291,5.0067901611328125e-06,88.58943676200128,56.9067673016391,27,DSN-30,4,2,30
LIA,0.876377262222247,0.6874094357794245,1.7881393432617188e-05,81.51094853321993,63.935245192220655,11,DSN-30,4,3,30
VCG,1.0,0.7524472019403334,4.0531158447265625e-06,93.00897233062736,69.98434098552644,13,DSN-30,4,3,30
HoldBack,0.903033128892335,0.6028187669527725,5.0067901611328125e-06,83.99018329878703,56.067554015893315,13,DSN-30,4,3,30
LIA,0.9400191418386525,0.7515892174104923,1.811981201171875e-05,83.00702488276434,66.36799411252672,17,DSN-30,4,4,30
VCG,1.0,0.6138574901248572,4.0531158447265625e-06,88.30354743670942,54.20579399861972,7,DSN-30,4,4,30
HoldBack,0.8776435898145843,0.524490690719843,5.0067901611328125e-06,77.4990423657161,46.31438858809215,7,DSN-30,4,4,30
LIA,0.8559402463466501,0.7500811745257999,1.7881393432617188e-05,83.90030687092911,73.5238715429377,9,DSN-30,4,5,30
VCG,1.0,0.7271156795868745,3.814697265625e-06,98.02121962255535,71.27276571978861,3,DSN-30,4,5,30
HoldBack,0.9203016358239516,0.6112591328218098,5.0067901611328125e-06,90.20908876409652,59.916365704619345,3,DSN-30,4,5,30
LIA,0.9780905962012902,0.8437341733378221,1.8835067749023438e-05,95.58025173794888,82.45077194356615,26,DSN-30,4,6,30
VCG,1.0,0.7691913564764827,4.0531158447265625e-06,97.72126642374808,75.16635347708255,8,DSN-30,4,6,30
HoldBack,0.8586475572505223,0.6935453976449405,3.814697265625e-06,83.90812670617878,67.77413458022554,8,DSN-30,4,6,30
LIA,0.9322772887274229,0.7513679675550551,1.8358230590820312e-05,88.58512782613964,71.39509699006726,14,DSN-30,4,7,30
VCG,1.0,0.7067743914013008,4.291534423828125e-06,95.02015001036881,67.15780869443873,22,DSN-30,4,7,30
HoldBack,0.8532943636791845,0.6135813037660887,4.76837158203125e-06,81.08015843979831,58.30258752741142,22,DSN-30,4,7,30
LIA,0.960369329679577,0.652762428871772,1.811981201171875e-05,95.39201367338913,64.83789164860808,28,DSN-30,4,8,30
VCG,1.0,0.5981282194038677,4.0531158447265625e-06,99.3284674191087,59.41115935350658,12,DSN-30,4,8,30
HoldBack,0.924085311129858,0.6843723065923117,5.0067901611328125e-06,91.78797771903903,67.97765235789471,12,DSN-30,4,8,30
LIA,0.9377191534046792,0.7978588955538714,1.9073486328125e-05,93.53134589042777,79.58120089672411,3,DSN-30,4,9,30
VCG,1.0,0.6642866597984269,4.0531158447265625e-06,99.74345255808556,66.25824493657352,17,DSN-30,4,9,30
HoldBack,0.8088635818201306,0.709645008508715,5.0067901611328125e-06,80.67884629923937,70.78244323927125,17,DSN-30,4,9,30
LIA,0.8653079398853851,0.7273851979392578,1.9311904907226562e-05,84.8836817226409,71.35394324454522,24,DSN-30,4,10,30
VCG,1.0,0.7642725438630585,3.0994415283203125e-06,98.09650161523332,74.972462833541,25,DSN-30,4,10,30
HoldBack,0.8913714807050465,0.6761767940726858,5.245208740234375e-06,87.4404238967555,66.33057797193452,25,DSN-30,4,10,30
LIA,0.9316253594224673,0.7886858899550953,1.8835067749023438e-05,91.75944585549205,77.68077530777856,16,DSN-30,4,11,30
VCG,1.0,0.738174323923688,4.291534423828125e-06,98.49393313249385,72.70569250066357,3,DSN-30,4,11,30
HoldBack,0.8333334427874449,0.556952031161048,5.0067901611328125e-06,82.07828839097749,54.85639611518289,3,DSN-30,4,11,30
LIA,0.9510101636492149,0.7189564110795943,1.7881393432617188e-05,91.9556517859842,69.51776953976055,29,DSN-30,4,12,30
VCG,1.0,0.7212792096344773,4.0531158447265625e-06,96.69260676787313,69.74236698702884,25,DSN-30,4,12,30
HoldBack,0.8172646622392826,0.6280569156968696,5.0067901611328125e-06,79.0234506111816,60.72846037732066,25,DSN-30,4,12,30
LIA,0.861507794241242,0.8393791363469758,1.8358230590820312e-05,85.98364727545004,83.77507443632041,1,DSN-30,4,13,30
VCG,1.0,0.5746626196918482,4.76837158203125e-06,99.80600042182861,57.35477766337374,11,DSN-30,4,13,30
HoldBack,0.9458154759844404,0.5632370082888042,5.0067901611328125e-06,94.39805979507508,56.214433086861874,11,DSN-30,4,13,30
LIA,0.8521558464108988,0.6597564405477049,2.09808349609375e-05,70.28079912719895,54.41282843543486,6,DSN-30,4,14,30
VCG,1.0,0.779499421000752,3.814697265625e-06,82.47411482677363,64.28852475501958,3,DSN-30,4,14,30
HoldBack,0.8700299415838123,0.5342771451472814,5.0067901611328125e-06,71.75494930491449,44.06403461819769,3,DSN-30,4,14,30
LIA,0.9032093666996011,0.688151607909805,1.7881393432617188e-05,87.7591456516036,66.8633424491793,15,DSN-30,4,15,30
VCG,1.0,0.6051270197122927,4.0531158447265625e-06,97.16367974823214,58.796367950327365,25,DSN-30,4,15,30
HoldBack,0.855544507783348,0.6116573254760408,5.245208740234375e-06,83.12785256462013,59.43087648821422,25,DSN-30,4,15,30
LIA,0.9614459803904323,0.6920795069789604,1.7881393432617188e-05,94.86615093942936,68.28768366631498,23,DSN-30,4,16,30
VCG,1.0,0.5830745025935373,4.0531158447265625e-06,98.67028712409333,57.53212858564223,25,DSN-30,4,16,30
HoldBack,0.9409442722494659,0.5354651389241613,4.76837158203125e-06,92.84324151062584,52.83449900258952,25,DSN-30,4,16,30
LIA,0.9679961453238424,0.6842785810849797,2.002716064453125e-05,96.43229717170927,68.16820066710758,12,DSN-30,4,17,30
VCG,1.0,0.791338985286157,4.0531158447265625e-06,99.62053840560276,78.83361577555031,6,DSN-30,4,17,30
HoldBack,0.8410948745767141,0.6595631216546898,5.245208740234375e-06,83.79032425552518,65.70603329172027,6,DSN-30,4,17,30
LIA,0.9469939327545992,0.7389412340468604,1.7881393432617188e-05,93.21604117367146,72.73666083316436,26,DSN-30,4,18,30
VCG,1.0,0.77609986721649,3.814697265625e-06,98.43362026885039,76.39431962029319,6,DSN-30,4,18,30
HoldBack,0.8259442932903512,0.7257400487082406,5.0067901611328125e-06,81.30068692896643,71.43722036844395,6,DSN-30,4,18,30
LIA,0.9013853590226271,0.8115238656969882,1.8358230590820312e-05,88.86661616966911,80.00726788331386,24,DSN-30,4,19,30
VCG,1.0,0.7618015793197699,3.814697265625e-06,98.58892789874828,75.10520097670937,5,DSN-30,4,19,30
HoldBack,0.8155657501023039,0.6526476189569426,5.0067901611328125e-06,80.4057529335246,64.34382904863575,5,DSN-30,4,19,30
LIA,0.9270243281677139,0.7655975252271102,1.811981201171875e-05,89.3509785144629,73.7919016240937,24,DSN-30,4,20,30
VCG,1.0,0.7964458638316597,4.0531158447265625e-06,96.38471806998558,76.76521004342065,5,DSN-30,4,20,30
HoldBack,0.9499995113814539,0.542225294064589,5.0067901611328125e-06,91.56543507112549,52.26223209883043,5,DSN-30,4,20,30
LIA,0.8859482841183636,0.746265285642564,1.7881393432617188e-05,87.05196572820977,73.32692125992077,10,DSN-30,4,21,30
VCG,1.0,0.7176779203381732,4.0531158447265625e-06,98.25851834550146,70.51796910170972,1,DSN-30,4,21,30
HoldBack,0.8292117528545965,0.6139113381329384,5.0067901611328125e-06,81.47711823016878,60.32201848044668,1,DSN-30,4,21,30
LIA,0.9777203047050369,0.7648593964736795,1.8358230590820312e-05,92.20021546136466,72.12717258009431,12,DSN-30,4,22,30
VCG,1.0,0.7699122449124597,4.0531158447265625e-06,94.30121786125741,72.60366234153963,8,DSN-30,4,22,30
HoldBack,0.9041061194941503,0.5263036404884192,5.0067901611328125e-06,85.2583081441139,49.631074262871316,8,DSN-30,4,22,30
LIA,0.9185950917045893,0.8328976833506505,1.9073486328125e-05,91.62414055780498,83.07635768876042,5,DSN-30,4,23,30
VCG,1.0,0.680498833174745,3.814697265625e-06,99.74377327423208,67.87552132956125,11,DSN-30,4,23,30
HoldBack,0.8251850802871475,0.709519733633842,5.0067901611328125e-06,82.30707355744025,70.77017544516748,11,DSN-30,4,23,30
LIA,0.8563894143989093,0.8438970488377294,1.7881393432617188e-05,79.28974842060776,78.13312912350979,16,DSN-30,4,24,30
VCG,1.0,0.7785013059182333,4.0531158447265625e-06,92.58609119574464,72.07839290575184,25,DSN-30,4,24,30
HoldBack,0.8110157303950314,0.5670776627255248,5.0067901611328125e-06,75.08877637553783,52.503504196175165,25,DSN-30,4,24,30
LIA,0.8548853824599817,0.7077340202212292,1.811981201171875e-05,82.15742603004438,68.01567392339106,5,DSN-30,4,25,30
VCG,1.0,0.573607323104325,3.814697265625e-06,96.10343996481923,55.12563693933717,13,DSN-30,4,25,30
HoldBack,0.9329210650632593,0.6581366322433402,5.245208740234375e-06,89.65692356822215,63.249194325446155,13,DSN-30,4,25,30
LIA,0.8715311872443323,0.827310847257775,1.7881393432617188e-05,82.24891742253281,78.07571611294958,22,DSN-30,4,26,30
VCG,1.0,0.6026557156618835,4.0531158447265625e-06,94.3728906392818,56.87436194729704,10,DSN-30,4,26,30
HoldBack,0.9420100552908541,0.5761039755613677,3.814697265625e-06,88.90021192906758,54.368597482508434,10,DSN-30,4,26,30
LIA,0.9769265214380106,0.7448478307194514,1.8835067749023438e-05,96.66073491311269,73.69800812634445,15,DSN-30,4,27,30
VCG,1.0,0.6933214243072252,4.291534423828125e-06,98.94371049608786,68.59979428738939,21,DSN-30,4,27,30
HoldBack,0.8746358458909086,0.5517331135681822,4.0531158447265625e-06,86.53971592533098,54.59052145999539,21,DSN-30,4,27,30
LIA,0.9537993004931706,0.7569413959436534,1.7881393432617188e-05,95.02815606949697,75.41496945112452,8,DSN-30,4,28,30
VCG,1.0,0.7915686560065128,3.814697265625e-06,99.6311865822944,78.8649244592809,25,DSN-30,4,28,30
HoldBack,0.9028307466488658,0.7444205307126813,5.245208740234375e-06,89.95009857160531,74.16750079112578,25,DSN-30,4,28,30
LIA,0.8554090567158187,0.7865923766411844,1.811981201171875e-05,84.5839815761028,77.77929701745522,21,DSN-30,4,29,30
VCG,1.0,0.645473550423316,4.0531158447265625e-06,98.88132573770847,63.8252803944831,22,DSN-30,4,29,30
HoldBack,0.852938737646359,0.6659806539784624,4.76837158203125e-06,84.33971315151949,65.85304998105644,22,DSN-30,4,29,30
LIA,0.9355839001144534,0.7412243509452418,1.811981201171875e-05,90.51678074136835,71.71269412231844,1,DSN-30,4,30,30
VCG,1.0,0.5798586837569554,3.814697265625e-06,96.74897219831927,56.100731673755675,7,DSN-30,4,30,30
HoldBack,0.9488655205581423,0.5508615399609305,5.0067901611328125e-06,91.80176386842345,53.295287814803395,7,DSN-30,4,30,30
LIA,0.8875634779037082,0.7001705946652561,1.7881393432617188e-05,85.63008797549556,67.55085254369324,3,DSN-30,4,31,30
VCG,1.0,0.6082562180144779,3.0994415283203125e-06,96.47770565970221,58.68316436728446,2,DSN-30,4,31,30
HoldBack,0.8271065101189402,0.5705487157771643,4.76837158203125e-06,79.79733843247863,55.04523106527035,2,DSN-30,4,31,30
LIA,0.9782997503506091,0.8235264029287244,1.7881393432617188e-05,92.52446039427593,77.8864923803891,10,DSN-30,4,32,30
VCG,1.0,0.6096220285289073,5.245208740234375e-06,94.57680057785606,57.65610102004655,17,DSN-30,4,32,30
HoldBack,0.8262501517310997,0.7218955896921556,5.0067901611328125e-06,78.14409582769554,68.27457522434881,17,DSN-30,4,32,30
LIA,0.9769703922769442,0.697834232532859,1.7881393432617188e-05,95.39526631579842,68.13930389599986,14,DSN-30,4,33,30
VCG,1.0,0.7183467975243856,3.814697265625e-06,97.64396860939517,70.14223214813066,2,DSN-30,4,33,30
HoldBack,0.9279986542803063,0.6067524957464129,5.245208740234375e-06,90.61347146810719,59.245721648334914,2,DSN-30,4,33,30
LIA,0.9223872688497394,0.7855853826094081,1.7881393432617188e-05,88.38168819647372,75.27354797955572,16,DSN-30,4,34,30
VCG,1.0,0.6068809883016395,4.291534423828125e-06,95.81841725405627,58.150375760640536,1,DSN-30,4,34,30
HoldBack,0.9050619868452264,0.5063346805414426,4.76837158203125e-06,86.7216070963211,48.516187690319235,1,DSN-30,4,34,30
LIA,0.8717421021447898,0.8115655496606676,1.9073486328125e-05,82.50763478107356,76.8121142796221,4,DSN-30,4,35,30
VCG,1.0,0.6700790710212287,4.0531158447265625e-06,94.64683944721264,63.42086625188362,2,DSN-30,4,35,30
HoldBack,0.8223962322922667,0.5955383302947309,5.245208740234375e-06,77.83720415975876,56.36582073206649,2,DSN-30,4,35,30
LIA,0.9068329064814129,0.8274726715599459,1.7881393432617188e-05,84.64781171841031,77.23997486605538,3,DSN-30,4,36,30
VCG,1.0,0.652319607294312,3.814697265625e-06,93.34444208343835,60.890409802975164,10,DSN-30,4,36,30
HoldBack,0.8432898461069803,0.615782906942672,4.0531158447265625e-06,78.71642019948466,57.47991189308156,10,DSN-30,4,36,30
LIA,0.9571614548668808,0.6721763414718418,1.7881393432617188e-05,93.97434036666269,65.99443383214599,6,DSN-30,4,37,30
VCG,1.0,0.5710318846884517,4.0531158447265625e-06,98.18023896473387,56.064046895194544,25,DSN-30,4,37,30
HoldBack,0.939185707231611,0.6702551890035884,4.76837158203125e-06,92.20947716826215,65.80581462372517,25,DSN-30,4,37,30
LIA,0.9787334810430252,0.8251996677755699,1.9311904907226562e-05,97.18966898008547,81.94353632218136,13,DSN-30,4,38,30
VCG,1.0,0.6161672531231626,3.814697265625e-06,99.30146547813153,61.186311214764864,20,DSN-30,4,38,30
HoldBack,0.8222403845236349,0.5550247597713958,5.245208740234375e-06,81.64967515849933,55.1147720219475,20,DSN-30,4,38,30
LIA,0.9225876830626631,0.6876553621098498,1.7881393432617188e-05,91.72095554995224,68.36467477257649,17,DSN-30,4,39,30
VCG,1.0,0.6784435700975394,4.291534423828125e-06,99.41706055024632,67.44886548831236,27,DSN-30,4,39,30
HoldBack,0.9296912993066204,0.6594660338381276,4.76837158203125e-06,92.42717619620346,65.56217461691593,27,DSN-30,4,39,30
LIA,0.8716362763366129,0.7783847902383936,1.8358230590820312e-05,85.40648802899287,76.26932594963756,17,DSN-30,4,40,30
VCG,1.0,0.7440601146510681,3.814697265625e-06,97.98409078147426,72.9060538208444,27,DSN-30,4,40,30
HoldBack,0.8397269650557101,0.7035139101407268,5.245208740234375e-06,82.27988317567056,68.93317083725891,27,DSN-30,4,40,30
LIA,0.9584551014804343,0.7618426508632282,1.7881393432617188e-05,94.87986654694348,75.41670854693481,4,DSN-30,4,41,30
VCG,1.0,0.5672483757045709,4.291534423828125e-06,98.99249990989831,56.1533347808247,21,DSN-30,4,41,30
HoldBack,0.8688021594586357,0.7085992203658458,4.76837158203125e-06,86.00489769192845,70.14600825822001,21,DSN-30,4,41,30
LIA,0.9405750138780302,0.7765133168202278,1.9073486328125e-05,91.63770487473005,75.65361306450487,14,DSN-30,4,42,30
VCG,1.0,0.5968467408986833,4.0531158447265625e-06,97.42732214085079,58.14917969425292,17,DSN-30,4,42,30
HoldBack,0.8836939192860113,0.5021918106758253,4.0531158447265625e-06,86.09593214818922,48.92720331521078,17,DSN-30,4,42,30
LIA,0.8795520189887366,0.6936452037210793,1.9073486328125e-05,82.55231402255092,65.10361575163655,4,DSN-30,4,43,30
VCG,1.0,0.5793874674988675,3.814697265625e-06,93.85722758895523,54.3797013992296,14,DSN-30,4,43,30
HoldBack,0.8511540414304893,0.556325099475418,4.0531158447265625e-06,79.88695857980046,52.21513147491246,14,DSN-30,4,43,30
LIA,0.9083532346541762,0.6600736630503365,1.9073486328125e-05,87.7016838433599,63.73024226881135,15,DSN-30,4,44,30
VCG,1.0,0.7534183976859272,4.0531158447265625e-06,96.55019710118528,72.74269479623547,2,DSN-30,4,44,30
HoldBack,0.802968459055785,0.5998292346019071,3.814697265625e-06,77.52676298787105,57.91363082786723,2,DSN-30,4,44,30
LIA,0.9142319572722302,0.7305518726837463,1.8835067749023438e-05,78.1965048832332,62.48589608507766,23,DSN-30,4,45,30
VCG,1.0,0.6446715762366616,3.814697265625e-06,85.53245624507161,55.14034338690361,2,DSN-30,4,45,30
HoldBack,0.8462999459361278,0.741633562019727,4.0531158447265625e-06,72.38611309598832,63.4337401933289,2,DSN-30,4,45,30
LIA,0.8713614381984349,0.8140842740288148,1.9073486328125e-05,85.93347495673417,80.28481352074128,25,DSN-30,4,46,30
VCG,1.0,0.7062292655970668,4.0531158447265625e-06,98.61978186044603,69.64817611664573,12,DSN-30,4,46,30
HoldBack,0.886255438273463,0.6167586722312266,4.76837158203125e-06,87.4023179951629,60.824605715981896,12,DSN-30,4,46,30
LIA,0.8927642626240037,0.6976225681651854,2.0265579223632812e-05,81.29720676581869,63.5271465749884,18,DSN-30,4,47,30
VCG,1.0,0.6436179976631181,4.0531158447265625e-06,91.06234441651009,58.60936377586344,10,DSN-30,4,47,30
HoldBack,0.8141783932191899,0.7423239916042695,4.0531158447265625e-06,74.14099325980665,67.59776299210654,10,DSN-30,4,47,30
LIA,0.8662375775496677,0.7514169656988854,1.9073486328125e-05,86.09343063880553,74.68166481557357,26,DSN-30,4,48,30
VCG,1.0,0.764445444844488,4.0531158447265625e-06,99.38778098537196,75.97653644746921,9,DSN-30,4,48,30
HoldBack,0.8091453606504215,0.6157856516333087,5.0067901611328125e-06,80.4191618896539,61.201569478465835,9,DSN-30,4,48,30
LIA,0.9307957335242246,0.6748351947389821,1.7881393432617188e-05,88.94993480790335,64.48949475824922,20,DSN-30,4,49,30
VCG,1.0,0.7851147748963623,4.0531158447265625e-06,95.56332458800249,75.02817807225757,22,DSN-30,4,49,30
HoldBack,0.8758788930012485,0.7308168992272984,5.0067901611328125e-06,83.70189895165862,69.83929255525582,22,DSN-30,4,49,30
LIA,0.9550344886028483,0.7438414720007857,1.8358230590820312e-05,87.9947972829625,68.53593280712265,1,DSN-30,4,50,30
VCG,1.0,0.5992918384062123,3.814697265625e-06,92.13782154788254,55.21744446217404,23,DSN-30,4,50,30
HoldBack,0.8257848396264884,0.5832869900132698,5.245208740234375e-06,76.08601619045218,53.74279259704419,23,DSN-30,4,50,30
LIA,0.9160601810910982,0.6526239649119521,1.7881393432617188e-05,89.53945684859998,63.79012705802218,18,DSN-30,4,51,30
VCG,1.0,0.6304684895052765,4.291534423828125e-06,97.74407696877687,61.62456056459223,19,DSN-30,4,51,30
HoldBack,0.8122290894459865,0.7237643249528055,4.76837158203125e-06,79.39058263508805,70.74367588544186,19,DSN-30,4,51,30
LIA,0.8915772595112703,0.7304495341355826,1.8358230590820312e-05,87.79849508714679,71.93136562205119,21,DSN-30,4,52,30
VCG,1.0,0.5520489632740218,3.814697265625e-06,98.4754760740249,54.36328447458118,6,DSN-30,4,52,30
HoldBack,0.8171683983379566,0.5845403292965576,5.0067901611328125e-06,80.4710470589787,57.5628872119458,6,DSN-30,4,52,30
LIA,0.9704930410183157,0.7932214617187113,1.7881393432617188e-05,89.3206867353693,73.00524856891953,16,DSN-30,4,53,30
VCG,1.0,0.6905474104916662,4.0531158447265625e-06,92.03640104585108,63.55549841318494,4,DSN-30,4,53,30
HoldBack,0.9349037245369516,0.6971943981518824,4.76837158203125e-06,86.04517413074277,64.16726323522742,4,DSN-30,4,53,30
LIA,0.9505259595775604,0.7464160982076239,1.8358230590820312e-05,90.14577780666019,70.78845039670728,23,DSN-30,4,54,30
VCG,1.0,0.6987058775811121,4.0531158447265625e-06,94.83778627858142,66.26371868962619,14,DSN-30,4,54,30
HoldBack,0.9092754503088919,0.5374507436834252,5.245208740234375e-06,86.23367082475556,50.970638764713314,14,DSN-30,4,54,30
LIA,0.9119336873503903,0.7879165100657807,1.7881393432617188e-05,90.73705275411542,78.3973910947404,25,DSN-30,4,55,30
VCG,1.0,0.6807851474817928,3.814697265625e-06,99.49961714623196,67.73786153327944,0,DSN-30,4,55,30
HoldBack,0.8220866874489007,0.5128054810793207,5.0067901611328125e-06,81.79731066217967,51.0239490378817,0,DSN-30,4,55,30
LIA,0.8701007541962246,0.7527049562676176,1.7881393432617188e-05,85.79502519405446,74.21938249705993,9,DSN-30,4,56,30
VCG,1.0,0.5583049228360013,4.0531158447265625e-06,98.60355226712747,55.05084863985422,24,DSN-30,4,56,30
HoldBack,0.8913322029584603,0.5638741292999924,5.0067901611328125e-06,87.8885214617884,55.59999218051279,24,DSN-30,4,56,30
LIA,0.967313007007646,0.8475185393071435,1.8358230590820312e-05,95.94299551513184,84.06117443543651,4,DSN-30,4,57,30
VCG,1.0,0.5966434972092314,3.814697265625e-06,99.18505677074336,59.17811914259247,3,DSN-30,4,57,30
HoldBack,0.845430617377178,0.6787346202570631,5.0067901611328125e-06,83.85408378028,67.32033184246573,3,DSN-30,4,57,30
LIA,0.9626070567852957,0.7041135625779542,1.7881393432617188e-05,90.11101557649245,65.91307196206587,6,DSN-30,4,58,30
VCG,1.0,0.7292441972955583,5.245208740234375e-06,93.61142216994075,68.26558641801408,6,DSN-30,4,58,30
HoldBack,0.8942115039359119,0.5044735272201903,4.76837158203125e-06,83.70841060416228,47.22448433016834,6,DSN-30,4,58,30
LIA,0.9567900990979353,0.746182903420433,1.8835067749023438e-05,94.7335173356799,73.88091816942182,6,DSN-30,4,59,30
VCG,1.0,0.6073476615137133,4.0531158447265625e-06,99.01180773609066,60.134589890760054,5,DSN-30,4,59,30
HoldBack,0.896024753038293,0.7380557974573823,4.0531158447265625e-06,88.71703057460559,73.0762387163574,5,DSN-30,4,59,30
LIA,0.8819330109457776,0.8201024549029097,1.7881393432617188e-05,87.72990545133656,81.57933758697314,24,DSN-30,4,60,30
VCG,1.0,0.6491644661202479,3.814697265625e-06,99.47456820700673,64.57535496264371,7,DSN-30,4,60,30
HoldBack,0.8424876589927206,0.6270126208565252,5.0067901611328125e-06,83.80609609803281,62.371809720046464,7,DSN-30,4,60,30
LIA,0.914237488541338,0.7012089233235896,1.7881393432617188e-05,88.36987829257801,67.7786111250386,19,DSN-30,4,61,30
VCG,1.0,0.7978628702038997,4.0531158447265625e-06,96.65965288031643,77.1211480800019,26,DSN-30,4,61,30
HoldBack,0.9408342853439537,0.5645635096186077,5.0067901611328125e-06,90.94071543924714,54.5705128686278,26,DSN-30,4,61,30
LIA,0.9266760575492906,0.66566161342205,1.9073486328125e-05,87.21908027819273,62.65230791945966,3,DSN-30,4,62,30
VCG,1.0,0.7822887339296083,4.0531158447265625e-06,94.1203558327107,73.62929400137547,20,DSN-30,4,62,30
HoldBack,0.9237960389892426,0.5942847935790713,5.245208740234375e-06,86.9480119065162,55.934296237631216,20,DSN-30,4,62,30
LIA,0.8862559416784411,0.7823521492548058,1.8835067749023438e-05,84.88532815893967,74.93345409856948,15,DSN-30,4,63,30
VCG,1.0,0.5528323443067624,4.0531158447265625e-06,95.77969993428657,52.9501160516699,15,DSN-30,4,63,30
HoldBack,0.8016467934039011,0.7191402678337999,5.0067901611328125e-06,76.78148932550866,68.87903906378384,15,DSN-30,4,63,30
LIA,0.8579833263611699,0.843237409265652,1.9073486328125e-05,83.55344492333951,82.11743546484585,1,DSN-30,4,64,30
VCG,1.0,0.6213378797931378,4.0531158447265625e-06,97.38352990809463,60.508075999867145,25,DSN-30,4,64,30
HoldBack,0.8832939650005054,0.6813635293379474,5.0067901611328125e-06,86.0182842582662,66.35358563756691,25,DSN-30,4,64,30
LIA,0.8940359577007263,0.827236737648298,1.811981201171875e-05,84.84329243590972,78.50410024505601,12,DSN-30,4,65,30
VCG,1.0,0.5547825968063183,3.814697265625e-06,94.89919471931414,52.64842168120954,27,DSN-30,4,65,30
HoldBack,0.8214219436049577,0.6950810739400788,5.0067901611328125e-06,77.95228097288435,65.96263418154952,27,DSN-30,4,65,30
LIA,0.8925475766233077,0.7736394354880345,1.8835067749023438e-05,88.41473280973577,76.63582958627818,19,DSN-30,4,66,30
VCG,1.0,0.6915155256661345,4.0531158447265625e-06,99.05884585360369,68.50072986233533,6,DSN-30,4,66,30
HoldBack,0.8275116696174573,0.5634202259583668,5.0067901611328125e-06,81.97235092269392,55.81175731401242,6,DSN-30,4,66,30
LIA,0.975517087649202,0.6769804983155937,1.811981201171875e-05,95.35137959380744,66.17108535540874,24,DSN-30,4,67,30
VCG,1.0,0.7005901527175856,4.0531158447265625e-06,97.74444835567657,68.47879800079961,23,DSN-30,4,67,30
HoldBack,0.9362306588040399,0.5900759280807581,5.0067901611328125e-06,91.51134927847252,57.67664607821759,23,DSN-30,4,67,30
LIA,0.9595652385183009,0.71447199779333,1.7881393432617188e-05,94.06134597634971,70.0360903846669,21,DSN-30,4,68,30
VCG,1.0,0.5567425779248721,4.0531158447265625e-06,98.02496193129423,54.5746700066162,0,DSN-30,4,68,30
HoldBack,0.8378384468527333,0.5795668843056382,5.0067901611328125e-06,82.12908185731386,56.81202177069899,0,DSN-30,4,68,30
LIA,0.9553582185527273,0.6537085075822898,1.811981201171875e-05,82.53496151135128,56.474948836135866,18,DSN-30,4,69,30
VCG,1.0,0.7076411668620299,3.0994415283203125e-06,86.39163814007226,61.134279620562985,9,DSN-30,4,69,30
HoldBack,0.942472293232858,0.679714775296097,4.76837158203125e-06,81.42172531401714,58.72167290584094,9,DSN-30,4,69,30
LIA,0.8919255720152154,0.6557487329351618,1.7881393432617188e-05,89.00593895083928,65.43767049849934,13,DSN-30,4,70,30
VCG,1.0,0.6902288169578485,3.814697265625e-06,99.79076925638468,68.87846460714805,5,DSN-30,4,70,30
HoldBack,0.9298779027834306,0.5034043241436638,5.0067901611328125e-06,92.79323123327222,50.23510475328663,5,DSN-30,4,70,30
LIA,0.935807005087356,0.8235728735894531,1.7881393432617188e-05,92.9795465437453,81.8282315859865,9,DSN-30,4,71,30
VCG,1.0,0.5888148984690846,4.0531158447265625e-06,99.35760903506575,58.50324047611325,11,DSN-30,4,71,30
HoldBack,0.9253345609743808,0.6302537154845179,3.814697265625e-06,91.93902953592674,62.620502256008294,11,DSN-30,4,71,30
LIA,0.9434812301413029,0.6942818375860745,1.811981201171875e-05,90.58046571409429,66.65566857749269,0,DSN-30,4,72,30
VCG,1.0,0.6225968107973874,4.0531158447265625e-06,96.00664307919328,59.7734297964688,20,DSN-30,4,72,30
HoldBack,0.89881886650115,0.7058895192737601,5.0067901611328125e-06,86.29258210902098,67.77008313025921,20,DSN-30,4,72,30
LIA,0.8824616062230647,0.6699404657121514,1.8835067749023438e-05,87.36274728803691,66.32338357986991,11,DSN-30,4,73,30
VCG,1.0,0.5629472145941321,4.0531158447265625e-06,98.99892150770098,55.731167110583385,20,DSN-30,4,73,30
HoldBack,0.8215902794301103,0.5754024351652316,4.76837158203125e-06,81.33655158479161,56.96422051426277,20,DSN-30,4,73,30
LIA,0.8877089320804276,0.8034249764100553,1.9788742065429688e-05,87.17749701771294,78.90038722579612,29,DSN-30,4,74,30
VCG,1.0,0.7993830620229052,4.291534423828125e-06,98.2050465724215,78.5034508351643,27,DSN-30,4,74,30
HoldBack,0.871711511509799,0.7051783260691527,4.76837158203125e-06,85.60646958553575,69.25207035348336,27,DSN-30,4,74,30
LIA,0.9190450557957777,0.8281020091105947,1.9073486328125e-05,91.35065397468672,82.31115505485575,15,DSN-30,4,75,30
VCG,1.0,0.7055185940098007,3.814697265625e-06,99.39736185794342,70.12668698629963,14,DSN-30,4,75,30
HoldBack,0.8222031226636339,0.5923792127155335,5.0067901611328125e-06,81.72482130412827,58.880930963409526,14,DSN-30,4,75,30
LIA,0.9275839357225585,0.8018614999022661,1.811981201171875e-05,89.9088885661216,77.72285985528269,24,DSN-30,4,76,30
VCG,1.0,0.6319985806631316,4.0531158447265625e-06,96.92803540855354,61.2583808046716,1,DSN-30,4,76,30
HoldBack,0.9391958247818981,0.5130617776961618,4.76837158203125e-06,91.03440616002547,49.730070155308994,1,DSN-30,4,76,30
LIA,0.9566250676858621,0.750711861125206,2.002716064453125e-05,88.1702459787155,69.19163180060471,12,DSN-30,4,77,30
VCG,1.0,0.5901643912279512,4.0531158447265625e-06,92.16802795269105,54.394288107380696,26,DSN-30,4,77,30
HoldBack,0.8468673344630305,0.6458687531984448,3.814697265625e-06,78.05409215500956,59.52844929856398,26,DSN-30,4,77,30
LIA,0.8605156762198635,0.6774822912701463,1.8358230590820312e-05,85.3071017149989,67.16211258971461,1,DSN-30,4,78,30
VCG,1.0,0.5843401543426515,3.814697265625e-06,99.13486072646835,57.92847981764178,11,DSN-30,4,78,30
HoldBack,0.8216631646874925,0.6058182580987851,4.0531158447265625e-06,81.4554633953638,60.05770864217472,11,DSN-30,4,78,30
LIA,0.9046696862796108,0.8016204331607947,1.7881393432617188e-05,84.39099340927054,74.77817121275845,9,DSN-30,4,79,30
VCG,1.0,0.7937792207894795,4.0531158447265625e-06,93.28376388549333,74.04671340933668,2,DSN-30,4,79,30
HoldBack,0.8058866485379339,0.6251892578903961,4.76837158203125e-06,75.17613984068417,58.320007116794514,2,DSN-30,4,79,30
LIA,0.869137916940167,0.7973144304056088,1.7881393432617188e-05,82.79891715674827,75.95661193041548,4,DSN-30,4,80,30
VCG,1.0,0.6886794881096996,4.0531158447265625e-06,95.26556780337579,65.60744246930872,9,DSN-30,4,80,30
HoldBack,0.840946478272537,0.6609413773280779,5.245208740234375e-06,80.11324374488245,62.964955595904584,9,DSN-30,4,80,30
LIA,0.9050923836731142,0.8360854762253648,1.7881393432617188e-05,88.59699400495559,81.84209839900952,18,DSN-30,4,81,30
VCG,1.0,0.643719635469358,3.814697265625e-06,97.88723847769505,63.01193746996397,1,DSN-30,4,81,30
HoldBack,0.9362556052322595,0.5031330242232914,4.0531158447265625e-06,91.6474757054489,49.250302328149246,1,DSN-30,4,81,30
LIA,0.8535528774441109,0.7777127804023852,1.8835067749023438e-05,84.40098984646272,76.90177166147973,16,DSN-30,4,82,30
VCG,1.0,0.6562432714548817,4.291534423828125e-06,98.88196979570155,64.89062734663399,4,DSN-30,4,82,30
HoldBack,0.8677807413113382,0.6581255996762004,4.76837158203125e-06,85.80786905163924,65.07675566896002,4,DSN-30,4,82,30
LIA,0.8900084338874623,0.660249677323828,1.811981201171875e-05,87.9200136594156,65.22315793726037,15,DSN-30,4,83,30
VCG,1.0,0.6201937629825864,3.814697265625e-06,98.785596081815,61.266210562458696,10,DSN-30,4,83,30
HoldBack,0.9160173302341197,0.5901849723925157,5.245208740234375e-06,90.4893179884503,58.30177429632419,10,DSN-30,4,83,30
LIA,0.9432276873212057,0.8382488769738536,1.811981201171875e-05,93.59248528522676,83.17588291576166,6,DSN-30,4,84,30
VCG,1.0,0.7664264835830421,4.0531158447265625e-06,99.22576122742132,76.04925125838308,24,DSN-30,4,84,30
HoldBack,0.8303009114992728,0.5033617905892506,4.0531158447265625e-06,82.38723999133711,49.946456844016225,24,DSN-30,4,84,30
LIA,0.9423122277154387,0.7740400749107672,1.9073486328125e-05,92.49403592532221,75.97703647548944,0,DSN-30,4,85,30
VCG,1.0,0.6062206134165117,4.0531158447265625e-06,98.15646364853683,59.504471603811524,29,DSN-30,4,85,30
HoldBack,0.8690137163174766,0.6696464390694237,4.76837158203125e-06,85.29931325579629,65.73012635389001,29,DSN-30,4,85,30
LIA,0.8988095108971518,0.7734320825916011,1.811981201171875e-05,89.6799977109834,77.17028642385243,6,DSN-30,4,86,30
VCG,1.0,0.6316355984537392,3.814697265625e-06,99.7764227277355,63.02234048120647,14,DSN-30,4,86,30
HoldBack,0.9027560717827071,0.7325063377916574,5.245208740234375e-06,90.07377143822131,73.08686201024582,14,DSN-30,4,86,30
LIA,0.9525738755041259,0.7067031958409801,1.7881393432617188e-05,90.2474256952794,66.9534886430959,3,DSN-30,4,87,30
VCG,1.0,0.7458235499805146,4.0531158447265625e-06,94.74060544387511,70.6597746794542,8,DSN-30,4,87,30
HoldBack,0.8202476335929325,0.7495077366423925,5.0067901611328125e-06,77.71075742050026,71.00881675436877,8,DSN-30,4,87,30
LIA,0.8756414442057834,0.657595273200514,1.8835067749023438e-05,86.990261542213,65.32854878348152,2,DSN-30,4,88,30
VCG,1.0,0.5896180624013083,4.0531158447265625e-06,99.34461430284875,58.575378995250986,25,DSN-30,4,88,30
HoldBack,0.9271083307061254,0.7338945754655885,4.76837158203125e-06,92.10321953095799,72.90847353858182,25,DSN-30,4,88,30
LIA,0.8731195036786654,0.7270437019817448,1.9073486328125e-05,86.20109053645811,71.77936091730605,27,DSN-30,4,89,30
VCG,1.0,0.7188175290963356,3.814697265625e-06,98.72771158274656,70.96720969324555,20,DSN-30,4,89,30
HoldBack,0.8302361243621008,0.6610505529921871,4.291534423828125e-06,81.9673126315988,65.26400833742777,20,DSN-30,4,89,30
LIA,0.911704428043806,0.705971522237436,1.7881393432617188e-05,89.00447723602544,68.91995294471137,5,DSN-30,4,90,30
VCG,1.0,0.7778766017176584,4.0531158447265625e-06,97.62426779805978,75.93963367992937,21,DSN-30,4,90,30
HoldBack,0.9289773587633604,0.6139400459828663,4.76837158203125e-06,90.69073445024856,59.93544746098448,21,DSN-30,4,90,30
LIA,0.9799491246283613,0.7226785636721988,1.811981201171875e-05,96.26388606324173,70.99128430781633,27,DSN-30,4,91,30
VCG,1.0,0.7083019723455686,4.0531158447265625e-06,98.2335548284194,69.57902063548602,17,DSN-30,4,91,30
HoldBack,0.8261430811063758,0.7080743822389077,5.245208740234375e-06,81.1549716539825,69.55666365026494,17,DSN-30,4,91,30
LIA,0.9348926155911638,0.8330142834936002,1.9073486328125e-05,92.92155176998213,82.7955837685587,0,DSN-30,4,92,30
VCG,1.0,0.7897605737008914,3.0994415283203125e-06,99.3927540129566,78.49647843098418,17,DSN-30,4,92,30
HoldBack,0.9384847609133075,0.6249062943979802,5.0067901611328125e-06,93.27858498636476,62.111157600246685,17,DSN-30,4,92,30
LIA,0.8938149260912236,0.6687566196485346,1.7881393432617188e-05,87.75668700195754,65.65997460753289,23,DSN-30,4,93,30
VCG,1.0,0.6951034954809491,4.0531158447265625e-06,98.18216773994779,68.24676798993458,23,DSN-30,4,93,30
HoldBack,0.9401891783343788,0.7452280759444243,5.0067901611328125e-06,92.30981161450966,73.16810795689402,23,DSN-30,4,93,30
LIA,0.949222953467278,0.7496698032883271,1.7881393432617188e-05,92.48355578371877,73.04093186804245,24,DSN-30,4,94,30
VCG,1.0,0.6384140126703348,3.814697265625e-06,97.43080426563547,62.20119070892232,0,DSN-30,4,94,30
HoldBack,0.8838241498637451,0.6296285812694564,4.0531158447265625e-06,86.11169775061623,61.34521906171417,0,DSN-30,4,94,30
LIA,0.9059842909122231,0.6963097083637458,1.7881393432617188e-05,90.29549479304632,69.3981455049288,14,DSN-30,4,95,30
VCG,1.0,0.6816699504690732,4.291534423828125e-06,99.66562963484613,67.93906481665455,5,DSN-30,4,95,30
HoldBack,0.9069397231358356,0.672383586673633,4.76837158203125e-06,90.39071854718608,67.01353352196377,5,DSN-30,4,95,30
LIA,0.8713455027478576,0.7650889978902554,1.811981201171875e-05,86.64040500939237,76.07501322540665,23,DSN-30,4,96,30
VCG,1.0,0.5726848719701481,3.814697265625e-06,99.4328939968875,56.94371416822882,24,DSN-30,4,96,30
HoldBack,0.8056597572408167,0.5907041503851309,5.245208740234375e-06,80.10908123928425,58.73542316876622,24,DSN-30,4,96,30
LIA,0.9262602067621218,0.6878293906690901,1.9073486328125e-05,92.36891311011675,68.59201416348255,17,DSN-30,4,97,30
VCG,1.0,0.7689978307560625,4.0531158447265625e-06,99.72242404000687,76.68632776450151,23,DSN-30,4,97,30
HoldBack,0.8314310376389558,0.6173883762902318,4.76837158203125e-06,82.91231849545485,61.56746545778582,23,DSN-30,4,97,30
LIA,0.9286921582816136,0.7263148782857226,1.7881393432617188e-05,87.03906215679463,68.07182043346789,29,DSN-30,4,98,30
VCG,1.0,0.5909316916620654,2.86102294921875e-06,93.72218918898332,55.38341180371805,4,DSN-30,4,98,30
HoldBack,0.8917812765332285,0.6615384430456501,4.76837158203125e-06,83.5796935144403,62.000831114909886,4,DSN-30,4,98,30
LIA,0.8707330773504312,0.6748012729913999,2.1696090698242188e-05,86.12639152937169,66.7462855770044,26,DSN-30,4,99,30
VCG,1.0,0.6975312175061091,4.0531158447265625e-06,98.9125069090601,68.99456137085812,29,DSN-30,4,99,30
HoldBack,0.8199881924108827,0.7443634775676071,5.245208740234375e-06,81.10708774718914,73.62685761775793,29,DSN-30,4,99,30
